227741703
227741713
227741723
227741733
227741743
227741753
227741763
227741773
227741783
227741793
227741803
227741813
227741823
227741833
227741843
227741853
227741863
227741873
227741883
227741893
227741903
227741913
227741923
227741933
227741943
227741953
227741963
227741973
227741983
227741993
227742003
227742013
227742023
227742033
227742043
227742053
227742063
227742073
227742083
227742093
227742103
227742113
227742123
227742133
227742143
227742153
227742163
227742173
227742183
227742193
227742203
227742213
227742223
227742233
227742243
227742253
227742263
227742273
227742283
227742293
227742303
227742313
227742323
227742333
227742343
227742353
227742363
227742373
227742383
227742393
227742403
227742413
227742423
227742433
227742443
227742453
227742463
227742473
227742483
227742493
227742503
227742513
227742523
227742533
227742543
227742553
227742563
227742573
227742583
227742593
227742603
227742613
227742623
227742633
227742643
227742653
227742663
227742673
227742683
227742693
227742703
227742713
227742723
227742733
227742743
227742753
227742763
227742773
227742783
227742793
227742803
227742813
227742823
227742833
227742843
227742853
227742863
227742873
227742883
227742893
227742903
227742913
227742923
227742933
227742943
227742953
227742963
227742973
227742983
227742993
227743003
227743013
227743023
227743033
227743043
227743053
227743063
227743073
227743083
227743093
227743103
227743113
227743123
227743133
227743143
227743153
227743163
227743173
227743183
227743193
227743203
227743213
227743223
227743233
227743243
227743253
227743263
227743273
227743283
227743293
227743303
227743313
227743323
227743333
227743343
227743353
227743363
227743373
227743383
227743393
227743403
227743413
227743423
227743433
227743443
227743453
227743463
227743473
227743483
227743493
227743503
227743513
227743523
227743533
227743543
227743553
227743563
227743573
227743583
227743593
227743603
227743613
227743623
227743633
227743643
227743653
227743663
227743673
227743683
227743693
227743703
227743713
227743723
227743733
227743743
227743753
227743763
227743773
227743783
227743793
227743803
227743813
227743823
227743833
227743843
227743853
227743863
227743873
227743883
227743893
227743903
227743913
227743923
227743933
227743943
227743953
227743963
227743973
227743983
227743993
227744003
227744013
227744023
227744033
227744043
227744053
227744063
227744073
227744083
227744093
227744103
227744113
227744123
227744133
227744143
227744153
227744163
227744173
227744183
227744193
227744203
227744213
227744223
227744233
227744243
227744253
227744263
227744273
227744283
227744293
227744303
227744313
227744323
227744333
227744343
227744353
227744363
227744373
227744383
227744393
227744403
227744413
227744423
227744433
227744443
227744453
227744463
227744473
227744483
227744493
227744503
227744513
227744523
227744533
227744543
227744553
227744563
227744573
227744583
227744593
227744603
227744613
227744623
227744633
227744643
227744653
227744663
227744673
227744683
227744693
227744703
227744713
227744723
227744733
227744743
227744753
227744763
227744773
227744783
227744793
227744803
227744813
227744823
227744833
227744843
227744853
227744863
227744873
227744883
227744893
227744903
227744913
227744923
227744933
227744943
227744953
227744963
227744973
227744983
227744993
227745003
227745013
227745023
227745033
227745043
227745053
227745063
227745073
227745083
227745093
227745103
227745113
227745123
227745133
227745143
227745153
227745163
227745173
227745183
227745193
227745203
227745213
227745223
227745233
227745243
227745253
227745263
227745273
227745283
227745293
227745303
227745313
227745323
227745333
227745343
227745353
227745363
227745373
227745383
227745393
227745403
227745413
227745423
227745433
227745443
227745453
227745463
227745473
227745483
227745493
227745503
227745513
227745523
227745533
227745543
227745553
227745563
227745573
227745583
227745593
227745603
227745613
227745623
227745633
227745643
227745653
227745663
227745673
227745683
227745693
227745703
227745713
227745723
227745733
227745743
227745753
227745763
227745773
227745783
227569665
227569675
227569685
227569695
227569705
227569715
227569725
227569735
227569745
227569755
227569765
227569775
227569785
227569795
227569805
227569815
227569825
227569835
227569845
227569855
227569865
227569875
227569885
227569895
227569905
227569915
227569925
227569935
227569945
227569955
227569965
227569975
227569985
227569995
227570005
227570015
227570025
227570035
227570045
227570055
227570065
227570075
227570085
227570095
227570105
227570115
227570125
227570135
227570145
227570155
227570165
227570175
227570185
227570195
227570205
227570215
227570225
227570235
227570245
227570255
227570265
227570275
227570285
227570295
227570305
227570315
227570325
227570335
227570345
227570355
227570365
227570375
227570385
227570395
227570405
227570415
227570425
227570435
227570445
227570455
227570465
227570475
227570485
227570495
227570505
227570515
227570525
227570535
227570545
227570555
227570565
227570575
227570585
227570595
227570605
227570615
227570625
227570635
227570645
227570655
227570665
227570675
227570685
227570695
227570705
227570715
227570725
227570735
227570745
227570755
227570765
227570775
227570785
227570795
227570805
227570815
227570825
227570835
227570845
227570855
227570865
227570875
227570885
227570895
227570905
227570915
227570925
227570935
227570945
227570955
227570965
227570975
227570985
227570995
227571005
227571015
227571025
227571035
227571045
227571055
227571065
227571075
227571085
227571095
227571105
227571115
227571125
227571135
227571145
227571155
227571165
227571175
227571185
227571195
227571205
227571215
227571225
227571235
227571245
227571255
227571265
227571275
227571285
227571295
227571305
227571315
227571325
227571335
227571345
227571355
227571365
227571375
227571385
227571395
227571405
227571415
227571425
227571435
227571445
227571455
227571465
227571475
227571485
227571495
227571505
227571515
227571525
227571535
227571545
227571555
227571565
227571575
227571585
227571595
227571605
227571615
227571625
227571635
227571645
227571655
227571665
227571675
227571685
227571695
227571705
227571715
227571725
227571735
227571745
227571755
227571765
227571775
227571785
227571795
227571805
227571815
227571825
227571835
227571845
227571855
227571865
227571875
227571885
227571895
227571905
227571915
227571925
227571935
227571945
227571955
227571965
227571975
227571985
227571995
227572005
227572015
227572025
227572035
227572045
227572055
227572065
227572075
227572085
227572095
227572105
227572115
227572125
227572135
227572145
227572155
227572165
227572175
227572185
227572195
227572205
227572215
227572225
227572235
227572245
227572255
227572265
227572275
227572285
227572295
227572305
227572315
227572325
227572335
227572345
227572355
227572365
227572375
227572385
227572395
227572405
227572415
227572425
227572435
227572445
227572455
227572465
227572475
227572485
227572495
227572505
227572515
227572525
227572535
227572545
227572555
227572565
227572575
227572585
227572595
227572605
227572615
227572625
227572635
227572645
227572655
227572665
227572675
227572685
227572695
227572705
227572715
227572725
227572735
227572745
227572755
227572765
227572775
227572785
227572795
227572805
227572815
227572825
227572835
227572845
227572855
227572865
227572875
227572885
227572895
227572905
227572915
227572925
227572935
227572945
227572955
227572965
227572975
227572985
227572995
227573005
227573015
227573025
227573035
227573045
227573055
227573065
227573075
227573085
227573095
227573105
227573115
227573125
227573135
227573145
227573155
227573165
227573175
227573185
227573195
227573205
227573215
227573225
227573235
227573245
227573255
227573265
227573275
227573285
227573295
227573305
227573315
227573325
227573335
227573345
227573355
227573365
227573375
227573385
227573395
227573405
227573415
227573425
227573435
227573445
227573455
227573465
227573475
227573485
227573495
227573505
227573515
227573525
227573535
227573545
227573555
227573565
227573575
227573585
227573595
227573605
227573615
227573625
227573635
227573645
227573655
227573665
227573675
227573685
227573695
227573705
227573715
227573725
227573735
227573745
227573755
227581957
227581967
227581977
227581987
227581997
227582007
227582017
227582027
227582037
227582047
227582057
227582067
227582077
227582087
227582097
227582107
227582117
227582127
227582137
227582147
227582157
227582167
227582177
227582187
227582197
227582207
227582217
227582227
227582237
227582247
227582257
227582267
227582277
227582287
227582297
227582307
227582317
227582327
227582337
227582347
227582357
227582367
227582377
227582387
227582397
227582407
227582417
227582427
227582437
227582447
227582457
227582467
227582477
227582487
227582497
227582507
227582517
227582527
227582537
227582547
227582557
227582567
227582577
227582587
227582597
227582607
227582617
227582627
227582637
227582647
227582657
227582667
227582677
227582687
227582697
227582707
227582717
227582727
227582737
227582747
227582757
227582767
227582777
227582787
227582797
227582807
227582817
227582827
227582837
227582847
227582857
227582867
227582877
227582887
227582897
227582907
227582917
227582927
227582937
227582947
227582957
227582967
227582977
227582987
227582997
227583007
227583017
227583027
227583037
227583047
227583057
227583067
227583077
227583087
227583097
227583107
227583117
227583127
227583137
227583147
227583157
227583167
227583177
227583187
227583197
227583207
227583217
227583227
227583237
227583247
227583257
227583267
227583277
227583287
227583297
227583307
227583317
227583327
227583337
227583347
227583357
227583367
227583377
227583387
227583397
227583407
227583417
227583427
227583437
227583447
227583457
227583467
227583477
227583487
227583497
227583507
227583517
227583527
227583537
227583547
227583557
227583567
227583577
227583587
227583597
227583607
227583617
227583627
227583637
227583647
227583657
227583667
227583677
227583687
227583697
227583707
227583717
227583727
227583737
227583747
227583757
227583767
227583777
227583787
227583797
227583807
227583817
227583827
227583837
227583847
227583857
227583867
227583877
227583887
227583897
227583907
227583917
227583927
227583937
227583947
227583957
227583967
227583977
227583987
227583997
227584007
227584017
227584027
227584037
227584047
227584057
227584067
227584077
227584087
227584097
227584107
227584117
227584127
227584137
227584147
227584157
227584167
227584177
227584187
227584197
227584207
227584217
227584227
227584237
227584247
227584257
227584267
227584277
227584287
227584297
227584307
227584317
227584327
227584337
227584347
227584357
227584367
227584377
227584387
227584397
227584407
227584417
227584427
227584437
227584447
227584457
227584467
227584477
227584487
227584497
227584507
227584517
227584527
227584537
227584547
227584557
227584567
227584577
227584587
227584597
227584607
227584617
227584627
227584637
227584647
227584657
227584667
227584677
227584687
227584697
227584707
227584717
227584727
227584737
227584747
227584757
227584767
227584777
227584787
227584797
227584807
227584817
227584827
227584837
227584847
227584857
227584867
227584877
227584887
227584897
227584907
227584917
227584927
227584937
227584947
227584957
227584967
227584977
227584987
227584997
227585007
227585017
227585027
227585037
227585047
227585057
227585067
227585077
227585087
227585097
227585107
227585117
227585127
227585137
227585147
227585157
227585167
227585177
227585187
227585197
227585207
227585217
227585227
227585237
227585247
227585257
227585267
227585277
227585287
227585297
227585307
227585317
227585327
227585337
227585347
227585357
227585367
227585377
227585387
227585397
227585407
227585417
227585427
227585437
227585447
227585457
227585467
227585477
227585487
227585497
227585507
227585517
227585527
227585537
227585547
227585557
227585567
227585577
227585587
227585597
227585607
227585617
227585627
227585637
227585647
227585657
227585667
227585677
227585687
227585697
227585707
227585717
227585727
227585737
227585747
227585757
227585767
227585777
227585787
227585797
227585807
227585817
227585827
227585837
227585847
227585857
227585867
227585877
227585887
227585897
227585907
227585917
227585927
227585937
227585947
227585957
227585967
227585977
227585987
227585997
227586007
227586017
227586027
227586037
227586047
227672065
227672075
227672085
227672095
227672105
227672115
227672125
227672135
227672145
227672155
227672165
227672175
227672185
227672195
227672205
227672215
227672225
227672235
227672245
227672255
227672265
227672275
227672285
227672295
227672305
227672315
227672325
227672335
227672345
227672355
227672365
227672375
227672385
227672395
227672405
227672415
227672425
227672435
227672445
227672455
227672465
227672475
227672485
227672495
227672505
227672515
227672525
227672535
227672545
227672555
227672565
227672575
227672585
227672595
227672605
227672615
227672625
227672635
227672645
227672655
227672665
227672675
227672685
227672695
227672705
227672715
227672725
227672735
227672745
227672755
227672765
227672775
227672785
227672795
227672805
227672815
227672825
227672835
227672845
227672855
227672865
227672875
227672885
227672895
227672905
227672915
227672925
227672935
227672945
227672955
227672965
227672975
227672985
227672995
227673005
227673015
227673025
227673035
227673045
227673055
227673065
227673075
227673085
227673095
227673105
227673115
227673125
227673135
227673145
227673155
227673165
227673175
227673185
227673195
227673205
227673215
227673225
227673235
227673245
227673255
227673265
227673275
227673285
227673295
227673305
227673315
227673325
227673335
227673345
227673355
227673365
227673375
227673385
227673395
227673405
227673415
227673425
227673435
227673445
227673455
227673465
227673475
227673485
227673495
227673505
227673515
227673525
227673535
227673545
227673555
227673565
227673575
227673585
227673595
227673605
227673615
227673625
227673635
227673645
227673655
227673665
227673675
227673685
227673695
227673705
227673715
227673725
227673735
227673745
227673755
227673765
227673775
227673785
227673795
227673805
227673815
227673825
227673835
227673845
227673855
227673865
227673875
227673885
227673895
227673905
227673915
227673925
227673935
227673945
227673955
227673965
227673975
227673985
227673995
227674005
227674015
227674025
227674035
227674045
227674055
227674065
227674075
227674085
227674095
227674105
227674115
227674125
227674135
227674145
227674155
227674165
227674175
227674185
227674195
227674205
227674215
227674225
227674235
227674245
227674255
227674265
227674275
227674285
227674295
227674305
227674315
227674325
227674335
227674345
227674355
227674365
227674375
227674385
227674395
227674405
227674415
227674425
227674435
227674445
227674455
227674465
227674475
227674485
227674495
227674505
227674515
227674525
227674535
227674545
227674555
227674565
227674575
227674585
227674595
227674605
227674615
227674625
227674635
227674645
227674655
227674665
227674675
227674685
227674695
227674705
227674715
227674725
227674735
227674745
227674755
227674765
227674775
227674785
227674795
227674805
227674815
227674825
227674835
227674845
227674855
227674865
227674875
227674885
227674895
227674905
227674915
227674925
227674935
227674945
227674955
227674965
227674975
227674985
227674995
227675005
227675015
227675025
227675035
227675045
227675055
227675065
227675075
227675085
227675095
227675105
227675115
227675125
227675135
227675145
227675155
227675165
227675175
227675185
227675195
227675205
227675215
227675225
227675235
227675245
227675255
227675265
227675275
227675285
227675295
227675305
227675315
227675325
227675335
227675345
227675355
227675365
227675375
227675385
227675395
227675405
227675415
227675425
227675435
227675445
227675455
227675465
227675475
227675485
227675495
227675505
227675515
227675525
227675535
227675545
227675555
227675565
227675575
227675585
227675595
227675605
227675615
227675625
227675635
227675645
227675655
227675665
227675675
227675685
227675695
227675705
227675715
227675725
227675735
227675745
227675755
227675765
227675775
227675785
227675795
227675805
227675815
227675825
227675835
227675845
227675855
227675865
227675875
227675885
227675895
227675905
227675915
227675925
227675935
227675945
227675955
227675965
227675975
227675985
227675995
227676005
227676015
227676025
227676035
227676045
227676055
227676065
227676075
227676085
227676095
227676105
227676115
227676125
227676135
227676145
227676155
227663877
227663887
227663897
227663907
227663917
227663927
227663937
227663947
227663957
227663967
227663977
227663987
227663997
227664007
227664017
227664027
227664037
227664047
227664058
227664067
227664077
227664087
227664097
227664107
227664117
227664127
227664137
227664147
227664157
227664167
227664177
227664187
227664197
227664207
227664217
227664227
227664237
227664247
227664257
227664267
227664277
227664287
227664297
227664307
227664317
227664327
227664337
227664347
227664357
227664367
227664377
227664387
227664397
227664407
227664417
227664427
227664437
227664447
227664457
227664467
227664477
227664487
227664497
227664507
227664517
227664527
227664537
227664547
227664557
227664567
227664577
227664587
227664597
227664607
227664617
227664627
227664637
227664647
227664657
227664667
227664677
227664687
227664697
227664707
227664717
227664727
227664737
227664747
227664757
227664767
227664777
227664787
227664797
227664807
227664817
227664827
227664837
227664847
227664857
227664867
227664877
227664887
227664897
227664907
227664917
227664927
227664937
227664947
227664957
227664967
227664977
227664987
227664997
227665007
227665017
227665027
227665037
227665047
227665057
227665067
227665077
227665087
227665097
227665107
227665117
227665127
227665137
227665147
227665157
227665167
227665177
227665187
227665197
227665207
227665217
227665227
227665237
227665247
227665257
227665267
227665277
227665287
227665297
227665307
227665317
227665327
227665337
227665347
227665357
227665367
227665377
227665387
227665397
227665407
227665417
227665427
227665437
227665447
227665457
227665467
227665477
227665487
227665497
227665507
227665517
227665527
227665537
227665547
227665557
227665567
227665577
227665587
227665597
227665607
227665617
227665627
227665637
227665647
227665657
227665667
227665677
227665687
227665697
227665707
227665717
227665727
227665737
227665747
227665757
227665767
227665777
227665787
227665797
227665807
227665817
227665827
227665837
227665847
227665857
227665867
227665877
227665887
227665897
227665907
227665917
227665927
227665937
227665947
227665957
227665967
227665977
227665987
227665997
227666007
227666017
227666027
227666037
227666047
227666057
227666067
227666077
227666087
227666097
227666107
227666117
227666127
227666137
227666147
227666157
227666167
227666177
227666187
227666197
227666207
227666217
227666227
227666237
227666247
227666257
227666267
227666277
227666287
227666297
227666307
227666317
227666327
227666337
227666347
227666357
227666367
227666377
227666387
227666397
227666407
227666417
227666427
227666437
227666447
227666457
227666467
227666477
227666487
227666497
227666507
227666517
227666527
227666537
227666547
227666557
227666567
227666577
227666587
227666597
227666607
227666617
227666627
227666637
227666647
227666657
227666667
227666677
227666687
227666697
227666707
227666717
227666727
227666737
227666747
227666757
227666767
227666777
227666787
227666797
227666807
227666817
227666827
227666837
227666847
227666857
227666867
227666877
227666887
227666897
227666907
227666917
227666927
227666937
227666947
227666957
227666967
227666977
227666987
227666997
227667007
227667017
227667027
227667037
227667047
227667057
227667067
227667077
227667087
227667097
227667107
227667117
227667127
227667137
227667147
227667157
227667167
227667177
227667187
227667197
227667207
227667217
227667227
227667237
227667247
227667257
227667267
227667277
227667287
227667297
227667307
227667317
227667327
227667337
227667347
227667357
227667367
227667377
227667387
227667397
227667407
227667417
227667427
227667437
227667447
227667457
227667467
227667477
227667487
227667497
227667507
227667517
227667527
227667537
227667547
227667557
227667567
227667577
227667587
227667597
227667607
227667617
227667627
227667637
227667647
227667657
227667667
227667677
227667687
227667697
227667707
227667717
227667727
227667737
227667747
227667757
227667767
227667777
227667787
227667797
227667807
227667817
227667827
227667837
227667847
227667857
227667867
227667877
227667887
227667897
227667907
227667917
227667927
227667937
227667947
227667957
227667967
227688457
227688467
227688477
227688487
227688497
227688507
227688517
227688527
227688537
227688547
227688557
227688567
227688577
227688587
227688597
227688607
227688617
227688627
227688637
227688647
227688657
227688667
227688677
227688687
227688697
227688707
227688717
227688727
227688737
227688747
227688757
227688767
227688777
227688787
227688797
227688807
227688817
227688827
227688837
227688847
227688857
227688867
227688877
227688887
227688897
227688907
227688917
227688927
227688937
227688947
227688957
227688967
227688977
227688987
227688997
227689007
227689017
227689027
227689037
227689047
227689057
227689067
227689078
227689087
227689097
227689107
227689117
227689127
227689137
227689147
227689157
227689167
227689177
227689187
227689197
227689207
227689217
227689227
227689237
227689247
227689257
227689267
227689277
227689287
227689297
227689307
227689317
227689327
227689337
227689347
227689357
227689367
227689377
227689387
227689397
227689407
227689417
227689427
227689437
227689447
227689457
227689467
227689477
227689487
227689497
227689507
227689517
227689527
227689537
227689547
227689557
227689567
227689577
227689587
227689597
227689607
227689617
227689627
227689637
227689647
227689657
227689667
227689677
227689687
227689697
227689707
227689717
227689727
227689737
227689747
227689757
227689767
227689777
227689787
227689797
227689807
227689817
227689827
227689837
227689847
227689857
227689867
227689877
227689887
227689897
227689907
227689917
227689927
227689937
227689947
227689957
227689967
227689977
227689987
227689997
227690007
227690017
227690027
227690037
227690047
227690057
227690067
227690077
227690087
227690097
227690107
227690117
227690127
227690137
227690147
227690157
227690167
227690177
227690187
227690197
227690207
227690217
227690227
227690237
227690247
227690257
227690267
227690277
227690287
227690297
227690307
227690317
227690327
227690337
227690347
227690357
227690367
227690377
227690387
227690397
227690407
227690417
227690427
227690437
227690447
227690457
227690467
227690477
227690487
227690497
227690507
227690517
227690527
227690537
227690547
227690557
227690567
227690577
227690587
227690597
227690607
227690617
227690627
227690637
227690647
227690657
227690667
227690677
227690687
227690697
227690707
227690717
227690727
227690737
227690747
227690757
227690767
227690777
227690787
227690797
227690807
227690817
227690827
227690837
227690847
227690857
227690867
227690877
227690887
227690897
227690907
227690917
227690927
227690937
227690947
227690957
227690967
227690977
227690987
227690997
227691007
227691017
227691027
227691037
227691047
227691057
227691067
227691077
227691087
227691097
227691107
227691117
227691127
227691137
227691147
227691157
227691167
227691177
227691187
227691197
227691207
227691217
227691227
227691237
227691247
227691257
227691267
227691277
227691287
227691297
227691307
227691317
227691327
227691337
227691347
227691357
227691367
227691377
227691387
227691397
227691407
227691417
227691427
227691437
227691447
227691457
227691467
227691477
227691487
227691497
227691507
227691517
227691527
227691537
227691547
227691557
227691567
227691577
227691587
227691597
227691607
227691617
227691627
227691637
227691647
227691657
227691667
227691677
227691687
227691697
227691707
227691717
227691727
227691737
227691747
227691757
227691767
227691777
227691787
227691797
227691807
227691817
227691827
227691837
227691847
227691857
227691867
227691877
227691887
227691897
227691907
227691917
227691927
227691937
227691947
227691957
227691967
227691977
227691987
227691997
227692007
227692017
227692027
227692037
227692047
227692057
227692067
227692077
227692087
227692097
227692107
227692117
227692127
227692137
227692147
227692157
227692167
227692177
227692187
227692197
227692207
227692217
227692227
227692237
227692247
227692257
227692267
227692277
227692287
227692297
227692307
227692317
227692327
227692337
227692347
227692357
227692367
227692377
227692387
227692397
227692407
227692417
227692427
227692437
227692447
227692457
227692467
227692477
227692487
227692497
227692507
227692517
227692527
227692537
227622919
227622929
227622939
227622949
227622959
227622969
227622979
227622989
227622999
227623009
227623019
227623029
227623039
227623049
227623059
227623069
227623079
227623089
227623099
227623109
227623119
227623129
227623139
227623149
227623159
227623169
227623179
227623189
227623199
227623209
227623219
227623229
227623239
227623249
227623259
227623269
227623279
227623289
227623299
227623309
227623319
227623329
227623339
227623349
227623359
227623369
227623379
227623389
227623399
227623409
227623419
227623429
227623439
227623449
227623459
227623469
227623479
227623489
227623499
227623509
227623519
227623529
227623539
227623549
227623559
227623569
227623579
227623589
227623599
227623609
227623619
227623629
227623639
227623649
227623659
227623669
227623679
227623689
227623699
227623709
227623719
227623729
227623739
227623749
227623759
227623769
227623779
227623789
227623799
227623809
227623819
227623829
227623839
227623849
227623859
227623869
227623879
227623889
227623899
227623909
227623919
227623929
227623939
227623949
227623959
227623969
227623979
227623989
227623999
227624009
227624019
227624029
227624039
227624049
227624059
227624069
227624079
227624089
227624099
227624109
227624119
227624129
227624139
227624149
227624159
227624169
227624179
227624189
227624199
227624209
227624219
227624229
227624239
227624249
227624259
227624269
227624279
227624289
227624299
227624309
227624319
227624329
227624339
227624349
227624359
227624369
227624379
227624389
227624399
227624409
227624419
227624429
227624439
227624449
227624459
227624469
227624479
227624489
227624499
227624509
227624519
227624529
227624539
227624549
227624559
227624569
227624579
227624589
227624599
227624609
227624619
227624629
227624639
227624649
227624659
227624669
227624679
227624689
227624699
227624709
227624719
227624729
227624739
227624749
227624759
227624769
227624779
227624789
227624799
227624809
227624819
227624829
227624839
227624849
227624859
227624869
227624879
227624889
227624899
227624909
227624919
227624929
227624939
227624949
227624959
227624969
227624979
227624989
227624999
227625009
227625019
227625029
227625039
227625049
227625059
227625069
227625079
227625089
227625099
227625109
227625119
227625129
227625139
227625149
227625159
227625169
227625179
227625189
227625199
227625209
227625219
227625229
227625239
227625249
227625259
227625269
227625279
227625289
227625299
227625309
227625319
227625329
227625339
227625349
227625359
227625369
227625379
227625389
227625399
227625409
227625419
227625429
227625439
227625449
227625459
227625469
227625479
227625489
227625499
227625509
227625519
227625529
227625539
227625549
227625559
227625569
227625579
227625589
227625599
227625609
227625619
227625629
227625639
227625649
227625659
227625669
227625679
227625689
227625699
227625709
227625719
227625729
227625739
227625749
227625759
227625769
227625779
227625789
227625799
227625809
227625819
227625829
227625839
227625849
227625859
227625869
227625879
227625889
227625899
227625909
227625919
227625929
227625939
227625949
227625959
227625969
227625979
227625989
227625999
227626009
227626019
227626029
227626039
227626049
227626059
227626069
227626079
227626089
227626099
227626109
227626119
227626129
227626139
227626149
227626159
227626169
227626179
227626189
227626199
227626209
227626219
227626229
227626239
227626249
227626259
227626269
227626279
227626289
227626299
227626309
227626319
227626329
227626339
227626349
227626359
227626369
227626379
227626389
227626399
227626409
227626419
227626429
227626439
227626449
227626459
227626469
227626479
227626489
227626499
227626509
227626519
227626529
227626539
227626549
227626559
227626569
227626579
227626589
227626599
227626609
227626619
227626629
227626639
227626649
227626659
227626669
227626679
227626689
227626699
227626709
227626719
227626729
227626739
227626749
227626759
227626769
227626779
227626789
227626799
227626809
227626819
227626829
227626839
227626849
227626859
227626869
227626879
227626889
227626899
227626909
227626919
227626929
227626939
227626949
227626959
227626969
227626979
227626989
227626999
227774465
227774475
227774485
227774495
227774505
227774515
227774525
227774535
227774545
227774555
227774565
227774575
227774585
227774595
227774605
227774615
227774625
227774635
227774645
227774655
227774665
227774675
227774685
227774695
227774705
227774715
227774725
227774735
227774745
227774755
227774765
227774775
227774785
227774795
227774805
227774815
227774825
227774835
227774845
227774855
227774865
227774875
227774885
227774895
227774905
227774915
227774925
227774935
227774945
227774955
227774965
227774975
227774985
227774995
227775005
227775015
227775025
227775035
227775045
227775055
227775065
227775075
227775085
227775095
227775105
227775115
227775125
227775135
227775145
227775155
227775165
227775175
227775185
227775195
227775205
227775215
227775225
227775235
227775245
227775255
227775265
227775275
227775285
227775295
227775305
227775315
227775325
227775335
227775345
227775355
227775365
227775375
227775385
227775395
227775405
227775415
227775425
227775435
227775445
227775455
227775465
227775475
227775485
227775495
227775505
227775515
227775525
227775535
227775545
227775555
227775565
227775575
227775585
227775595
227775605
227775615
227775625
227775635
227775645
227775655
227775665
227775675
227775685
227775695
227775705
227775715
227775725
227775735
227775745
227775755
227775765
227775775
227775785
227775795
227775805
227775815
227775825
227775835
227775845
227775855
227775865
227775875
227775885
227775895
227775905
227775915
227775925
227775935
227775945
227775955
227775965
227775975
227775985
227775995
227776005
227776015
227776025
227776035
227776045
227776055
227776065
227776075
227776085
227776095
227776105
227776115
227776125
227776135
227776145
227776155
227776165
227776175
227776185
227776195
227776205
227776215
227776225
227776235
227776245
227776255
227776265
227776275
227776285
227776295
227776305
227776315
227776325
227776335
227776345
227776355
227776365
227776375
227776385
227776395
227776405
227776415
227776425
227776435
227776445
227776455
227776465
227776475
227776485
227776495
227776505
227776515
227776525
227776535
227776545
227776555
227776565
227776575
227776585
227776595
227776605
227776615
227776625
227776635
227776645
227776655
227776665
227776675
227776685
227776695
227776705
227776715
227776725
227776735
227776745
227776755
227776765
227776775
227776785
227776795
227776805
227776815
227776825
227776835
227776845
227776855
227776865
227776875
227776885
227776895
227776905
227776915
227776925
227776935
227776945
227776955
227776965
227776975
227776985
227776995
227777005
227777015
227777025
227777035
227777045
227777055
227777065
227777075
227777085
227777095
227777105
227777115
227777125
227777135
227777145
227777155
227777165
227777175
227777185
227777195
227777205
227777215
227777225
227777235
227777245
227777255
227777265
227777275
227777285
227777295
227777305
227777315
227777325
227777335
227777345
227777355
227777365
227777375
227777385
227777395
227777405
227777415
227777425
227777435
227777445
227777455
227777465
227777475
227777485
227777495
227777505
227777515
227777525
227777535
227777545
227777555
227777565
227777575
227777585
227777595
227777605
227777615
227777625
227777635
227777645
227777655
227777665
227777675
227777685
227777695
227777705
227777715
227777725
227777735
227777745
227777755
227777765
227777775
227777785
227777795
227777805
227777815
227777825
227777835
227777845
227777855
227777865
227777875
227777885
227777895
227777905
227777915
227777925
227777935
227777945
227777955
227777965
227777975
227777985
227777995
227778005
227778015
227778025
227778035
227778045
227778055
227778065
227778075
227778085
227778095
227778105
227778115
227778125
227778135
227778145
227778155
227778165
227778175
227778185
227778195
227778205
227778215
227778225
227778235
227778245
227778255
227778265
227778275
227778285
227778295
227778305
227778315
227778325
227778335
227778345
227778355
227778365
227778375
227778385
227778395
227778405
227778415
227778425
227778435
227778445
227778455
227778465
227778475
227778485
227778495
227778505
227778515
227778525
227778535
227778545
227778555
227717127
227717137
227717147
227717157
227717167
227717177
227717187
227717197
227717207
227717217
227717227
227717237
227717247
227717257
227717267
227717277
227717287
227717297
227717307
227717317
227717327
227717337
227717347
227717357
227717367
227717377
227717387
227717397
227717407
227717417
227717427
227717437
227717447
227717457
227717467
227717477
227717487
227717497
227717507
227717517
227717527
227717537
227717547
227717557
227717567
227717577
227717587
227717597
227717607
227717617
227717627
227717637
227717647
227717657
227717667
227717677
227717687
227717697
227717707
227717717
227717727
227717737
227717747
227717757
227717767
227717777
227717787
227717797
227717807
227717817
227717827
227717837
227717847
227717857
227717867
227717877
227717887
227717897
227717907
227717917
227717927
227717937
227717947
227717957
227717967
227717977
227717987
227717997
227718007
227718017
227718027
227718037
227718047
227718057
227718067
227718077
227718087
227718097
227718107
227718117
227718127
227718137
227718147
227718157
227718167
227718177
227718187
227718197
227718207
227718217
227718227
227718237
227718247
227718257
227718267
227718277
227718287
227718297
227718307
227718317
227718327
227718337
227718347
227718357
227718367
227718377
227718387
227718397
227718407
227718417
227718427
227718437
227718447
227718457
227718467
227718477
227718487
227718497
227718507
227718517
227718527
227718537
227718547
227718557
227718567
227718577
227718587
227718597
227718607
227718617
227718627
227718637
227718647
227718657
227718667
227718677
227718687
227718697
227718707
227718717
227718727
227718737
227718747
227718757
227718767
227718777
227718787
227718797
227718807
227718817
227718827
227718837
227718847
227718857
227718867
227718877
227718887
227718897
227718907
227718917
227718927
227718937
227718947
227718957
227718967
227718977
227718987
227718997
227719007
227719017
227719027
227719037
227719047
227719057
227719067
227719077
227719087
227719097
227719107
227719117
227719127
227719137
227719147
227719157
227719167
227719177
227719187
227719197
227719207
227719217
227719227
227719237
227719247
227719257
227719267
227719277
227719287
227719297
227719307
227719317
227719327
227719337
227719347
227719357
227719367
227719377
227719387
227719397
227719407
227719417
227719427
227719437
227719447
227719457
227719467
227719477
227719487
227719497
227719507
227719517
227719527
227719537
227719547
227719557
227719567
227719577
227719587
227719597
227719607
227719617
227719627
227719637
227719647
227719657
227719667
227719677
227719687
227719697
227719707
227719717
227719727
227719737
227719747
227719757
227719767
227719777
227719787
227719797
227719807
227719817
227719827
227719837
227719847
227719857
227719867
227719877
227719887
227719897
227719907
227719917
227719927
227719937
227719947
227719957
227719967
227719977
227719987
227719997
227720007
227720017
227720027
227720037
227720047
227720057
227720067
227720077
227720087
227720097
227720107
227720117
227720127
227720137
227720147
227720157
227720167
227720177
227720187
227720197
227720207
227720217
227720227
227720237
227720247
227720257
227720267
227720277
227720287
227720297
227720307
227720317
227720327
227720337
227720347
227720357
227720367
227720377
227720387
227720397
227720407
227720417
227720427
227720437
227720447
227720457
227720467
227720477
227720487
227720497
227720507
227720517
227720527
227720537
227720547
227720557
227720567
227720577
227720587
227720597
227720607
227720617
227720627
227720637
227720647
227720657
227720667
227720677
227720687
227720697
227720707
227720717
227720727
227720737
227720747
227720757
227720767
227720777
227720787
227720797
227720807
227720817
227720827
227720837
227720847
227720857
227720867
227720877
227720887
227720897
227720907
227720917
227720927
227720937
227720947
227720957
227720967
227720977
227720987
227720997
227721007
227721017
227721027
227721037
227721047
227721057
227721067
227721077
227721087
227721097
227721107
227721117
227721127
227721137
227721147
227721157
227721167
227721177
227721187
227721197
227721207
227627013
227627023
227627033
227627043
227627053
227627063
227627073
227627083
227627093
227627103
227627113
227627123
227627133
227627143
227627153
227627163
227627173
227627183
227627193
227627203
227627213
227627223
227627233
227627243
227627253
227627263
227627273
227627283
227627293
227627303
227627313
227627323
227627333
227627343
227627353
227627363
227627373
227627383
227627393
227627403
227627413
227627423
227627433
227627443
227627453
227627463
227627473
227627483
227627493
227627503
227627513
227627523
227627533
227627543
227627553
227627563
227627573
227627583
227627593
227627603
227627613
227627623
227627633
227627643
227627653
227627663
227627673
227627683
227627693
227627703
227627713
227627723
227627733
227627743
227627753
227627763
227627773
227627783
227627793
227627803
227627813
227627823
227627833
227627843
227627853
227627863
227627873
227627883
227627893
227627903
227627913
227627923
227627933
227627943
227627953
227627963
227627973
227627983
227627993
227628003
227628013
227628023
227628033
227628043
227628053
227628063
227628073
227628083
227628093
227628103
227628113
227628123
227628133
227628143
227628153
227628163
227628173
227628183
227628193
227628203
227628213
227628223
227628233
227628243
227628253
227628263
227628273
227628283
227628293
227628303
227628313
227628323
227628333
227628343
227628353
227628363
227628373
227628383
227628393
227628403
227628413
227628423
227628433
227628443
227628453
227628463
227628473
227628483
227628493
227628503
227628513
227628523
227628533
227628543
227628553
227628563
227628573
227628583
227628593
227628603
227628613
227628623
227628633
227628643
227628653
227628663
227628673
227628683
227628693
227628703
227628713
227628723
227628733
227628743
227628753
227628763
227628773
227628783
227628793
227628803
227628813
227628823
227628833
227628843
227628853
227628863
227628873
227628883
227628893
227628903
227628913
227628923
227628933
227628943
227628953
227628963
227628973
227628983
227628993
227629003
227629013
227629023
227629033
227629043
227629053
227629063
227629073
227629083
227629093
227629103
227629113
227629123
227629133
227629143
227629153
227629163
227629173
227629183
227629193
227629203
227629213
227629223
227629233
227629243
227629253
227629263
227629273
227629283
227629293
227629303
227629313
227629323
227629333
227629343
227629353
227629363
227629373
227629383
227629393
227629403
227629413
227629423
227629433
227629443
227629453
227629463
227629473
227629483
227629493
227629503
227629513
227629523
227629533
227629543
227629553
227629563
227629573
227629583
227629593
227629603
227629613
227629623
227629633
227629643
227629653
227629663
227629673
227629683
227629693
227629703
227629713
227629723
227629733
227629743
227629753
227629763
227629773
227629783
227629793
227629803
227629813
227629823
227629833
227629843
227629853
227629863
227629873
227629883
227629893
227629903
227629913
227629923
227629933
227629943
227629953
227629963
227629973
227629983
227629993
227630003
227630013
227630023
227630033
227630043
227630053
227630063
227630073
227630083
227630093
227630103
227630113
227630123
227630133
227630143
227630153
227630163
227630173
227630183
227630193
227630203
227630213
227630223
227630233
227630243
227630253
227630263
227630273
227630283
227630293
227630303
227630313
227630323
227630333
227630343
227630353
227630363
227630373
227630383
227630393
227630403
227630413
227630423
227630433
227630443
227630453
227630463
227630473
227630483
227630493
227630503
227630513
227630523
227630533
227630543
227630553
227630563
227630573
227630583
227630593
227630603
227630613
227630623
227630633
227630643
227630653
227630663
227630673
227630683
227630693
227630703
227630713
227630723
227630733
227630743
227630753
227630763
227630773
227630783
227630793
227630803
227630813
227630823
227630833
227630843
227630853
227630863
227630873
227630883
227630893
227630903
227630913
227630923
227630933
227630943
227630953
227630963
227630973
227630983
227630993
227631003
227631013
227631023
227631033
227631043
227631053
227631063
227631073
227631083
227631093
227631103
227778561
227778571
227778581
227778591
227778601
227778611
227778621
227778631
227778641
227778651
227778661
227778671
227778681
227778691
227778701
227778711
227778721
227778731
227778741
227778751
227778761
227778771
227778781
227778791
227778801
227778811
227778821
227778831
227778841
227778851
227778861
227778871
227778881
227778891
227778901
227778911
227778921
227778931
227778941
227778951
227778961
227778971
227778981
227778991
227779001
227779011
227779021
227779031
227779041
227779051
227779061
227779071
227779081
227779091
227779101
227779111
227779121
227779131
227779141
227779151
227779161
227779171
227779181
227779191
227779201
227779211
227779221
227779231
227779241
227779251
227779261
227779271
227779281
227779291
227779301
227779311
227779321
227779331
227779341
227779351
227779361
227779371
227779381
227779391
227779401
227779411
227779421
227779431
227779441
227779451
227779461
227779471
227779481
227779491
227779501
227779511
227779521
227779531
227779541
227779551
227779561
227779571
227779581
227779591
227779601
227779611
227779621
227779631
227779641
227779651
227779661
227779671
227779681
227779691
227779701
227779711
227779721
227779731
227779741
227779751
227779761
227779771
227779781
227779791
227779801
227779811
227779821
227779831
227779841
227779851
227779861
227779871
227779881
227779891
227779901
227779911
227779921
227779931
227779941
227779951
227779961
227779971
227779981
227779991
227780001
227780011
227780021
227780031
227780041
227780051
227780061
227780071
227780081
227780091
227780101
227780111
227780121
227780131
227780141
227780151
227780161
227780171
227780181
227780191
227780201
227780211
227780221
227780231
227780241
227780251
227780261
227780271
227780281
227780291
227780301
227780311
227780321
227780331
227780341
227780351
227780361
227780371
227780381
227780391
227780401
227780411
227780421
227780431
227780441
227780451
227780461
227780471
227780481
227780491
227780501
227780511
227780521
227780531
227780541
227780551
227780561
227780571
227780581
227780591
227780601
227780611
227780621
227780631
227780641
227780651
227780661
227780671
227780681
227780691
227780701
227780711
227780721
227780731
227780741
227780751
227780761
227780771
227780781
227780791
227780801
227780811
227780821
227780831
227780841
227780851
227780861
227780871
227780881
227780891
227780901
227780911
227780921
227780931
227780941
227780951
227780961
227780971
227780981
227780991
227781001
227781011
227781021
227781031
227781041
227781051
227781061
227781071
227781081
227781091
227781101
227781111
227781121
227781131
227781141
227781151
227781161
227781171
227781181
227781191
227781201
227781211
227781221
227781231
227781241
227781251
227781261
227781271
227781281
227781291
227781301
227781311
227781321
227781331
227781341
227781351
227781361
227781371
227781381
227781391
227781401
227781411
227781421
227781431
227781441
227781451
227781461
227781471
227781481
227781491
227781501
227781511
227781521
227781531
227781541
227781551
227781561
227781571
227781581
227781591
227781601
227781611
227781621
227781631
227781641
227781651
227781661
227781671
227781681
227781691
227781701
227781711
227781721
227781731
227781741
227781751
227781761
227781771
227781781
227781791
227781801
227781811
227781821
227781831
227781841
227781851
227781861
227781871
227781881
227781891
227781901
227781911
227781921
227781931
227781941
227781951
227781961
227781971
227781981
227781991
227782001
227782011
227782021
227782031
227782041
227782051
227782061
227782071
227782081
227782091
227782101
227782111
227782121
227782131
227782141
227782151
227782161
227782171
227782181
227782191
227782201
227782211
227782221
227782231
227782241
227782251
227782261
227782271
227782281
227782291
227782301
227782311
227782321
227782331
227782341
227782351
227782361
227782371
227782381
227782391
227782401
227782411
227782421
227782431
227782441
227782451
227782461
227782471
227782481
227782491
227782501
227782511
227782521
227782531
227782541
227782551
227782561
227782571
227782581
227782591
227782601
227782611
227782621
227782631
227782641
227782651
227639303
227639313
227639323
227639333
227639343
227639353
227639363
227639373
227639383
227639393
227639403
227639413
227639423
227639433
227639443
227639453
227639463
227639473
227639483
227639493
227639503
227639513
227639523
227639533
227639543
227639553
227639563
227639573
227639583
227639593
227639603
227639613
227639623
227639633
227639643
227639653
227639663
227639673
227639683
227639693
227639703
227639713
227639723
227639733
227639743
227639753
227639763
227639773
227639783
227639793
227639803
227639813
227639823
227639833
227639843
227639853
227639863
227639873
227639883
227639893
227639903
227639913
227639923
227639933
227639943
227639953
227639963
227639973
227639983
227639993
227640003
227640013
227640023
227640033
227640043
227640053
227640063
227640073
227640083
227640093
227640103
227640113
227640123
227640133
227640143
227640153
227640163
227640173
227640183
227640193
227640203
227640213
227640223
227640233
227640243
227640253
227640263
227640273
227640283
227640293
227640303
227640313
227640323
227640333
227640343
227640353
227640363
227640373
227640383
227640393
227640403
227640413
227640423
227640433
227640443
227640453
227640463
227640473
227640483
227640493
227640503
227640513
227640523
227640533
227640543
227640553
227640563
227640573
227640583
227640593
227640603
227640613
227640623
227640633
227640643
227640653
227640663
227640673
227640683
227640693
227640703
227640713
227640723
227640733
227640743
227640753
227640763
227640773
227640783
227640793
227640803
227640813
227640823
227640833
227640843
227640853
227640863
227640873
227640883
227640893
227640903
227640913
227640923
227640933
227640943
227640953
227640963
227640973
227640983
227640993
227641003
227641013
227641023
227641033
227641043
227641053
227641063
227641073
227641083
227641093
227641103
227641113
227641123
227641133
227641143
227641153
227641163
227641173
227641183
227641193
227641203
227641213
227641223
227641233
227641243
227641253
227641263
227641273
227641283
227641293
227641303
227641313
227641323
227641333
227641343
227641353
227641363
227641373
227641383
227641393
227641403
227641413
227641423
227641433
227641443
227641453
227641463
227641473
227641483
227641493
227641503
227641513
227641523
227641533
227641543
227641553
227641563
227641573
227641583
227641593
227641603
227641613
227641623
227641633
227641643
227641653
227641663
227641673
227641683
227641693
227641703
227641713
227641723
227641733
227641743
227641753
227641763
227641773
227641783
227641793
227641803
227641813
227641823
227641833
227641843
227641853
227641863
227641873
227641883
227641893
227641903
227641913
227641923
227641933
227641943
227641953
227641963
227641973
227641983
227641993
227642003
227642013
227642023
227642033
227642043
227642053
227642063
227642073
227642083
227642093
227642103
227642113
227642123
227642133
227642143
227642153
227642163
227642173
227642183
227642193
227642203
227642213
227642223
227642233
227642243
227642253
227642263
227642273
227642283
227642293
227642303
227642313
227642323
227642333
227642343
227642353
227642363
227642373
227642383
227642393
227642403
227642413
227642423
227642433
227642443
227642453
227642463
227642473
227642483
227642493
227642503
227642513
227642523
227642533
227642543
227642553
227642563
227642573
227642583
227642593
227642603
227642613
227642623
227642633
227642643
227642653
227642663
227642673
227642683
227642693
227642703
227642713
227642723
227642733
227642743
227642753
227642763
227642773
227642783
227642793
227642803
227642813
227642823
227642833
227642843
227642853
227642863
227642873
227642883
227642893
227642903
227642913
227642923
227642933
227642943
227642953
227642963
227642973
227642983
227642993
227643003
227643013
227643023
227643033
227643043
227643053
227643063
227643073
227643083
227643093
227643103
227643113
227643123
227643133
227643143
227643153
227643163
227643173
227643183
227643193
227643203
227643213
227643223
227643233
227643243
227643253
227643263
227643273
227643283
227643293
227643303
227643313
227643323
227643333
227643343
227643353
227643363
227643373
227643383
227684353
227684363
227684373
227684383
227684393
227684403
227684413
227684423
227684433
227684443
227684453
227684463
227684473
227684483
227684493
227684503
227684513
227684523
227684533
227684543
227684553
227684563
227684573
227684583
227684593
227684603
227684613
227684623
227684633
227684643
227684653
227684663
227684673
227684683
227684693
227684703
227684713
227684723
227684733
227684743
227684753
227684763
227684773
227684783
227684793
227684803
227684813
227684823
227684833
227684843
227684853
227684863
227684873
227684883
227684893
227684903
227684913
227684923
227684933
227684943
227684953
227684963
227684973
227684983
227684993
227685003
227685013
227685023
227685033
227685043
227685053
227685063
227685073
227685083
227685093
227685103
227685113
227685123
227685133
227685143
227685153
227685163
227685173
227685183
227685193
227685203
227685213
227685223
227685233
227685243
227685253
227685263
227685273
227685283
227685293
227685303
227685313
227685323
227685333
227685343
227685353
227685363
227685373
227685383
227685393
227685403
227685413
227685423
227685433
227685443
227685453
227685463
227685473
227685483
227685493
227685503
227685513
227685523
227685533
227685543
227685553
227685563
227685573
227685583
227685593
227685603
227685613
227685623
227685633
227685643
227685653
227685663
227685673
227685683
227685693
227685703
227685713
227685723
227685733
227685743
227685753
227685763
227685773
227685783
227685793
227685803
227685813
227685823
227685833
227685843
227685853
227685863
227685873
227685883
227685893
227685903
227685913
227685923
227685933
227685943
227685953
227685963
227685973
227685983
227685993
227686003
227686013
227686023
227686033
227686043
227686053
227686063
227686073
227686083
227686093
227686103
227686113
227686123
227686133
227686143
227686153
227686163
227686173
227686183
227686193
227686203
227686213
227686223
227686233
227686243
227686253
227686263
227686273
227686283
227686293
227686303
227686313
227686323
227686333
227686343
227686353
227686363
227686373
227686383
227686393
227686403
227686413
227686423
227686433
227686443
227686453
227686463
227686473
227686483
227686493
227686503
227686513
227686523
227686533
227686543
227686553
227686563
227686573
227686583
227686593
227686603
227686613
227686623
227686633
227686643
227686653
227686663
227686673
227686683
227686693
227686703
227686713
227686723
227686733
227686743
227686753
227686763
227686773
227686783
227686793
227686803
227686813
227686823
227686833
227686843
227686853
227686863
227686873
227686883
227686893
227686903
227686913
227686923
227686933
227686943
227686953
227686963
227686973
227686983
227686993
227687003
227687013
227687023
227687033
227687043
227687053
227687063
227687073
227687083
227687093
227687103
227687113
227687123
227687133
227687143
227687153
227687163
227687173
227687183
227687193
227687203
227687213
227687223
227687233
227687243
227687253
227687263
227687273
227687283
227687293
227687303
227687313
227687323
227687333
227687343
227687353
227687363
227687373
227687383
227687393
227687403
227687413
227687423
227687433
227687443
227687453
227687463
227687473
227687483
227687493
227687503
227687513
227687523
227687533
227687543
227687553
227687563
227687573
227687583
227687593
227687603
227687613
227687623
227687633
227687643
227687653
227687663
227687673
227687683
227687693
227687703
227687713
227687723
227687733
227687743
227687753
227687763
227687773
227687783
227687793
227687803
227687813
227687823
227687833
227687843
227687853
227687863
227687873
227687883
227687893
227687903
227687913
227687923
227687933
227687943
227687953
227687963
227687973
227687983
227687993
227688003
227688013
227688023
227688033
227688043
227688053
227688063
227688073
227688083
227688093
227688103
227688113
227688123
227688133
227688143
227688153
227688163
227688173
227688183
227688193
227688203
227688213
227688223
227688233
227688243
227688253
227688263
227688273
227688283
227688293
227688303
227688313
227688323
227688333
227688343
227688353
227688363
227688373
227688383
227688393
227688403
227688413
227688423
227688433
227688443
227614725
227614735
227614745
227614755
227614765
227614775
227614785
227614795
227614805
227614815
227614825
227614835
227614845
227614855
227614865
227614875
227614885
227614895
227614905
227614915
227614925
227614935
227614945
227614955
227614965
227614975
227614985
227614995
227615005
227615015
227615025
227615035
227615045
227615055
227615065
227615075
227615085
227615095
227615105
227615115
227615125
227615135
227615145
227615155
227615165
227615175
227615185
227615195
227615205
227615215
227615225
227615235
227615245
227615255
227615265
227615275
227615285
227615295
227615305
227615315
227615325
227615335
227615345
227615355
227615365
227615375
227615385
227615395
227615405
227615415
227615425
227615435
227615445
227615455
227615465
227615475
227615485
227615495
227615505
227615515
227615525
227615535
227615545
227615555
227615565
227615575
227615585
227615595
227615605
227615615
227615625
227615635
227615645
227615655
227615665
227615675
227615685
227615695
227615705
227615715
227615725
227615735
227615745
227615755
227615765
227615775
227615785
227615795
227615805
227615815
227615825
227615835
227615845
227615855
227615865
227615875
227615885
227615895
227615905
227615915
227615925
227615935
227615945
227615955
227615965
227615975
227615985
227615995
227616005
227616015
227616025
227616035
227616045
227616055
227616065
227616075
227616085
227616095
227616105
227616115
227616125
227616135
227616145
227616155
227616165
227616175
227616185
227616195
227616205
227616215
227616225
227616235
227616245
227616255
227616265
227616275
227616285
227616295
227616305
227616315
227616325
227616335
227616345
227616355
227616365
227616375
227616385
227616395
227616405
227616415
227616425
227616435
227616445
227616455
227616465
227616475
227616485
227616495
227616505
227616515
227616525
227616535
227616545
227616555
227616565
227616575
227616585
227616595
227616605
227616615
227616625
227616635
227616645
227616655
227616665
227616675
227616685
227616695
227616705
227616715
227616725
227616735
227616745
227616755
227616765
227616775
227616785
227616795
227616805
227616815
227616825
227616835
227616845
227616855
227616865
227616875
227616885
227616895
227616905
227616915
227616925
227616935
227616945
227616955
227616965
227616975
227616985
227616995
227617005
227617015
227617025
227617035
227617045
227617055
227617065
227617075
227617085
227617095
227617105
227617115
227617125
227617135
227617145
227617155
227617165
227617175
227617185
227617195
227617205
227617215
227617225
227617235
227617245
227617255
227617265
227617275
227617285
227617295
227617305
227617315
227617325
227617335
227617345
227617355
227617365
227617375
227617385
227617395
227617405
227617415
227617425
227617435
227617445
227617455
227617465
227617475
227617485
227617495
227617505
227617515
227617525
227617535
227617545
227617555
227617565
227617575
227617585
227617595
227617605
227617615
227617625
227617635
227617645
227617655
227617665
227617675
227617685
227617695
227617705
227617715
227617725
227617735
227617745
227617755
227617765
227617775
227617785
227617795
227617805
227617815
227617825
227617835
227617845
227617855
227617865
227617875
227617885
227617895
227617905
227617915
227617925
227617935
227617945
227617955
227617965
227617975
227617985
227617995
227618005
227618015
227618025
227618035
227618045
227618055
227618065
227618075
227618085
227618095
227618105
227618115
227618125
227618135
227618145
227618155
227618165
227618175
227618185
227618195
227618205
227618215
227618225
227618235
227618245
227618255
227618265
227618275
227618285
227618295
227618305
227618315
227618325
227618335
227618345
227618355
227618365
227618375
227618385
227618395
227618405
227618415
227618425
227618435
227618445
227618455
227618465
227618475
227618485
227618495
227618505
227618515
227618525
227618535
227618545
227618555
227618565
227618575
227618585
227618595
227618605
227618615
227618625
227618635
227618645
227618655
227618665
227618675
227618685
227618695
227618705
227618715
227618725
227618735
227618745
227618755
227618765
227618775
227618785
227618795
227618805
227618815
227708932
227708943
227708953
227708963
227708973
227708983
227708993
227709003
227709013
227709023
227709033
227709043
227709053
227709063
227709073
227709083
227709093
227709103
227709113
227709123
227709133
227709143
227709153
227709163
227709173
227709183
227709193
227709203
227709213
227709223
227709233
227709243
227709253
227709263
227709273
227709283
227709293
227709303
227709313
227709323
227709333
227709343
227709353
227709363
227709373
227709383
227709393
227709403
227709413
227709423
227709433
227709443
227709453
227709463
227709473
227709483
227709493
227709503
227709513
227709523
227709533
227709543
227709553
227709563
227709573
227709583
227709593
227709603
227709613
227709623
227709633
227709643
227709653
227709663
227709673
227709683
227709693
227709703
227709713
227709723
227709733
227709743
227709753
227709763
227709773
227709783
227709793
227709803
227709813
227709823
227709833
227709843
227709853
227709863
227709873
227709883
227709893
227709903
227709913
227709923
227709933
227709943
227709953
227709963
227709973
227709983
227709993
227710003
227710013
227710023
227710033
227710043
227710053
227710063
227710073
227710083
227710093
227710103
227710113
227710123
227710133
227710143
227710153
227710163
227710173
227710183
227710193
227710203
227710213
227710223
227710233
227710243
227710253
227710263
227710273
227710283
227710293
227710303
227710313
227710323
227710333
227710343
227710353
227710363
227710373
227710383
227710393
227710403
227710413
227710423
227710433
227710443
227710453
227710463
227710473
227710483
227710493
227710503
227710513
227710523
227710533
227710543
227710553
227710563
227710573
227710583
227710593
227710603
227710613
227710623
227710633
227710643
227710653
227710663
227710673
227710683
227710693
227710703
227710713
227710723
227710733
227710743
227710753
227710763
227710773
227710783
227710793
227710803
227710813
227710823
227710833
227710843
227710853
227710863
227710873
227710883
227710893
227710903
227710913
227710923
227710933
227710943
227710953
227710963
227710973
227710983
227710993
227711003
227711013
227711023
227711033
227711043
227711053
227711063
227711073
227711083
227711093
227711103
227711113
227711123
227711133
227711143
227711153
227711163
227711173
227711183
227711193
227711203
227711213
227711223
227711233
227711243
227711253
227711263
227711273
227711283
227711293
227711303
227711313
227711323
227711333
227711343
227711353
227711363
227711373
227711383
227711393
227711403
227711413
227711423
227711433
227711443
227711453
227711463
227711473
227711483
227711493
227711503
227711513
227711523
227711533
227711543
227711553
227711563
227711573
227711583
227711593
227711603
227711613
227711623
227711633
227711643
227711653
227711663
227711673
227711683
227711693
227711703
227711713
227711723
227711733
227711743
227711753
227711763
227711773
227711783
227711793
227711803
227711813
227711823
227711833
227711843
227711853
227711863
227711873
227711883
227711893
227711903
227711913
227711923
227711933
227711943
227711953
227711963
227711973
227711983
227711993
227712003
227712013
227712023
227712033
227712043
227712053
227712063
227712073
227712083
227712093
227712103
227712113
227712123
227712133
227712143
227712153
227712163
227712173
227712183
227712193
227712203
227712213
227712223
227712233
227712243
227712253
227712263
227712273
227712283
227712293
227712303
227712313
227712323
227712333
227712343
227712353
227712363
227712373
227712383
227712393
227712403
227712413
227712423
227712433
227712443
227712453
227712463
227712473
227712483
227712493
227712503
227712513
227712523
227712533
227712543
227712553
227712563
227712573
227712583
227712593
227712603
227712613
227712623
227712633
227712643
227712653
227712663
227712673
227712683
227712693
227712703
227712713
227712723
227712733
227712743
227712753
227712763
227712773
227712783
227712793
227712803
227712813
227712823
227712833
227712843
227712853
227712863
227712873
227712883
227712893
227712903
227712913
227712923
227712933
227712943
227712953
227712963
227712973
227712983
227712993
227713003
227713013
227713023
227651591
227651601
227651611
227651621
227651631
227651641
227651651
227651661
227651671
227651681
227651691
227651701
227651711
227651721
227651731
227651741
227651751
227651761
227651771
227651781
227651791
227651801
227651811
227651821
227651831
227651841
227651851
227651861
227651871
227651881
227651891
227651901
227651911
227651921
227651931
227651941
227651951
227651961
227651971
227651981
227651991
227652001
227652011
227652021
227652031
227652041
227652051
227652061
227652071
227652081
227652091
227652101
227652111
227652121
227652131
227652141
227652151
227652161
227652171
227652181
227652191
227652201
227652211
227652221
227652231
227652241
227652251
227652261
227652271
227652281
227652291
227652301
227652311
227652321
227652331
227652341
227652351
227652361
227652371
227652381
227652391
227652401
227652411
227652421
227652431
227652441
227652451
227652461
227652471
227652481
227652491
227652501
227652511
227652521
227652531
227652541
227652551
227652561
227652571
227652581
227652591
227652601
227652611
227652621
227652631
227652641
227652651
227652661
227652671
227652681
227652691
227652701
227652711
227652721
227652731
227652741
227652751
227652761
227652771
227652781
227652791
227652801
227652811
227652821
227652831
227652841
227652851
227652861
227652871
227652881
227652891
227652901
227652911
227652921
227652931
227652941
227652951
227652961
227652971
227652981
227652991
227653001
227653011
227653021
227653031
227653041
227653051
227653061
227653071
227653081
227653091
227653101
227653111
227653121
227653131
227653141
227653151
227653161
227653171
227653181
227653191
227653201
227653211
227653221
227653231
227653241
227653251
227653261
227653271
227653281
227653291
227653301
227653311
227653321
227653331
227653341
227653351
227653361
227653371
227653381
227653391
227653401
227653411
227653421
227653431
227653441
227653451
227653461
227653471
227653481
227653491
227653501
227653511
227653521
227653531
227653541
227653551
227653561
227653571
227653581
227653591
227653601
227653611
227653621
227653631
227653641
227653651
227653661
227653671
227653681
227653691
227653701
227653711
227653721
227653731
227653741
227653751
227653761
227653771
227653781
227653791
227653801
227653811
227653821
227653831
227653841
227653851
227653861
227653871
227653881
227653891
227653901
227653911
227653921
227653931
227653941
227653951
227653961
227653971
227653981
227653991
227654001
227654011
227654021
227654031
227654041
227654051
227654061
227654071
227654081
227654091
227654101
227654111
227654121
227654131
227654141
227654151
227654161
227654171
227654181
227654191
227654201
227654211
227654221
227654231
227654241
227654251
227654261
227654271
227654281
227654291
227654301
227654311
227654321
227654331
227654341
227654351
227654361
227654371
227654381
227654391
227654401
227654411
227654421
227654431
227654441
227654451
227654461
227654471
227654481
227654491
227654501
227654511
227654521
227654531
227654541
227654551
227654561
227654571
227654581
227654591
227654601
227654611
227654621
227654631
227654641
227654651
227654661
227654671
227654681
227654691
227654701
227654711
227654721
227654731
227654741
227654751
227654761
227654771
227654781
227654791
227654801
227654811
227654821
227654831
227654841
227654851
227654861
227654871
227654881
227654891
227654901
227654911
227654921
227654931
227654941
227654951
227654961
227654971
227654981
227654991
227655001
227655011
227655021
227655031
227655041
227655051
227655061
227655071
227655081
227655091
227655101
227655111
227655121
227655131
227655141
227655151
227655161
227655171
227655181
227655191
227655201
227655211
227655221
227655231
227655241
227655251
227655261
227655271
227655281
227655291
227655301
227655311
227655321
227655331
227655341
227655351
227655361
227655371
227655381
227655391
227655401
227655411
227655421
227655431
227655441
227655451
227655461
227655471
227655481
227655491
227655501
227655511
227655521
227655531
227655541
227655551
227655561
227655571
227655581
227655591
227655601
227655611
227655621
227655631
227655641
227655651
227655661
227655671
227766273
227766283
227766293
227766303
227766313
227766323
227766333
227766343
227766353
227766363
227766373
227766383
227766393
227766403
227766413
227766423
227766433
227766443
227766453
227766463
227766473
227766483
227766493
227766503
227766513
227766523
227766533
227766543
227766553
227766563
227766573
227766583
227766593
227766603
227766613
227766623
227766633
227766643
227766653
227766663
227766673
227766683
227766693
227766703
227766713
227766723
227766733
227766743
227766753
227766763
227766773
227766783
227766793
227766803
227766813
227766823
227766833
227766843
227766853
227766863
227766873
227766883
227766893
227766903
227766913
227766923
227766933
227766943
227766953
227766963
227766973
227766983
227766993
227767003
227767013
227767023
227767033
227767043
227767053
227767063
227767073
227767083
227767093
227767103
227767113
227767123
227767133
227767143
227767153
227767163
227767173
227767183
227767193
227767203
227767213
227767223
227767233
227767243
227767253
227767263
227767273
227767283
227767293
227767303
227767313
227767323
227767333
227767343
227767353
227767363
227767373
227767383
227767393
227767403
227767413
227767423
227767433
227767443
227767453
227767463
227767473
227767483
227767493
227767503
227767513
227767523
227767533
227767543
227767553
227767563
227767573
227767583
227767593
227767603
227767613
227767623
227767633
227767643
227767653
227767663
227767673
227767683
227767693
227767703
227767713
227767723
227767733
227767743
227767753
227767763
227767773
227767783
227767793
227767803
227767813
227767823
227767833
227767843
227767853
227767863
227767873
227767883
227767893
227767903
227767913
227767923
227767933
227767943
227767953
227767963
227767973
227767983
227767993
227768003
227768013
227768023
227768033
227768043
227768053
227768063
227768073
227768083
227768093
227768103
227768113
227768123
227768133
227768143
227768153
227768163
227768173
227768183
227768193
227768203
227768213
227768223
227768233
227768243
227768253
227768263
227768273
227768283
227768293
227768303
227768313
227768323
227768333
227768343
227768353
227768363
227768373
227768383
227768393
227768403
227768413
227768423
227768433
227768443
227768453
227768463
227768473
227768483
227768493
227768503
227768513
227768523
227768533
227768543
227768553
227768563
227768573
227768583
227768593
227768603
227768613
227768623
227768633
227768643
227768653
227768663
227768673
227768683
227768693
227768703
227768713
227768723
227768733
227768743
227768753
227768763
227768773
227768783
227768793
227768803
227768813
227768823
227768833
227768843
227768853
227768863
227768873
227768883
227768893
227768903
227768913
227768923
227768933
227768943
227768953
227768963
227768973
227768983
227768993
227769003
227769013
227769023
227769033
227769043
227769053
227769063
227769073
227769083
227769093
227769103
227769113
227769123
227769133
227769143
227769153
227769163
227769173
227769183
227769193
227769203
227769213
227769223
227769233
227769243
227769253
227769263
227769273
227769283
227769293
227769303
227769313
227769323
227769333
227769343
227769353
227769363
227769373
227769383
227769393
227769403
227769413
227769423
227769433
227769443
227769453
227769463
227769473
227769483
227769493
227769503
227769513
227769523
227769533
227769543
227769553
227769563
227769573
227769583
227769593
227769603
227769613
227769623
227769633
227769643
227769653
227769663
227769673
227769683
227769693
227769703
227769713
227769723
227769733
227769743
227769753
227769763
227769773
227769783
227769793
227769803
227769813
227769823
227769833
227769843
227769853
227769863
227769873
227769883
227769893
227769903
227769913
227769923
227769933
227769943
227769953
227769963
227769973
227769983
227769993
227770003
227770013
227770023
227770033
227770043
227770053
227770063
227770073
227770083
227770093
227770103
227770113
227770123
227770133
227770143
227770153
227770163
227770173
227770183
227770193
227770203
227770213
227770223
227770233
227770243
227770253
227770263
227770273
227770283
227770293
227770303
227770313
227770323
227770333
227770343
227770353
227770363
227545091
227545101
227545111
227545121
227545131
227545141
227545151
227545161
227545171
227545181
227545191
227545201
227545211
227545221
227545231
227545241
227545251
227545261
227545271
227545281
227545291
227545301
227545311
227545321
227545331
227545341
227545351
227545361
227545371
227545381
227545391
227545401
227545411
227545421
227545431
227545441
227545451
227545461
227545471
227545481
227545491
227545501
227545511
227545521
227545531
227545541
227545551
227545561
227545571
227545581
227545591
227545601
227545611
227545621
227545631
227545641
227545651
227545661
227545671
227545681
227545691
227545701
227545711
227545721
227545731
227545741
227545751
227545761
227545771
227545781
227545791
227545801
227545811
227545821
227545831
227545841
227545851
227545861
227545871
227545881
227545891
227545901
227545911
227545921
227545931
227545941
227545951
227545961
227545971
227545981
227545991
227546001
227546011
227546021
227546031
227546041
227546051
227546061
227546071
227546081
227546091
227546101
227546111
227546121
227546131
227546141
227546151
227546161
227546171
227546181
227546191
227546201
227546211
227546221
227546231
227546241
227546251
227546261
227546271
227546281
227546291
227546301
227546311
227546321
227546331
227546341
227546351
227546361
227546371
227546381
227546391
227546401
227546411
227546421
227546431
227546441
227546451
227546461
227546471
227546481
227546491
227546501
227546511
227546521
227546531
227546541
227546551
227546561
227546571
227546581
227546591
227546601
227546611
227546621
227546631
227546641
227546651
227546661
227546671
227546681
227546691
227546701
227546711
227546721
227546731
227546741
227546751
227546761
227546771
227546781
227546791
227546801
227546811
227546821
227546831
227546841
227546851
227546861
227546871
227546881
227546891
227546901
227546911
227546921
227546931
227546941
227546951
227546961
227546971
227546981
227546991
227547001
227547011
227547021
227547031
227547041
227547051
227547061
227547071
227547081
227547091
227547101
227547111
227547121
227547131
227547141
227547151
227547161
227547171
227547181
227547191
227547201
227547211
227547221
227547231
227547241
227547251
227547261
227547271
227547281
227547291
227547301
227547311
227547321
227547331
227547341
227547351
227547361
227547371
227547381
227547391
227547401
227547411
227547421
227547431
227547441
227547451
227547461
227547471
227547481
227547491
227547501
227547511
227547521
227547531
227547541
227547551
227547561
227547571
227547581
227547591
227547601
227547611
227547621
227547631
227547641
227547651
227547661
227547671
227547681
227547691
227547701
227547711
227547721
227547731
227547741
227547751
227547761
227547771
227547781
227547791
227547801
227547811
227547821
227547831
227547841
227547851
227547861
227547871
227547881
227547891
227547901
227547911
227547921
227547931
227547941
227547951
227547961
227547971
227547981
227547991
227548001
227548011
227548021
227548031
227548041
227548051
227548061
227548071
227548081
227548091
227548101
227548111
227548121
227548131
227548141
227548151
227548161
227548171
227548181
227548191
227548201
227548211
227548221
227548231
227548241
227548251
227548261
227548271
227548281
227548291
227548301
227548311
227548321
227548331
227548341
227548351
227548361
227548371
227548381
227548391
227548401
227548411
227548421
227548431
227548441
227548451
227548461
227548471
227548481
227548491
227548501
227548511
227548521
227548531
227548541
227548551
227548561
227548571
227548581
227548591
227548601
227548611
227548621
227548631
227548641
227548651
227548661
227548671
227548681
227548691
227548701
227548711
227548721
227548731
227548741
227548751
227548761
227548771
227548781
227548791
227548801
227548811
227548821
227548831
227548841
227548851
227548861
227548871
227548881
227548891
227548901
227548911
227548921
227548931
227548941
227548951
227548961
227548971
227548981
227548991
227549001
227549011
227549021
227549031
227549041
227549051
227549061
227549071
227549081
227549091
227549101
227549111
227549121
227549131
227549141
227549151
227549161
227549171
227549181
227749895
227749905
227749915
227749925
227749935
227749945
227749955
227749965
227749975
227749985
227749995
227750005
227750015
227750025
227750035
227750045
227750055
227750065
227750075
227750085
227750095
227750105
227750115
227750125
227750135
227750145
227750155
227750165
227750175
227750185
227750195
227750205
227750215
227750225
227750235
227750245
227750255
227750265
227750275
227750285
227750295
227750305
227750315
227750325
227750335
227750345
227750355
227750365
227750375
227750385
227750395
227750405
227750415
227750425
227750435
227750445
227750455
227750465
227750475
227750485
227750495
227750505
227750515
227750525
227750535
227750545
227750555
227750565
227750575
227750585
227750595
227750605
227750615
227750625
227750635
227750645
227750655
227750665
227750675
227750685
227750695
227750705
227750715
227750725
227750735
227750745
227750755
227750765
227750775
227750785
227750795
227750805
227750815
227750825
227750835
227750845
227750855
227750865
227750875
227750885
227750895
227750905
227750915
227750925
227750935
227750945
227750955
227750965
227750975
227750985
227750995
227751005
227751015
227751025
227751035
227751045
227751055
227751065
227751075
227751085
227751095
227751105
227751115
227751125
227751135
227751145
227751155
227751165
227751175
227751185
227751195
227751205
227751215
227751225
227751235
227751245
227751255
227751265
227751275
227751285
227751295
227751305
227751315
227751325
227751335
227751345
227751355
227751365
227751375
227751385
227751395
227751405
227751415
227751425
227751435
227751445
227751455
227751465
227751475
227751485
227751495
227751505
227751515
227751525
227751535
227751545
227751555
227751565
227751575
227751585
227751595
227751605
227751615
227751625
227751635
227751645
227751655
227751665
227751675
227751685
227751695
227751705
227751715
227751725
227751735
227751745
227751755
227751765
227751775
227751785
227751795
227751805
227751815
227751825
227751835
227751845
227751855
227751865
227751875
227751885
227751895
227751905
227751915
227751925
227751935
227751945
227751955
227751965
227751975
227751985
227751995
227752005
227752015
227752025
227752035
227752045
227752055
227752065
227752075
227752085
227752095
227752105
227752115
227752125
227752135
227752145
227752155
227752165
227752175
227752185
227752195
227752205
227752215
227752225
227752235
227752245
227752255
227752265
227752275
227752285
227752295
227752305
227752315
227752325
227752335
227752345
227752355
227752365
227752375
227752385
227752395
227752405
227752415
227752425
227752435
227752445
227752455
227752465
227752475
227752485
227752495
227752505
227752515
227752525
227752535
227752545
227752555
227752565
227752575
227752585
227752595
227752605
227752615
227752625
227752635
227752645
227752655
227752665
227752675
227752685
227752695
227752705
227752715
227752725
227752735
227752745
227752755
227752765
227752775
227752785
227752795
227752805
227752815
227752825
227752835
227752845
227752855
227752865
227752875
227752885
227752895
227752905
227752915
227752925
227752935
227752945
227752955
227752965
227752975
227752985
227752995
227753005
227753015
227753025
227753035
227753045
227753055
227753065
227753075
227753085
227753095
227753105
227753115
227753125
227753135
227753145
227753155
227753165
227753175
227753185
227753195
227753205
227753215
227753225
227753235
227753245
227753255
227753265
227753275
227753285
227753295
227753305
227753315
227753325
227753335
227753345
227753355
227753365
227753375
227753385
227753395
227753405
227753415
227753425
227753435
227753445
227753455
227753465
227753475
227753485
227753495
227753505
227753515
227753525
227753535
227753545
227753555
227753565
227753575
227753585
227753595
227753605
227753615
227753625
227753635
227753645
227753655
227753665
227753675
227753685
227753695
227753705
227753715
227753725
227753735
227753745
227753755
227753765
227753775
227753785
227753795
227753805
227753815
227753825
227753835
227753845
227753855
227753865
227753875
227753885
227753895
227753905
227753915
227753925
227753935
227753945
227753955
227753965
227753975
227729415
227729425
227729435
227729445
227729455
227729465
227729475
227729485
227729495
227729505
227729515
227729525
227729535
227729545
227729555
227729565
227729575
227729585
227729595
227729605
227729615
227729625
227729635
227729645
227729655
227729665
227729675
227729685
227729695
227729705
227729715
227729725
227729735
227729745
227729755
227729765
227729775
227729785
227729795
227729805
227729815
227729825
227729835
227729845
227729855
227729865
227729875
227729885
227729895
227729905
227729915
227729925
227729935
227729945
227729955
227729965
227729975
227729985
227729995
227730005
227730015
227730025
227730035
227730045
227730055
227730065
227730075
227730085
227730095
227730105
227730115
227730125
227730135
227730145
227730155
227730165
227730175
227730185
227730195
227730205
227730215
227730225
227730235
227730245
227730255
227730265
227730275
227730285
227730295
227730305
227730315
227730325
227730335
227730345
227730355
227730365
227730375
227730385
227730395
227730405
227730415
227730425
227730435
227730445
227730455
227730465
227730475
227730485
227730495
227730505
227730515
227730525
227730535
227730545
227730555
227730565
227730575
227730585
227730595
227730605
227730615
227730625
227730635
227730645
227730655
227730665
227730675
227730685
227730695
227730705
227730715
227730725
227730735
227730745
227730755
227730765
227730775
227730785
227730795
227730805
227730815
227730825
227730835
227730845
227730855
227730865
227730875
227730885
227730895
227730905
227730915
227730925
227730935
227730945
227730955
227730965
227730975
227730985
227730995
227731005
227731015
227731025
227731035
227731045
227731055
227731065
227731075
227731085
227731095
227731105
227731115
227731125
227731135
227731145
227731155
227731165
227731175
227731185
227731195
227731205
227731215
227731225
227731235
227731245
227731255
227731265
227731275
227731285
227731295
227731305
227731315
227731325
227731335
227731345
227731355
227731365
227731375
227731385
227731395
227731405
227731415
227731425
227731435
227731445
227731455
227731465
227731475
227731485
227731495
227731505
227731515
227731525
227731535
227731545
227731555
227731565
227731575
227731585
227731595
227731605
227731615
227731625
227731635
227731645
227731655
227731665
227731675
227731685
227731695
227731705
227731715
227731725
227731735
227731745
227731755
227731765
227731775
227731785
227731795
227731805
227731815
227731825
227731835
227731845
227731855
227731865
227731875
227731885
227731895
227731905
227731915
227731925
227731935
227731945
227731955
227731965
227731975
227731985
227731995
227732005
227732015
227732025
227732035
227732045
227732055
227732065
227732075
227732085
227732095
227732105
227732115
227732125
227732135
227732145
227732155
227732165
227732175
227732185
227732195
227732205
227732215
227732225
227732235
227732245
227732255
227732265
227732275
227732285
227732295
227732305
227732315
227732325
227732335
227732345
227732355
227732365
227732375
227732385
227732395
227732405
227732415
227732425
227732435
227732445
227732455
227732465
227732475
227732485
227732495
227732505
227732515
227732525
227732535
227732545
227732555
227732565
227732575
227732585
227732595
227732605
227732615
227732625
227732635
227732645
227732655
227732665
227732675
227732685
227732695
227732705
227732715
227732725
227732735
227732745
227732755
227732765
227732775
227732785
227732795
227732805
227732815
227732825
227732835
227732845
227732855
227732865
227732875
227732885
227732895
227732905
227732915
227732925
227732935
227732945
227732955
227732965
227732975
227732985
227732995
227733005
227733015
227733025
227733035
227733045
227733055
227733065
227733075
227733085
227733095
227733105
227733115
227733125
227733135
227733145
227733155
227733165
227733175
227733185
227733195
227733205
227733215
227733225
227733235
227733245
227733255
227733265
227733275
227733285
227733295
227733305
227733315
227733325
227733335
227733345
227733355
227733365
227733375
227733385
227733395
227733405
227733415
227733425
227733435
227733445
227733455
227733465
227733475
227733485
227733495
227557379
227557389
227557399
227557409
227557419
227557429
227557439
227557449
227557459
227557469
227557479
227557489
227557499
227557509
227557519
227557529
227557539
227557549
227557559
227557569
227557579
227557589
227557599
227557609
227557619
227557629
227557639
227557649
227557659
227557669
227557679
227557689
227557699
227557709
227557719
227557729
227557739
227557749
227557759
227557769
227557779
227557789
227557799
227557809
227557819
227557829
227557839
227557849
227557859
227557869
227557879
227557889
227557899
227557909
227557919
227557929
227557939
227557949
227557959
227557969
227557979
227557989
227557999
227558009
227558019
227558029
227558039
227558049
227558059
227558069
227558079
227558089
227558099
227558109
227558119
227558129
227558139
227558149
227558159
227558169
227558179
227558189
227558199
227558209
227558219
227558229
227558239
227558249
227558259
227558269
227558279
227558289
227558299
227558309
227558319
227558329
227558339
227558349
227558359
227558369
227558379
227558389
227558399
227558409
227558419
227558429
227558439
227558449
227558459
227558469
227558479
227558489
227558499
227558509
227558519
227558529
227558539
227558549
227558559
227558569
227558579
227558589
227558599
227558609
227558619
227558629
227558639
227558649
227558659
227558669
227558679
227558689
227558699
227558709
227558719
227558729
227558739
227558749
227558759
227558769
227558779
227558789
227558799
227558809
227558819
227558829
227558839
227558849
227558859
227558869
227558879
227558889
227558899
227558909
227558919
227558929
227558939
227558949
227558959
227558969
227558979
227558989
227558999
227559009
227559019
227559029
227559039
227559049
227559059
227559069
227559079
227559089
227559099
227559109
227559119
227559129
227559139
227559149
227559159
227559169
227559179
227559189
227559199
227559209
227559219
227559229
227559239
227559249
227559259
227559269
227559279
227559289
227559299
227559309
227559319
227559329
227559339
227559349
227559359
227559369
227559379
227559389
227559399
227559409
227559419
227559429
227559439
227559449
227559459
227559469
227559479
227559489
227559499
227559509
227559519
227559529
227559539
227559549
227559559
227559569
227559579
227559589
227559599
227559609
227559619
227559629
227559639
227559649
227559659
227559669
227559679
227559689
227559699
227559709
227559719
227559729
227559739
227559749
227559759
227559769
227559779
227559789
227559799
227559809
227559819
227559829
227559839
227559849
227559859
227559869
227559879
227559889
227559899
227559909
227559919
227559929
227559939
227559949
227559959
227559969
227559979
227559989
227559999
227560009
227560019
227560029
227560039
227560049
227560059
227560069
227560079
227560089
227560099
227560109
227560119
227560129
227560139
227560149
227560159
227560169
227560179
227560189
227560199
227560209
227560219
227560229
227560239
227560249
227560259
227560269
227560279
227560289
227560299
227560309
227560319
227560329
227560339
227560349
227560359
227560369
227560379
227560389
227560399
227560409
227560419
227560429
227560439
227560449
227560459
227560469
227560479
227560489
227560499
227560509
227560519
227560529
227560539
227560549
227560559
227560569
227560579
227560589
227560599
227560609
227560619
227560629
227560639
227560649
227560659
227560669
227560679
227560689
227560699
227560709
227560719
227560729
227560739
227560749
227560759
227560769
227560779
227560789
227560799
227560809
227560819
227560829
227560839
227560849
227560859
227560869
227560879
227560889
227560899
227560909
227560919
227560929
227560939
227560949
227560959
227560969
227560979
227560989
227560999
227561009
227561019
227561029
227561039
227561049
227561059
227561069
227561079
227561089
227561099
227561109
227561119
227561129
227561139
227561149
227561159
227561169
227561179
227561189
227561199
227561209
227561219
227561229
227561239
227561249
227561259
227561269
227561279
227561289
227561299
227561309
227561319
227561329
227561339
227561349
227561359
227561369
227561379
227561389
227561399
227561409
227561419
227561429
227561439
227561449
227561459
227561469
227635207
227635217
227635227
227635237
227635247
227635257
227635267
227635277
227635287
227635297
227635307
227635317
227635327
227635337
227635347
227635357
227635367
227635377
227635387
227635397
227635407
227635417
227635427
227635437
227635447
227635457
227635467
227635477
227635487
227635497
227635507
227635517
227635527
227635537
227635547
227635557
227635567
227635577
227635587
227635597
227635607
227635617
227635627
227635637
227635647
227635657
227635667
227635677
227635687
227635697
227635707
227635717
227635727
227635737
227635747
227635757
227635767
227635777
227635787
227635797
227635807
227635817
227635827
227635837
227635847
227635857
227635867
227635877
227635887
227635897
227635907
227635917
227635927
227635937
227635947
227635957
227635967
227635977
227635987
227635997
227636007
227636017
227636027
227636037
227636047
227636057
227636067
227636077
227636087
227636097
227636107
227636117
227636127
227636137
227636147
227636157
227636167
227636177
227636187
227636197
227636207
227636217
227636227
227636237
227636247
227636257
227636267
227636277
227636287
227636297
227636307
227636317
227636327
227636337
227636347
227636357
227636367
227636377
227636387
227636397
227636407
227636417
227636427
227636437
227636447
227636457
227636467
227636477
227636487
227636497
227636507
227636517
227636527
227636537
227636547
227636557
227636567
227636577
227636587
227636597
227636607
227636617
227636627
227636637
227636647
227636657
227636667
227636677
227636687
227636697
227636707
227636717
227636727
227636737
227636747
227636757
227636767
227636777
227636787
227636797
227636807
227636817
227636827
227636837
227636847
227636857
227636867
227636877
227636887
227636897
227636907
227636917
227636927
227636937
227636947
227636957
227636967
227636977
227636987
227636997
227637007
227637017
227637027
227637037
227637047
227637057
227637067
227637077
227637087
227637097
227637107
227637117
227637127
227637137
227637147
227637157
227637167
227637177
227637187
227637197
227637207
227637217
227637227
227637237
227637247
227637257
227637267
227637277
227637287
227637297
227637307
227637317
227637327
227637337
227637347
227637357
227637367
227637377
227637387
227637397
227637407
227637417
227637427
227637437
227637447
227637457
227637467
227637477
227637487
227637497
227637507
227637517
227637527
227637537
227637547
227637557
227637567
227637577
227637587
227637597
227637607
227637617
227637627
227637637
227637647
227637657
227637667
227637677
227637687
227637697
227637707
227637717
227637727
227637737
227637747
227637757
227637767
227637777
227637787
227637797
227637807
227637817
227637827
227637837
227637847
227637857
227637867
227637877
227637887
227637897
227637907
227637917
227637927
227637937
227637947
227637957
227637967
227637977
227637987
227637997
227638007
227638017
227638027
227638037
227638047
227638057
227638067
227638077
227638087
227638097
227638107
227638117
227638127
227638137
227638147
227638157
227638167
227638177
227638187
227638197
227638207
227638217
227638227
227638237
227638247
227638257
227638267
227638277
227638287
227638297
227638307
227638317
227638327
227638337
227638347
227638357
227638367
227638377
227638387
227638397
227638407
227638417
227638427
227638437
227638447
227638457
227638467
227638477
227638487
227638497
227638507
227638517
227638527
227638537
227638547
227638557
227638567
227638577
227638587
227638597
227638607
227638617
227638627
227638637
227638647
227638657
227638667
227638677
227638687
227638697
227638707
227638717
227638727
227638737
227638747
227638757
227638767
227638777
227638787
227638797
227638807
227638817
227638827
227638837
227638847
227638857
227638867
227638877
227638887
227638897
227638907
227638917
227638927
227638937
227638947
227638957
227638967
227638977
227638987
227638997
227639007
227639017
227639027
227639037
227639047
227639057
227639067
227639077
227639087
227639097
227639107
227639117
227639127
227639137
227639147
227639157
227639167
227639177
227639187
227639197
227639207
227639217
227639227
227639237
227639247
227639257
227639267
227639277
227639287
227643393
227643403
227643413
227643423
227643433
227643443
227643453
227643463
227643473
227643483
227643493
227643503
227643513
227643523
227643533
227643543
227643553
227643563
227643573
227643583
227643593
227643603
227643613
227643623
227643633
227643643
227643653
227643663
227643673
227643683
227643693
227643703
227643713
227643723
227643733
227643743
227643753
227643763
227643773
227643783
227643793
227643803
227643813
227643823
227643833
227643843
227643853
227643863
227643873
227643883
227643893
227643903
227643913
227643923
227643933
227643943
227643953
227643963
227643973
227643983
227643993
227644003
227644013
227644023
227644033
227644043
227644053
227644063
227644073
227644083
227644093
227644103
227644113
227644123
227644133
227644143
227644153
227644163
227644173
227644183
227644193
227644203
227644213
227644223
227644233
227644243
227644253
227644263
227644273
227644283
227644293
227644303
227644313
227644323
227644333
227644343
227644353
227644363
227644373
227644383
227644393
227644403
227644413
227644423
227644433
227644443
227644453
227644463
227644473
227644483
227644493
227644503
227644513
227644523
227644533
227644543
227644553
227644563
227644573
227644583
227644593
227644603
227644613
227644623
227644633
227644643
227644653
227644663
227644673
227644683
227644693
227644703
227644713
227644723
227644733
227644743
227644753
227644763
227644773
227644783
227644793
227644803
227644813
227644823
227644833
227644843
227644853
227644863
227644873
227644883
227644893
227644903
227644913
227644923
227644933
227644943
227644953
227644963
227644973
227644983
227644993
227645003
227645013
227645023
227645033
227645043
227645053
227645063
227645073
227645083
227645093
227645103
227645113
227645123
227645133
227645143
227645153
227645163
227645173
227645183
227645193
227645203
227645213
227645223
227645233
227645243
227645253
227645263
227645273
227645283
227645293
227645303
227645313
227645323
227645333
227645343
227645353
227645363
227645373
227645383
227645393
227645403
227645413
227645423
227645433
227645443
227645453
227645463
227645473
227645483
227645493
227645503
227645513
227645523
227645533
227645543
227645553
227645563
227645573
227645583
227645593
227645603
227645613
227645623
227645633
227645643
227645653
227645663
227645673
227645683
227645693
227645703
227645713
227645723
227645733
227645743
227645753
227645763
227645773
227645783
227645793
227645803
227645813
227645823
227645833
227645843
227645853
227645863
227645873
227645883
227645893
227645903
227645913
227645923
227645933
227645943
227645953
227645963
227645973
227645983
227645993
227646003
227646013
227646023
227646033
227646043
227646053
227646063
227646073
227646083
227646093
227646103
227646113
227646123
227646133
227646143
227646153
227646163
227646173
227646183
227646193
227646203
227646213
227646223
227646233
227646243
227646253
227646263
227646273
227646283
227646293
227646303
227646313
227646323
227646333
227646343
227646353
227646363
227646373
227646383
227646393
227646403
227646413
227646423
227646433
227646443
227646453
227646463
227646473
227646483
227646493
227646503
227646513
227646523
227646533
227646543
227646553
227646563
227646573
227646583
227646593
227646603
227646613
227646623
227646633
227646643
227646653
227646663
227646673
227646683
227646693
227646703
227646713
227646723
227646733
227646743
227646753
227646763
227646773
227646783
227646793
227646803
227646813
227646823
227646833
227646843
227646853
227646863
227646873
227646883
227646893
227646903
227646913
227646923
227646933
227646943
227646953
227646963
227646973
227646983
227646993
227647003
227647013
227647023
227647033
227647043
227647053
227647063
227647073
227647083
227647093
227647103
227647113
227647123
227647133
227647143
227647153
227647163
227647173
227647183
227647193
227647203
227647213
227647223
227647233
227647243
227647253
227647263
227647273
227647283
227647293
227647303
227647313
227647323
227647333
227647343
227647353
227647363
227647373
227647383
227647393
227647403
227647413
227647423
227647433
227647443
227647453
227647463
227647473
227647483
227573763
227573773
227573783
227573793
227573803
227573813
227573823
227573833
227573843
227573853
227573863
227573873
227573883
227573893
227573903
227573913
227573923
227573933
227573943
227573953
227573963
227573973
227573982
227573993
227574003
227574013
227574023
227574033
227574043
227574053
227574063
227574073
227574083
227574093
227574103
227574113
227574123
227574133
227574143
227574153
227574163
227574173
227574183
227574193
227574203
227574213
227574223
227574233
227574243
227574253
227574263
227574273
227574283
227574293
227574303
227574313
227574323
227574333
227574343
227574353
227574363
227574373
227574383
227574393
227574403
227574413
227574423
227574433
227574443
227574453
227574463
227574473
227574483
227574493
227574503
227574513
227574523
227574533
227574543
227574553
227574563
227574573
227574583
227574593
227574603
227574613
227574623
227574633
227574643
227574653
227574663
227574673
227574683
227574693
227574703
227574713
227574723
227574733
227574743
227574753
227574763
227574773
227574783
227574793
227574803
227574813
227574823
227574833
227574843
227574853
227574863
227574873
227574883
227574893
227574903
227574913
227574923
227574933
227574943
227574953
227574963
227574973
227574983
227574993
227575003
227575013
227575023
227575033
227575043
227575053
227575063
227575073
227575083
227575093
227575103
227575113
227575123
227575133
227575143
227575153
227575163
227575173
227575183
227575193
227575203
227575213
227575223
227575233
227575243
227575253
227575263
227575273
227575283
227575293
227575303
227575313
227575323
227575333
227575343
227575353
227575363
227575373
227575383
227575393
227575403
227575413
227575423
227575433
227575443
227575453
227575463
227575473
227575483
227575493
227575503
227575513
227575523
227575533
227575543
227575553
227575563
227575573
227575583
227575593
227575603
227575613
227575623
227575633
227575643
227575653
227575663
227575673
227575683
227575693
227575703
227575713
227575723
227575733
227575743
227575753
227575763
227575773
227575783
227575793
227575803
227575813
227575823
227575833
227575843
227575853
227575863
227575873
227575883
227575893
227575903
227575913
227575923
227575933
227575943
227575953
227575963
227575973
227575983
227575993
227576003
227576013
227576023
227576033
227576043
227576053
227576063
227576073
227576083
227576093
227576103
227576113
227576123
227576133
227576143
227576153
227576163
227576173
227576183
227576193
227576203
227576213
227576223
227576233
227576243
227576253
227576263
227576273
227576283
227576293
227576303
227576313
227576323
227576333
227576343
227576353
227576363
227576373
227576383
227576393
227576403
227576413
227576423
227576433
227576443
227576453
227576463
227576473
227576483
227576493
227576503
227576513
227576523
227576533
227576543
227576553
227576563
227576573
227576583
227576593
227576603
227576613
227576623
227576633
227576643
227576653
227576663
227576673
227576683
227576693
227576703
227576713
227576723
227576733
227576743
227576753
227576763
227576773
227576783
227576793
227576803
227576813
227576823
227576833
227576843
227576853
227576863
227576873
227576883
227576893
227576903
227576913
227576923
227576933
227576943
227576953
227576963
227576973
227576983
227576993
227577003
227577013
227577023
227577033
227577043
227577053
227577063
227577073
227577083
227577093
227577103
227577113
227577123
227577133
227577143
227577153
227577163
227577173
227577183
227577193
227577203
227577213
227577223
227577233
227577243
227577253
227577263
227577273
227577283
227577293
227577303
227577313
227577323
227577333
227577343
227577353
227577363
227577373
227577383
227577393
227577403
227577413
227577423
227577433
227577443
227577453
227577463
227577473
227577483
227577493
227577503
227577513
227577523
227577533
227577543
227577553
227577563
227577573
227577583
227577593
227577603
227577613
227577623
227577633
227577643
227577653
227577663
227577673
227577683
227577693
227577703
227577713
227577723
227577733
227577743
227577753
227577763
227577773
227577783
227577793
227577803
227577813
227577823
227577833
227577843
227577853
227590151
227590161
227590171
227590181
227590191
227590201
227590211
227590221
227590231
227590241
227590251
227590261
227590271
227590281
227590291
227590301
227590311
227590321
227590331
227590341
227590351
227590361
227590371
227590381
227590391
227590401
227590411
227590421
227590431
227590441
227590451
227590461
227590471
227590481
227590491
227590501
227590511
227590521
227590531
227590541
227590551
227590561
227590571
227590581
227590591
227590601
227590611
227590621
227590631
227590641
227590651
227590661
227590671
227590681
227590691
227590701
227590711
227590721
227590731
227590741
227590751
227590761
227590771
227590781
227590791
227590801
227590811
227590821
227590831
227590841
227590851
227590861
227590871
227590881
227590891
227590901
227590911
227590921
227590931
227590941
227590951
227590961
227590971
227590981
227590991
227591001
227591011
227591021
227591031
227591041
227591051
227591061
227591071
227591081
227591091
227591101
227591111
227591121
227591131
227591141
227591151
227591161
227591171
227591181
227591191
227591201
227591211
227591221
227591231
227591241
227591251
227591261
227591271
227591281
227591291
227591301
227591311
227591321
227591331
227591341
227591351
227591361
227591371
227591381
227591391
227591401
227591411
227591421
227591431
227591441
227591451
227591461
227591471
227591481
227591491
227591501
227591511
227591521
227591531
227591541
227591551
227591561
227591571
227591581
227591591
227591601
227591611
227591621
227591631
227591641
227591651
227591661
227591671
227591681
227591691
227591701
227591711
227591721
227591731
227591741
227591751
227591761
227591771
227591781
227591791
227591801
227591811
227591821
227591831
227591841
227591851
227591861
227591871
227591881
227591891
227591901
227591911
227591921
227591931
227591941
227591951
227591961
227591971
227591981
227591991
227592001
227592011
227592021
227592031
227592041
227592051
227592061
227592071
227592081
227592091
227592101
227592111
227592121
227592131
227592141
227592151
227592161
227592171
227592181
227592191
227592201
227592211
227592221
227592231
227592241
227592251
227592261
227592271
227592281
227592291
227592301
227592311
227592321
227592331
227592341
227592351
227592361
227592371
227592381
227592391
227592401
227592411
227592421
227592431
227592441
227592451
227592461
227592471
227592481
227592491
227592501
227592511
227592521
227592531
227592541
227592551
227592561
227592571
227592581
227592591
227592601
227592611
227592621
227592631
227592641
227592651
227592661
227592671
227592681
227592691
227592701
227592711
227592721
227592731
227592741
227592751
227592761
227592771
227592781
227592791
227592801
227592811
227592821
227592831
227592841
227592851
227592861
227592871
227592881
227592891
227592901
227592911
227592921
227592931
227592941
227592951
227592961
227592971
227592981
227592991
227593001
227593011
227593021
227593031
227593041
227593051
227593061
227593071
227593081
227593091
227593101
227593111
227593121
227593131
227593141
227593151
227593161
227593171
227593181
227593191
227593201
227593211
227593221
227593231
227593241
227593251
227593261
227593271
227593281
227593291
227593301
227593311
227593321
227593331
227593341
227593351
227593361
227593371
227593381
227593391
227593401
227593411
227593421
227593431
227593441
227593451
227593461
227593471
227593481
227593491
227593501
227593511
227593521
227593531
227593541
227593551
227593561
227593571
227593581
227593591
227593601
227593611
227593621
227593631
227593641
227593651
227593661
227593671
227593681
227593691
227593701
227593711
227593721
227593731
227593741
227593751
227593761
227593771
227593781
227593791
227593801
227593811
227593821
227593831
227593841
227593851
227593861
227593871
227593881
227593891
227593901
227593911
227593921
227593931
227593941
227593951
227593961
227593971
227593981
227593991
227594001
227594011
227594021
227594031
227594041
227594051
227594061
227594071
227594081
227594091
227594101
227594111
227594121
227594131
227594141
227594151
227594161
227594171
227594181
227594191
227594201
227594211
227594221
227594231
227680257
227680267
227680277
227680287
227680297
227680307
227680317
227680327
227680337
227680347
227680357
227680367
227680377
227680387
227680397
227680407
227680417
227680427
227680437
227680447
227680457
227680467
227680477
227680487
227680497
227680507
227680517
227680527
227680537
227680547
227680557
227680567
227680577
227680587
227680597
227680607
227680617
227680627
227680637
227680647
227680657
227680667
227680677
227680687
227680697
227680707
227680717
227680727
227680737
227680747
227680757
227680767
227680777
227680787
227680797
227680807
227680817
227680827
227680837
227680847
227680857
227680867
227680877
227680887
227680897
227680907
227680917
227680927
227680937
227680947
227680957
227680967
227680977
227680987
227680997
227681007
227681017
227681027
227681037
227681047
227681057
227681067
227681077
227681087
227681097
227681107
227681117
227681127
227681137
227681147
227681157
227681167
227681177
227681187
227681197
227681207
227681217
227681227
227681237
227681247
227681257
227681267
227681277
227681287
227681297
227681307
227681317
227681327
227681337
227681347
227681357
227681367
227681377
227681387
227681397
227681407
227681417
227681427
227681437
227681447
227681457
227681467
227681477
227681487
227681497
227681507
227681517
227681527
227681537
227681547
227681557
227681567
227681577
227681587
227681597
227681607
227681617
227681627
227681637
227681647
227681657
227681667
227681677
227681687
227681697
227681707
227681717
227681727
227681737
227681747
227681757
227681767
227681777
227681787
227681797
227681807
227681817
227681827
227681837
227681847
227681857
227681867
227681877
227681887
227681897
227681907
227681917
227681927
227681937
227681947
227681957
227681967
227681977
227681987
227681997
227682007
227682017
227682027
227682037
227682047
227682057
227682067
227682077
227682087
227682097
227682107
227682117
227682127
227682137
227682147
227682157
227682167
227682177
227682187
227682197
227682207
227682217
227682227
227682237
227682247
227682257
227682267
227682277
227682287
227682297
227682307
227682317
227682327
227682337
227682347
227682357
227682367
227682377
227682387
227682397
227682407
227682417
227682427
227682437
227682447
227682457
227682467
227682477
227682487
227682497
227682507
227682517
227682527
227682537
227682547
227682557
227682567
227682577
227682587
227682597
227682607
227682617
227682627
227682637
227682647
227682657
227682667
227682677
227682687
227682697
227682707
227682717
227682727
227682737
227682747
227682757
227682767
227682777
227682787
227682797
227682807
227682817
227682827
227682837
227682847
227682857
227682867
227682877
227682887
227682897
227682907
227682917
227682927
227682937
227682947
227682957
227682967
227682977
227682987
227682997
227683007
227683017
227683027
227683037
227683047
227683057
227683067
227683077
227683087
227683097
227683107
227683117
227683127
227683137
227683147
227683157
227683167
227683177
227683187
227683197
227683207
227683217
227683227
227683237
227683247
227683257
227683267
227683277
227683287
227683297
227683307
227683317
227683327
227683337
227683347
227683357
227683367
227683377
227683387
227683397
227683407
227683417
227683427
227683437
227683447
227683457
227683467
227683477
227683487
227683497
227683507
227683517
227683527
227683537
227683547
227683557
227683567
227683577
227683587
227683597
227683607
227683617
227683627
227683637
227683647
227683657
227683667
227683677
227683687
227683697
227683707
227683717
227683727
227683737
227683747
227683757
227683767
227683777
227683787
227683797
227683807
227683817
227683827
227683837
227683847
227683857
227683867
227683877
227683887
227683897
227683907
227683917
227683927
227683937
227683947
227683957
227683967
227683977
227683987
227683997
227684007
227684017
227684027
227684037
227684047
227684057
227684067
227684077
227684087
227684097
227684107
227684117
227684127
227684137
227684147
227684157
227684167
227684177
227684187
227684197
227684207
227684217
227684227
227684237
227684247
227684257
227684267
227684277
227684287
227684297
227684307
227684317
227684327
227684337
227684347
227733509
227733519
227733529
227733539
227733549
227733559
227733569
227733579
227733589
227733599
227733609
227733619
227733629
227733639
227733649
227733659
227733669
227733679
227733689
227733699
227733709
227733719
227733729
227733739
227733749
227733759
227733769
227733779
227733789
227733799
227733809
227733819
227733829
227733839
227733849
227733859
227733869
227733879
227733889
227733899
227733909
227733919
227733929
227733939
227733949
227733959
227733969
227733979
227733989
227733999
227734009
227734019
227734029
227734039
227734049
227734059
227734069
227734079
227734089
227734099
227734109
227734119
227734129
227734139
227734149
227734159
227734169
227734179
227734189
227734199
227734209
227734219
227734229
227734239
227734249
227734259
227734269
227734279
227734289
227734299
227734309
227734319
227734329
227734339
227734349
227734359
227734369
227734379
227734389
227734399
227734409
227734419
227734429
227734439
227734449
227734459
227734469
227734479
227734489
227734499
227734509
227734519
227734529
227734539
227734549
227734559
227734569
227734579
227734589
227734599
227734609
227734619
227734629
227734639
227734649
227734659
227734669
227734679
227734689
227734699
227734709
227734719
227734729
227734739
227734749
227734759
227734769
227734779
227734789
227734799
227734809
227734819
227734829
227734839
227734849
227734859
227734869
227734879
227734889
227734899
227734909
227734919
227734929
227734939
227734949
227734959
227734969
227734979
227734989
227734999
227735009
227735019
227735029
227735039
227735049
227735059
227735069
227735079
227735089
227735099
227735109
227735119
227735129
227735139
227735149
227735159
227735169
227735179
227735189
227735199
227735209
227735219
227735229
227735239
227735249
227735259
227735269
227735279
227735289
227735299
227735309
227735319
227735329
227735339
227735349
227735359
227735369
227735379
227735389
227735399
227735409
227735419
227735429
227735439
227735449
227735459
227735469
227735479
227735489
227735499
227735509
227735519
227735529
227735539
227735549
227735559
227735569
227735579
227735589
227735599
227735609
227735619
227735629
227735639
227735649
227735659
227735669
227735679
227735689
227735699
227735709
227735719
227735729
227735739
227735749
227735759
227735769
227735779
227735789
227735799
227735809
227735819
227735829
227735839
227735849
227735859
227735869
227735879
227735889
227735899
227735909
227735919
227735929
227735939
227735949
227735959
227735969
227735979
227735989
227735999
227736009
227736019
227736029
227736039
227736049
227736059
227736069
227736079
227736089
227736099
227736109
227736119
227736129
227736139
227736149
227736159
227736169
227736179
227736189
227736199
227736209
227736219
227736229
227736239
227736249
227736259
227736269
227736279
227736289
227736299
227736309
227736319
227736329
227736339
227736349
227736359
227736369
227736379
227736389
227736399
227736409
227736419
227736429
227736439
227736449
227736459
227736469
227736479
227736489
227736499
227736509
227736519
227736529
227736539
227736549
227736559
227736569
227736579
227736589
227736599
227736609
227736619
227736629
227736639
227736649
227736659
227736669
227736679
227736689
227736699
227736709
227736719
227736729
227736739
227736749
227736759
227736769
227736779
227736789
227736799
227736809
227736819
227736829
227736839
227736849
227736859
227736869
227736879
227736889
227736899
227736909
227736919
227736929
227736939
227736949
227736959
227736969
227736979
227736989
227736999
227737009
227737019
227737029
227737039
227737049
227737059
227737069
227737079
227737089
227737099
227737109
227737119
227737129
227737139
227737149
227737159
227737169
227737179
227737189
227737199
227737209
227737219
227737229
227737239
227737249
227737259
227737269
227737279
227737289
227737299
227737309
227737319
227737329
227737339
227737349
227737359
227737369
227737379
227737389
227737399
227737409
227737419
227737429
227737439
227737449
227737459
227737469
227737479
227737489
227737499
227737509
227737519
227737529
227737539
227737549
227737559
227737569
227737579
227737589
227737599
227782659
227782669
227782679
227782689
227782699
227782709
227782719
227782729
227782739
227782749
227782759
227782769
227782779
227782789
227782799
227782809
227782819
227782829
227782839
227782849
227782859
227782869
227782879
227782889
227782899
227782909
227782919
227782929
227782939
227782949
227782959
227782969
227782979
227782989
227782999
227783009
227783019
227783029
227783039
227783049
227783059
227783069
227783079
227783089
227783099
227783109
227783119
227783129
227783139
227783149
227783159
227783169
227783179
227783189
227783199
227783209
227783219
227783229
227783239
227783249
227783259
227783269
227783279
227783289
227783299
227783309
227783319
227783329
227783339
227783349
227783359
227783369
227783379
227783389
227783399
227783409
227783419
227783429
227783439
227783449
227783459
227783469
227783479
227783489
227783499
227783509
227783519
227783529
227783539
227783549
227783559
227783569
227783579
227783589
227783599
227783609
227783619
227783629
227783639
227783649
227783659
227783669
227783679
227783689
227783699
227783709
227783719
227783729
227783739
227783749
227783759
227783769
227783779
227783789
227783799
227783809
227783819
227783829
227783839
227783849
227783859
227783869
227783879
227783889
227783899
227783909
227783919
227783929
227783939
227783949
227783959
227783969
227783979
227783989
227783999
227784009
227784019
227784029
227784039
227784049
227784059
227784069
227784079
227784089
227784099
227784109
227784119
227784129
227784139
227784149
227784159
227784169
227784179
227784189
227784199
227784209
227784219
227784229
227784239
227784249
227784259
227784269
227784279
227784289
227784299
227784309
227784319
227784329
227784339
227784349
227784359
227784369
227784379
227784389
227784399
227784409
227784419
227784429
227784439
227784449
227784459
227784469
227784479
227784489
227784499
227784509
227784519
227784529
227784539
227784549
227784559
227784569
227784579
227784589
227784599
227784609
227784619
227784629
227784639
227784649
227784659
227784669
227784679
227784689
227784699
227784709
227784719
227784729
227784739
227784749
227784759
227784769
227784779
227784789
227784799
227784809
227784819
227784829
227784839
227784849
227784859
227784869
227784879
227784889
227784899
227784909
227784919
227784929
227784939
227784949
227784959
227784969
227784979
227784989
227784999
227785009
227785019
227785029
227785039
227785049
227785059
227785069
227785079
227785089
227785099
227785109
227785119
227785129
227785139
227785149
227785159
227785169
227785179
227785189
227785199
227785209
227785219
227785229
227785239
227785249
227785259
227785269
227785279
227785289
227785299
227785309
227785319
227785329
227785339
227785349
227785359
227785369
227785379
227785389
227785399
227785409
227785419
227785429
227785439
227785449
227785459
227785469
227785479
227785489
227785499
227785509
227785519
227785529
227785539
227785549
227785559
227785569
227785579
227785589
227785599
227785609
227785619
227785629
227785639
227785649
227785659
227785669
227785679
227785689
227785699
227785709
227785719
227785729
227785739
227785749
227785759
227785769
227785779
227785789
227785799
227785809
227785819
227785829
227785839
227785849
227785859
227785869
227785879
227785889
227785899
227785909
227785919
227785929
227785939
227785949
227785959
227785969
227785979
227785989
227785999
227786009
227786019
227786029
227786039
227786049
227786059
227786069
227786079
227786089
227786099
227786109
227786119
227786129
227786139
227786149
227786159
227786169
227786179
227786189
227786199
227786209
227786219
227786229
227786239
227786249
227786259
227786269
227786279
227786289
227786299
227786309
227786319
227786329
227786339
227786349
227786359
227786369
227786379
227786389
227786399
227786409
227786419
227786429
227786439
227786449
227786459
227786469
227786479
227786489
227786499
227786509
227786519
227786529
227786539
227786549
227786559
227786569
227786579
227786589
227786599
227786609
227786619
227786629
227786639
227786649
227786659
227786669
227786679
227786689
227786699
227786709
227786719
227786729
227786739
227786749
227667977
227667987
227667997
227668007
227668017
227668027
227668037
227668047
227668057
227668067
227668077
227668087
227668097
227668107
227668117
227668127
227668137
227668147
227668157
227668167
227668177
227668187
227668197
227668207
227668217
227668227
227668237
227668247
227668257
227668267
227668277
227668287
227668297
227668307
227668317
227668327
227668337
227668347
227668357
227668367
227668377
227668387
227668397
227668407
227668417
227668427
227668437
227668447
227668457
227668467
227668477
227668487
227668497
227668507
227668517
227668527
227668537
227668547
227668557
227668567
227668577
227668587
227668597
227668607
227668617
227668627
227668637
227668647
227668657
227668667
227668677
227668687
227668697
227668707
227668717
227668727
227668737
227668747
227668757
227668767
227668777
227668787
227668797
227668807
227668817
227668827
227668837
227668847
227668857
227668867
227668877
227668887
227668897
227668907
227668917
227668927
227668937
227668947
227668957
227668967
227668977
227668987
227668997
227669007
227669017
227669027
227669037
227669047
227669057
227669067
227669077
227669087
227669097
227669107
227669117
227669127
227669137
227669147
227669157
227669167
227669177
227669187
227669197
227669207
227669217
227669227
227669237
227669247
227669257
227669267
227669277
227669287
227669297
227669307
227669317
227669327
227669337
227669347
227669357
227669367
227669377
227669387
227669397
227669407
227669417
227669427
227669437
227669447
227669457
227669467
227669477
227669487
227669497
227669507
227669517
227669527
227669537
227669547
227669557
227669567
227669577
227669587
227669597
227669607
227669617
227669627
227669637
227669647
227669657
227669667
227669677
227669687
227669697
227669707
227669717
227669727
227669737
227669747
227669757
227669767
227669777
227669787
227669797
227669807
227669817
227669827
227669837
227669847
227669857
227669867
227669877
227669887
227669897
227669907
227669917
227669927
227669937
227669947
227669957
227669967
227669977
227669987
227669997
227670007
227670017
227670027
227670037
227670047
227670057
227670067
227670077
227670087
227670097
227670107
227670117
227670127
227670137
227670147
227670157
227670167
227670177
227670187
227670197
227670207
227670217
227670227
227670237
227670247
227670257
227670267
227670277
227670287
227670297
227670307
227670317
227670327
227670337
227670347
227670357
227670367
227670377
227670387
227670397
227670407
227670417
227670427
227670437
227670447
227670457
227670467
227670477
227670487
227670497
227670507
227670517
227670527
227670537
227670547
227670557
227670567
227670577
227670587
227670597
227670607
227670617
227670627
227670637
227670647
227670657
227670667
227670677
227670687
227670697
227670707
227670717
227670727
227670737
227670747
227670757
227670767
227670777
227670787
227670797
227670807
227670817
227670827
227670837
227670847
227670857
227670867
227670877
227670887
227670897
227670907
227670917
227670927
227670937
227670947
227670957
227670967
227670977
227670987
227670997
227671007
227671017
227671027
227671037
227671047
227671057
227671067
227671077
227671087
227671097
227671107
227671117
227671127
227671137
227671147
227671157
227671177
227671167
227671187
227671197
227671207
227671217
227671227
227671247
227671237
227671257
227671267
227671277
227671287
227671297
227671307
227671317
227671327
227671337
227671347
227671357
227671367
227671377
227671387
227671397
227671407
227671417
227671427
227671437
227671447
227671457
227671467
227671477
227671487
227671497
227671507
227671517
227671527
227671537
227671547
227671557
227671567
227671577
227671587
227671597
227671607
227671617
227671627
227671637
227671647
227671657
227671667
227671677
227671687
227671698
227671707
227671717
227671727
227671737
227671747
227671757
227671767
227671777
227671787
227671797
227671807
227671817
227671827
227671837
227671847
227671857
227671867
227671877
227671887
227671897
227671907
227671917
227671927
227671937
227671947
227671957
227671967
227671977
227671987
227671997
227672007
227672017
227672027
227672037
227672047
227672057
227618825
227618835
227618845
227618855
227618865
227618875
227618885
227618895
227618905
227618915
227618925
227618935
227618945
227618955
227618965
227618975
227618985
227618995
227619005
227619015
227619025
227619035
227619045
227619055
227619065
227619075
227619085
227619095
227619105
227619115
227619125
227619135
227619145
227619155
227619165
227619175
227619185
227619195
227619205
227619215
227619225
227619235
227619245
227619255
227619265
227619275
227619285
227619295
227619305
227619315
227619325
227619335
227619345
227619355
227619365
227619375
227619385
227619395
227619405
227619415
227619425
227619435
227619445
227619455
227619465
227619475
227619485
227619495
227619505
227619515
227619525
227619535
227619545
227619555
227619565
227619575
227619585
227619595
227619605
227619615
227619625
227619635
227619645
227619655
227619665
227619675
227619685
227619695
227619705
227619715
227619725
227619735
227619745
227619755
227619765
227619775
227619785
227619795
227619805
227619815
227619825
227619835
227619845
227619855
227619865
227619875
227619885
227619895
227619905
227619915
227619925
227619935
227619945
227619955
227619965
227619975
227619985
227619995
227620005
227620015
227620025
227620035
227620045
227620055
227620065
227620075
227620085
227620095
227620105
227620115
227620125
227620135
227620145
227620155
227620165
227620175
227620185
227620195
227620205
227620215
227620225
227620235
227620245
227620255
227620265
227620275
227620285
227620295
227620305
227620315
227620325
227620335
227620345
227620355
227620365
227620375
227620385
227620395
227620405
227620415
227620425
227620435
227620445
227620455
227620465
227620475
227620485
227620495
227620505
227620515
227620525
227620535
227620545
227620555
227620565
227620575
227620585
227620595
227620605
227620615
227620625
227620635
227620645
227620655
227620665
227620675
227620685
227620695
227620705
227620715
227620725
227620735
227620745
227620755
227620765
227620775
227620785
227620795
227620805
227620815
227620825
227620835
227620845
227620855
227620865
227620875
227620885
227620895
227620905
227620915
227620925
227620935
227620945
227620955
227620965
227620975
227620985
227620995
227621005
227621015
227621025
227621035
227621045
227621055
227621065
227621075
227621085
227621095
227621105
227621115
227621125
227621135
227621145
227621155
227621165
227621175
227621185
227621195
227621205
227621215
227621225
227621235
227621245
227621255
227621265
227621275
227621285
227621295
227621305
227621315
227621325
227621335
227621345
227621355
227621365
227621375
227621385
227621395
227621405
227621415
227621425
227621435
227621445
227621455
227621465
227621475
227621485
227621495
227621505
227621515
227621525
227621535
227621545
227621555
227621565
227621575
227621585
227621595
227621605
227621615
227621625
227621635
227621645
227621655
227621665
227621675
227621685
227621695
227621705
227621715
227621725
227621735
227621745
227621755
227621765
227621775
227621785
227621795
227621805
227621815
227621825
227621835
227621845
227621855
227621865
227621875
227621885
227621895
227621905
227621915
227621925
227621935
227621945
227621955
227621965
227621975
227621985
227621995
227622005
227622015
227622025
227622035
227622045
227622055
227622065
227622075
227622085
227622095
227622105
227622115
227622125
227622135
227622145
227622155
227622165
227622175
227622185
227622195
227622205
227622215
227622225
227622235
227622245
227622255
227622265
227622275
227622285
227622295
227622305
227622315
227622325
227622335
227622345
227622355
227622365
227622375
227622385
227622395
227622405
227622415
227622425
227622435
227622445
227622455
227622465
227622475
227622485
227622495
227622505
227622515
227622525
227622535
227622545
227622555
227622565
227622575
227622585
227622595
227622605
227622615
227622625
227622635
227622645
227622655
227622665
227622675
227622685
227622695
227622705
227622715
227622725
227622735
227622745
227622755
227622765
227622775
227622785
227622795
227622805
227622815
227622825
227622835
227622845
227622855
227622865
227622875
227622885
227622895
227622905
227676161
227676171
227676181
227676191
227676201
227676211
227676221
227676231
227676241
227676251
227676261
227676271
227676281
227676291
227676301
227676311
227676321
227676331
227676341
227676351
227676361
227676371
227676381
227676391
227676401
227676411
227676421
227676431
227676441
227676451
227676461
227676471
227676481
227676491
227676501
227676511
227676521
227676531
227676541
227676551
227676561
227676571
227676581
227676591
227676601
227676611
227676621
227676631
227676641
227676651
227676661
227676671
227676681
227676691
227676701
227676711
227676721
227676731
227676741
227676751
227676761
227676771
227676781
227676791
227676801
227676811
227676821
227676831
227676841
227676851
227676861
227676871
227676881
227676891
227676901
227676911
227676921
227676931
227676941
227676951
227676961
227676971
227676981
227676991
227677001
227677011
227677021
227677031
227677041
227677051
227677061
227677071
227677081
227677091
227677101
227677111
227677121
227677131
227677141
227677151
227677161
227677171
227677181
227677191
227677201
227677211
227677221
227677231
227677241
227677251
227677261
227677271
227677281
227677291
227677301
227677311
227677321
227677331
227677341
227677351
227677361
227677371
227677381
227677391
227677401
227677411
227677421
227677431
227677441
227677451
227677461
227677471
227677481
227677491
227677501
227677511
227677521
227677531
227677541
227677551
227677561
227677571
227677581
227677591
227677601
227677611
227677621
227677631
227677641
227677651
227677661
227677671
227677681
227677691
227677701
227677711
227677721
227677731
227677741
227677751
227677761
227677771
227677781
227677791
227677801
227677811
227677821
227677831
227677841
227677851
227677861
227677871
227677881
227677891
227677901
227677911
227677921
227677931
227677941
227677951
227677961
227677971
227677981
227677991
227678001
227678011
227678021
227678031
227678041
227678051
227678061
227678071
227678081
227678091
227678101
227678111
227678121
227678131
227678141
227678151
227678161
227678171
227678181
227678191
227678201
227678211
227678221
227678231
227678241
227678251
227678261
227678271
227678281
227678291
227678301
227678311
227678321
227678331
227678341
227678351
227678361
227678371
227678381
227678391
227678401
227678411
227678421
227678431
227678441
227678451
227678461
227678471
227678481
227678491
227678501
227678511
227678521
227678531
227678541
227678551
227678561
227678571
227678581
227678591
227678601
227678611
227678621
227678631
227678641
227678651
227678661
227678671
227678681
227678691
227678701
227678711
227678721
227678731
227678741
227678751
227678761
227678771
227678781
227678791
227678801
227678811
227678821
227678831
227678841
227678851
227678861
227678871
227678881
227678891
227678901
227678911
227678921
227678931
227678941
227678951
227678961
227678971
227678981
227678991
227679001
227679011
227679021
227679031
227679041
227679051
227679061
227679071
227679081
227679091
227679101
227679111
227679121
227679131
227679141
227679151
227679161
227679171
227679181
227679191
227679201
227679211
227679221
227679231
227679241
227679251
227679261
227679271
227679281
227679291
227679301
227679311
227679321
227679331
227679341
227679351
227679361
227679371
227679381
227679391
227679401
227679411
227679421
227679431
227679441
227679451
227679461
227679471
227679481
227679491
227679501
227679511
227679521
227679531
227679541
227679551
227679561
227679571
227679581
227679591
227679601
227679611
227679621
227679631
227679641
227679651
227679661
227679671
227679681
227679691
227679701
227679711
227679721
227679731
227679741
227679751
227679761
227679771
227679781
227679791
227679801
227679811
227679821
227679831
227679841
227679851
227679861
227679871
227679881
227679891
227679901
227679911
227679921
227679931
227679941
227679951
227679961
227679971
227679981
227679991
227680001
227680011
227680021
227680031
227680041
227680051
227680061
227680071
227680081
227680091
227680101
227680111
227680121
227680131
227680141
227680151
227680161
227680171
227680181
227680191
227680201
227680211
227680221
227680231
227680241
227680251
227753989
227753999
227754009
227754019
227754029
227754039
227754049
227754059
227754069
227754079
227754089
227754099
227754109
227754119
227754129
227754139
227754149
227754159
227754169
227754179
227754189
227754199
227754209
227754219
227754229
227754239
227754249
227754259
227754269
227754279
227754289
227754299
227754309
227754319
227754329
227754339
227754349
227754359
227754369
227754379
227754389
227754399
227754409
227754419
227754429
227754439
227754449
227754459
227754469
227754479
227754489
227754499
227754509
227754519
227754529
227754539
227754549
227754559
227754569
227754579
227754589
227754599
227754609
227754619
227754629
227754639
227754649
227754659
227754669
227754679
227754689
227754699
227754709
227754719
227754729
227754739
227754749
227754759
227754769
227754779
227754789
227754799
227754809
227754819
227754829
227754839
227754849
227754859
227754869
227754879
227754889
227754899
227754909
227754919
227754929
227754939
227754949
227754959
227754969
227754979
227754989
227754999
227755009
227755019
227755029
227755039
227755049
227755059
227755069
227755079
227755089
227755099
227755109
227755119
227755129
227755139
227755149
227755159
227755169
227755179
227755189
227755199
227755209
227755219
227755229
227755239
227755249
227755259
227755269
227755279
227755289
227755299
227755309
227755319
227755329
227755339
227755349
227755359
227755369
227755379
227755389
227755399
227755409
227755419
227755429
227755439
227755449
227755459
227755469
227755479
227755489
227755499
227755509
227755519
227755529
227755539
227755549
227755559
227755569
227755579
227755589
227755599
227755609
227755619
227755629
227755639
227755649
227755659
227755669
227755679
227755689
227755699
227755709
227755719
227755729
227755739
227755749
227755759
227755769
227755779
227755789
227755799
227755809
227755819
227755829
227755839
227755849
227755859
227755869
227755879
227755889
227755899
227755909
227755919
227755929
227755939
227755949
227755959
227755969
227755979
227755989
227755999
227756009
227756019
227756029
227756039
227756049
227756059
227756069
227756079
227756089
227756099
227756109
227756119
227756129
227756139
227756149
227756159
227756169
227756179
227756189
227756199
227756209
227756219
227756229
227756239
227756249
227756259
227756269
227756279
227756289
227756299
227756309
227756319
227756329
227756339
227756349
227756359
227756369
227756379
227756389
227756399
227756409
227756419
227756429
227756439
227756449
227756459
227756469
227756479
227756489
227756499
227756509
227756519
227756529
227756539
227756549
227756559
227756569
227756579
227756589
227756599
227756609
227756619
227756629
227756639
227756649
227756659
227756669
227756679
227756689
227756699
227756709
227756719
227756729
227756739
227756749
227756759
227756769
227756779
227756789
227756799
227756809
227756819
227756829
227756839
227756849
227756859
227756869
227756879
227756889
227756899
227756909
227756919
227756929
227756939
227756949
227756959
227756969
227756979
227756989
227756999
227757009
227757019
227757029
227757039
227757049
227757059
227757069
227757079
227757089
227757099
227757109
227757119
227757129
227757139
227757149
227757159
227757169
227757179
227757189
227757199
227757209
227757219
227757229
227757239
227757249
227757259
227757269
227757279
227757289
227757299
227757309
227757319
227757329
227757339
227757349
227757359
227757369
227757379
227757389
227757399
227757409
227757419
227757429
227757439
227757449
227757459
227757469
227757479
227757489
227757499
227757509
227757519
227757529
227757539
227757549
227757559
227757569
227757579
227757589
227757599
227757609
227757619
227757629
227757639
227757649
227757659
227757669
227757679
227757689
227757699
227757709
227757719
227757729
227757739
227757749
227757759
227757769
227757779
227757789
227757799
227757809
227757819
227757829
227757839
227757849
227757859
227757869
227757879
227757889
227757899
227757909
227757919
227757929
227757939
227757949
227757959
227757969
227757979
227757989
227757999
227758009
227758019
227758029
227758039
227758049
227758059
227758069
227758079
227586051
227586061
227586071
227586081
227586091
227586101
227586111
227586121
227586131
227586141
227586151
227586161
227586171
227586181
227586191
227586201
227586211
227586221
227586231
227586241
227586251
227586261
227586271
227586281
227586291
227586301
227586311
227586321
227586331
227586341
227586351
227586361
227586371
227586381
227586391
227586401
227586411
227586421
227586431
227586441
227586451
227586461
227586471
227586481
227586491
227586501
227586511
227586521
227586531
227586541
227586551
227586561
227586571
227586581
227586591
227586601
227586611
227586621
227586631
227586641
227586651
227586661
227586671
227586681
227586691
227586701
227586711
227586721
227586731
227586741
227586751
227586761
227586771
227586781
227586791
227586801
227586811
227586821
227586831
227586841
227586851
227586861
227586871
227586881
227586891
227586901
227586911
227586921
227586931
227586941
227586951
227586961
227586971
227586981
227586991
227587001
227587011
227587021
227587031
227587041
227587051
227587061
227587071
227587081
227587091
227587101
227587111
227587121
227587131
227587141
227587151
227587161
227587171
227587181
227587191
227587201
227587211
227587221
227587231
227587241
227587251
227587261
227587271
227587281
227587291
227587301
227587311
227587321
227587331
227587341
227587351
227587361
227587371
227587381
227587391
227587401
227587411
227587421
227587431
227587441
227587451
227587461
227587471
227587481
227587491
227587501
227587511
227587521
227587531
227587541
227587551
227587561
227587571
227587581
227587591
227587601
227587611
227587621
227587631
227587641
227587651
227587661
227587671
227587681
227587691
227587701
227587711
227587721
227587731
227587741
227587751
227587761
227587771
227587781
227587791
227587801
227587811
227587821
227587831
227587841
227587851
227587861
227587871
227587881
227587891
227587901
227587911
227587921
227587931
227587941
227587951
227587961
227587971
227587981
227587991
227588001
227588011
227588021
227588031
227588041
227588051
227588061
227588071
227588081
227588091
227588101
227588111
227588121
227588131
227588141
227588151
227588161
227588171
227588181
227588191
227588201
227588211
227588221
227588231
227588241
227588251
227588261
227588271
227588281
227588291
227588301
227588311
227588321
227588331
227588341
227588351
227588361
227588371
227588381
227588391
227588401
227588411
227588421
227588431
227588441
227588451
227588461
227588471
227588481
227588491
227588501
227588511
227588521
227588531
227588541
227588551
227588561
227588571
227588581
227588591
227588601
227588611
227588621
227588631
227588641
227588651
227588661
227588671
227588681
227588691
227588701
227588711
227588721
227588731
227588741
227588751
227588761
227588771
227588781
227588791
227588801
227588811
227588821
227588831
227588841
227588851
227588861
227588871
227588881
227588891
227588901
227588911
227588921
227588931
227588941
227588951
227588961
227588971
227588981
227588991
227589001
227589011
227589021
227589031
227589041
227589051
227589061
227589071
227589081
227589091
227589101
227589111
227589121
227589131
227589141
227589151
227589161
227589171
227589181
227589191
227589201
227589211
227589221
227589231
227589241
227589251
227589261
227589271
227589281
227589291
227589301
227589311
227589321
227589331
227589341
227589351
227589361
227589371
227589381
227589391
227589401
227589411
227589421
227589431
227589441
227589451
227589461
227589471
227589481
227589491
227589501
227589511
227589521
227589531
227589541
227589551
227589561
227589571
227589581
227589591
227589601
227589611
227589621
227589631
227589641
227589651
227589661
227589671
227589681
227589691
227589701
227589711
227589721
227589731
227589741
227589751
227589761
227589771
227589781
227589791
227589801
227589811
227589821
227589831
227589841
227589851
227589861
227589871
227589881
227589891
227589901
227589911
227589921
227589931
227589941
227589951
227589961
227589971
227589981
227589991
227590001
227590011
227590021
227590031
227590041
227590051
227590061
227590071
227590081
227590091
227590101
227590111
227590121
227590131
227590141
227700743
227700753
227700763
227700773
227700783
227700793
227700803
227700813
227700823
227700833
227700843
227700853
227700863
227700873
227700883
227700893
227700903
227700913
227700923
227700933
227700943
227700953
227700963
227700973
227700983
227700993
227701003
227701013
227701023
227701033
227701043
227701053
227701063
227701073
227701083
227701093
227701103
227701113
227701123
227701133
227701143
227701153
227701163
227701173
227701183
227701193
227701203
227701213
227701223
227701233
227701243
227701253
227701263
227701273
227701283
227701293
227701303
227701313
227701323
227701333
227701343
227701353
227701363
227701373
227701383
227701393
227701403
227701413
227701423
227701433
227701443
227701453
227701463
227701473
227701483
227701493
227701503
227701513
227701523
227701533
227701543
227701553
227701563
227701573
227701583
227701593
227701603
227701613
227701623
227701633
227701643
227701653
227701663
227701673
227701683
227701693
227701703
227701713
227701723
227701733
227701743
227701753
227701763
227701773
227701783
227701793
227701803
227701813
227701823
227701833
227701843
227701853
227701863
227701873
227701883
227701893
227701903
227701913
227701923
227701933
227701943
227701953
227701963
227701973
227701983
227701993
227702003
227702013
227702023
227702033
227702043
227702053
227702063
227702073
227702083
227702093
227702103
227702113
227702123
227702133
227702143
227702153
227702163
227702173
227702183
227702193
227702203
227702213
227702223
227702233
227702243
227702253
227702263
227702273
227702283
227702293
227702303
227702313
227702323
227702333
227702343
227702353
227702363
227702373
227702383
227702393
227702403
227702413
227702423
227702433
227702443
227702453
227702463
227702473
227702483
227702493
227702503
227702513
227702523
227702533
227702543
227702553
227702563
227702573
227702583
227702593
227702603
227702613
227702623
227702633
227702643
227702653
227702663
227702673
227702683
227702693
227702703
227702713
227702723
227702733
227702743
227702753
227702763
227702773
227702783
227702793
227702803
227702813
227702823
227702833
227702843
227702853
227702863
227702873
227702883
227702893
227702903
227702913
227702923
227702933
227702943
227702953
227702963
227702973
227702983
227702993
227703003
227703013
227703023
227703033
227703043
227703053
227703063
227703073
227703083
227703093
227703103
227703113
227703123
227703133
227703143
227703153
227703163
227703173
227703183
227703193
227703203
227703213
227703223
227703233
227703243
227703253
227703263
227703273
227703283
227703293
227703303
227703313
227703323
227703333
227703343
227703353
227703363
227703373
227703383
227703393
227703403
227703413
227703423
227703433
227703443
227703453
227703463
227703473
227703483
227703493
227703503
227703513
227703523
227703533
227703543
227703553
227703563
227703573
227703583
227703593
227703603
227703613
227703623
227703633
227703643
227703653
227703663
227703673
227703683
227703693
227703703
227703713
227703723
227703733
227703743
227703753
227703763
227703773
227703783
227703793
227703803
227703813
227703823
227703833
227703843
227703853
227703863
227703873
227703883
227703893
227703903
227703913
227703923
227703933
227703943
227703953
227703963
227703973
227703983
227703993
227704003
227704013
227704023
227704033
227704043
227704053
227704063
227704073
227704083
227704093
227704103
227704113
227704123
227704133
227704143
227704153
227704163
227704173
227704183
227704193
227704203
227704213
227704223
227704233
227704243
227704253
227704263
227704273
227704283
227704293
227704303
227704313
227704323
227704333
227704343
227704353
227704363
227704373
227704383
227704393
227704403
227704413
227704423
227704433
227704443
227704453
227704463
227704473
227704483
227704493
227704503
227704513
227704523
227704533
227704543
227704553
227704563
227704573
227704583
227704593
227704603
227704613
227704623
227704633
227704643
227704653
227704663
227704673
227704683
227704693
227704703
227704713
227704723
227704733
227704743
227704753
227704763
227704773
227704783
227704793
227704803
227704813
227704823
227540997
227541007
227541017
227541027
227541037
227541047
227541057
227541067
227541077
227541087
227541097
227541107
227541117
227541127
227541137
227541147
227541157
227541167
227541177
227541187
227541197
227541207
227541217
227541227
227541237
227541247
227541257
227541267
227541277
227541287
227541297
227541307
227541317
227541327
227541337
227541347
227541357
227541367
227541377
227541387
227541397
227541407
227541417
227541427
227541437
227541447
227541457
227541467
227541477
227541487
227541497
227541507
227541517
227541527
227541537
227541547
227541557
227541567
227541577
227541587
227541597
227541607
227541617
227541627
227541637
227541647
227541657
227541667
227541677
227541687
227541697
227541707
227541717
227541727
227541737
227541747
227541757
227541767
227541777
227541787
227541797
227541807
227541817
227541827
227541837
227541847
227541857
227541867
227541877
227541887
227541897
227541907
227541917
227541927
227541937
227541947
227541957
227541967
227541977
227541987
227541997
227542007
227542017
227542027
227542037
227542047
227542057
227542067
227542077
227542087
227542097
227542107
227542117
227542127
227542137
227542147
227542157
227542167
227542177
227542187
227542197
227542207
227542217
227542227
227542237
227542247
227542257
227542267
227542277
227542287
227542297
227542307
227542317
227542327
227542337
227542347
227542357
227542367
227542377
227542387
227542397
227542407
227542417
227542427
227542437
227542447
227542457
227542467
227542477
227542487
227542497
227542507
227542517
227542527
227542537
227542547
227542557
227542567
227542577
227542587
227542597
227542607
227542617
227542627
227542637
227542647
227542657
227542667
227542677
227542687
227542697
227542707
227542717
227542727
227542737
227542747
227542757
227542767
227542777
227542787
227542797
227542807
227542817
227542827
227542837
227542847
227542857
227542867
227542877
227542887
227542897
227542907
227542917
227542927
227542937
227542947
227542957
227542967
227542977
227542987
227542997
227543007
227543017
227543027
227543037
227543047
227543057
227543067
227543077
227543087
227543097
227543107
227543117
227543127
227543137
227543147
227543157
227543167
227543177
227543187
227543197
227543207
227543217
227543227
227543237
227543247
227543257
227543267
227543277
227543287
227543297
227543307
227543317
227543327
227543337
227543347
227543357
227543367
227543377
227543387
227543397
227543407
227543417
227543427
227543437
227543447
227543457
227543467
227543477
227543487
227543497
227543507
227543517
227543527
227543537
227543547
227543557
227543567
227543577
227543587
227543597
227543607
227543617
227543627
227543637
227543647
227543657
227543667
227543677
227543687
227543697
227543707
227543717
227543727
227543737
227543747
227543757
227543767
227543777
227543787
227543797
227543807
227543817
227543827
227543837
227543847
227543857
227543867
227543877
227543887
227543897
227543907
227543917
227543927
227543937
227543947
227543957
227543967
227543977
227543987
227543997
227544007
227544017
227544027
227544037
227544047
227544057
227544067
227544077
227544087
227544097
227544107
227544117
227544127
227544137
227544147
227544157
227544167
227544177
227544187
227544197
227544207
227544217
227544227
227544237
227544247
227544257
227544267
227544277
227544287
227544297
227544307
227544317
227544327
227544337
227544347
227544357
227544367
227544377
227544387
227544397
227544407
227544417
227544427
227544437
227544447
227544457
227544467
227544477
227544487
227544497
227544507
227544517
227544527
227544537
227544547
227544557
227544567
227544577
227544587
227544597
227544607
227544617
227544627
227544637
227544647
227544657
227544667
227544677
227544687
227544697
227544707
227544717
227544727
227544737
227544747
227544757
227544767
227544777
227544787
227544797
227544807
227544817
227544827
227544837
227544847
227544857
227544867
227544877
227544887
227544897
227544907
227544917
227544927
227544937
227544947
227544957
227544967
227544977
227544987
227544997
227545007
227545017
227545027
227545037
227545047
227545057
227545067
227545077
227545087
227790853
227790863
227790873
227790883
227790893
227790903
227790913
227790923
227790933
227790943
227790953
227790963
227790973
227790983
227790993
227791003
227791013
227791023
227791033
227791043
227791053
227791063
227791073
227791083
227791093
227791103
227791113
227791123
227791133
227791143
227791153
227791163
227791173
227791183
227791193
227791203
227791213
227791223
227791233
227791243
227791253
227791263
227791273
227791283
227791293
227791303
227791313
227791323
227791333
227791343
227791353
227791363
227791373
227791383
227791393
227791403
227791413
227791423
227791433
227791443
227791453
227791463
227791473
227791483
227791493
227791503
227791513
227791523
227791533
227791543
227791553
227791563
227791573
227791583
227791593
227791603
227791613
227791623
227791633
227791643
227791653
227791663
227791673
227791683
227791693
227791703
227791713
227791723
227791733
227791743
227791753
227791763
227791773
227791783
227791793
227791803
227791813
227791823
227791833
227791843
227791853
227791863
227791873
227791883
227791893
227791903
227791913
227791923
227791933
227791943
227791953
227791963
227791973
227791983
227791993
227792003
227792013
227792023
227792033
227792043
227792053
227792063
227792073
227792083
227792093
227792103
227792113
227792123
227792133
227792143
227792153
227792163
227792173
227792183
227792193
227792203
227792213
227792223
227792233
227792243
227792253
227792263
227792273
227792283
227792293
227792303
227792313
227792323
227792333
227792343
227792353
227792363
227792373
227792383
227792393
227792403
227792413
227792423
227792433
227792443
227792453
227792463
227792473
227792483
227792493
227792503
227792513
227792523
227792533
227792543
227792553
227792563
227792573
227792583
227792593
227792603
227792613
227792623
227792633
227792643
227792653
227792663
227792673
227792683
227792693
227792703
227792713
227792723
227792733
227792743
227792753
227792763
227792773
227792783
227792793
227792803
227792813
227792823
227792833
227792843
227792853
227792863
227792873
227792883
227792893
227792903
227792913
227792923
227792933
227792943
227792953
227792963
227792973
227792983
227792993
227793003
227793013
227793023
227793033
227793043
227793053
227793063
227793073
227793083
227793093
227793103
227793113
227793123
227793133
227793143
227793153
227793163
227793173
227793183
227793193
227793203
227793213
227793223
227793233
227793243
227793253
227793263
227793273
227793283
227793293
227793303
227793313
227793323
227793333
227793343
227793353
227793363
227793373
227793383
227793393
227793403
227793413
227793423
227793433
227793443
227793453
227793463
227793473
227793483
227793493
227793503
227793513
227793523
227793533
227793543
227793553
227793563
227793573
227793583
227793593
227793603
227793613
227793623
227793633
227793643
227793653
227793663
227793673
227793683
227793693
227793703
227793713
227793723
227793733
227793743
227793753
227793763
227793773
227793783
227793793
227793803
227793813
227793823
227793833
227793843
227793853
227793863
227793873
227793883
227793893
227793903
227793913
227793923
227793933
227793943
227793953
227793963
227793973
227793983
227793993
227794003
227794013
227794023
227794033
227794043
227794053
227794063
227794073
227794083
227794093
227794103
227794113
227794123
227794133
227794143
227794153
227794163
227794173
227794183
227794193
227794203
227794213
227794223
227794233
227794243
227794253
227794263
227794273
227794283
227794293
227794303
227794313
227794323
227794333
227794343
227794353
227794363
227794373
227794383
227794393
227794403
227794413
227794423
227794433
227794443
227794453
227794463
227794473
227794483
227794493
227794503
227794513
227794523
227794533
227794543
227794553
227794563
227794573
227794583
227794593
227794603
227794613
227794623
227794633
227794643
227794653
227794663
227794673
227794683
227794693
227794703
227794713
227794723
227794733
227794743
227794753
227794763
227794773
227794783
227794793
227794803
227794813
227794823
227794833
227794843
227794853
227794863
227794873
227794883
227794893
227794903
227794913
227794923
227794933
227794943
227799041
227799051
227799061
227799071
227799081
227799091
227799101
227799111
227799121
227799131
227799141
227799151
227799161
227799171
227799181
227799191
227799201
227799211
227799221
227799231
227799241
227799251
227799261
227799271
227799281
227799291
227799301
227799311
227799321
227799331
227799341
227799351
227799361
227799371
227799381
227799391
227799401
227799411
227799421
227799431
227799441
227799451
227799461
227799471
227799481
227799491
227799501
227799511
227799521
227799531
227799541
227799551
227799561
227799571
227799581
227799591
227799601
227799611
227799621
227799631
227799641
227799651
227799661
227799671
227799681
227799691
227799701
227799711
227799721
227799731
227799741
227799751
227799761
227799771
227799781
227799791
227799801
227799811
227799821
227799831
227799841
227799851
227799861
227799871
227799881
227799891
227799901
227799911
227799921
227799931
227799941
227799951
227799961
227799971
227799981
227799991
227800001
227800011
227800021
227800031
227800041
227800051
227800061
227800071
227800081
227800091
227800101
227800111
227800121
227800131
227800141
227800151
227800161
227800171
227800181
227800191
227800201
227800211
227800221
227800231
227800241
227800251
227800261
227800271
227800281
227800291
227800301
227800311
227800321
227800331
227800341
227800351
227800361
227800371
227800381
227800391
227800401
227800411
227800421
227800431
227800441
227800451
227800461
227800471
227800481
227800491
227800501
227800511
227800521
227800531
227800541
227800551
227800561
227800571
227800581
227800591
227800601
227800611
227800621
227800631
227800641
227800651
227800661
227800671
227800681
227800691
227800701
227800711
227800721
227800731
227800741
227800751
227800761
227800771
227800781
227800791
227800801
227800811
227800821
227800831
227800841
227800851
227800861
227800871
227800881
227800891
227800901
227800911
227800921
227800931
227800941
227800951
227800961
227800971
227800981
227800991
227801001
227801011
227801021
227801031
227801041
227801051
227801061
227801071
227801081
227801091
227801101
227801111
227801121
227801131
227801141
227801151
227801161
227801171
227801181
227801191
227801201
227801211
227801221
227801231
227801241
227801251
227801261
227801271
227801281
227801291
227801301
227801311
227801321
227801331
227801341
227801351
227801361
227801371
227801381
227801391
227801401
227801411
227801421
227801431
227801441
227801451
227801461
227801471
227801481
227801491
227801501
227801511
227801521
227801531
227801541
227801551
227801561
227801571
227801581
227801591
227801601
227801611
227801621
227801631
227801641
227801651
227801661
227801671
227801681
227801691
227801701
227801711
227801721
227801731
227801741
227801751
227801761
227801771
227801781
227801791
227801801
227801811
227801821
227801831
227801841
227801851
227801861
227801871
227801881
227801891
227801901
227801911
227801921
227801931
227801941
227801951
227801961
227801971
227801981
227801991
227802001
227802011
227802021
227802031
227802041
227802051
227802061
227802071
227802081
227802091
227802101
227802111
227802121
227802131
227802141
227802151
227802161
227802171
227802181
227802191
227802201
227802211
227802221
227802231
227802241
227802251
227802261
227802271
227802281
227802291
227802301
227802311
227802321
227802331
227802341
227802351
227802361
227802371
227802381
227802391
227802401
227802411
227802421
227802431
227802441
227802451
227802461
227802471
227802481
227802491
227802501
227802511
227802521
227802531
227802541
227802551
227802561
227802571
227802581
227802591
227802601
227802611
227802621
227802631
227802641
227802651
227802661
227802671
227802681
227802691
227802701
227802711
227802721
227802731
227802741
227802751
227802761
227802771
227802781
227802791
227802801
227802811
227802821
227802831
227802841
227802851
227802861
227802871
227802881
227802891
227802901
227802911
227802921
227802931
227802941
227802951
227802961
227802971
227802981
227802991
227803001
227803011
227803021
227803031
227803041
227803051
227803061
227803071
227803081
227803091
227803101
227803111
227803121
227803131
227594243
227594253
227594263
227594273
227594283
227594293
227594303
227594313
227594323
227594333
227594343
227594353
227594363
227594373
227594383
227594393
227594403
227594413
227594423
227594433
227594443
227594453
227594463
227594473
227594483
227594493
227594503
227594513
227594523
227594533
227594543
227594553
227594563
227594573
227594583
227594593
227594603
227594613
227594623
227594633
227594643
227594653
227594663
227594673
227594683
227594693
227594703
227594713
227594723
227594733
227594743
227594753
227594763
227594773
227594783
227594793
227594803
227594813
227594823
227594833
227594843
227594853
227594863
227594873
227594883
227594893
227594903
227594913
227594923
227594933
227594943
227594953
227594963
227594973
227594983
227594993
227595003
227595013
227595023
227595033
227595043
227595053
227595063
227595073
227595083
227595093
227595103
227595113
227595123
227595133
227595143
227595153
227595163
227595173
227595183
227595193
227595203
227595213
227595223
227595233
227595243
227595253
227595263
227595273
227595283
227595293
227595303
227595313
227595323
227595333
227595343
227595353
227595363
227595373
227595383
227595393
227595403
227595413
227595423
227595433
227595443
227595453
227595463
227595473
227595483
227595493
227595503
227595513
227595523
227595533
227595543
227595553
227595563
227595573
227595583
227595593
227595603
227595613
227595623
227595633
227595643
227595653
227595663
227595673
227595683
227595693
227595703
227595713
227595723
227595733
227595743
227595753
227595763
227595773
227595783
227595793
227595803
227595813
227595823
227595833
227595843
227595853
227595863
227595873
227595883
227595893
227595903
227595913
227595923
227595933
227595943
227595953
227595963
227595973
227595983
227595993
227596003
227596013
227596023
227596033
227596043
227596053
227596063
227596073
227596083
227596093
227596103
227596113
227596123
227596133
227596143
227596153
227596163
227596173
227596183
227596193
227596203
227596213
227596223
227596233
227596243
227596253
227596263
227596273
227596283
227596293
227596303
227596313
227596323
227596333
227596343
227596353
227596363
227596373
227596383
227596393
227596403
227596413
227596423
227596433
227596443
227596453
227596463
227596473
227596483
227596493
227596503
227596513
227596523
227596533
227596543
227596553
227596563
227596573
227596583
227596593
227596603
227596613
227596623
227596633
227596643
227596653
227596663
227596673
227596683
227596693
227596703
227596713
227596723
227596733
227596743
227596753
227596763
227596773
227596783
227596793
227596803
227596813
227596823
227596833
227596843
227596853
227596863
227596873
227596883
227596893
227596903
227596913
227596923
227596933
227596943
227596953
227596963
227596973
227596983
227596993
227597003
227597013
227597023
227597033
227597043
227597053
227597063
227597073
227597083
227597093
227597103
227597113
227597123
227597133
227597143
227597153
227597163
227597173
227597183
227597193
227597203
227597213
227597223
227597233
227597243
227597253
227597263
227597273
227597283
227597293
227597303
227597313
227597323
227597333
227597343
227597353
227597363
227597373
227597383
227597393
227597403
227597413
227597423
227597433
227597443
227597453
227597463
227597473
227597483
227597493
227597503
227597513
227597523
227597533
227597543
227597553
227597563
227597573
227597583
227597593
227597603
227597613
227597623
227597633
227597643
227597653
227597663
227597673
227597683
227597693
227597703
227597713
227597723
227597733
227597743
227597753
227597763
227597773
227597783
227597793
227597803
227597813
227597823
227597833
227597843
227597853
227597863
227597873
227597883
227597893
227597903
227597913
227597923
227597933
227597943
227597953
227597963
227597973
227597983
227597993
227598003
227598013
227598023
227598033
227598043
227598053
227598063
227598073
227598083
227598093
227598103
227598113
227598123
227598133
227598143
227598153
227598163
227598173
227598183
227598193
227598203
227598213
227598223
227598233
227598243
227598253
227598263
227598273
227598283
227598293
227598303
227598313
227598323
227598333
227713029
227713039
227713049
227713059
227713069
227713079
227713089
227713099
227713109
227713119
227713129
227713139
227713149
227713159
227713169
227713179
227713189
227713199
227713209
227713219
227713229
227713239
227713249
227713259
227713269
227713279
227713289
227713299
227713309
227713319
227713329
227713339
227713349
227713359
227713369
227713379
227713389
227713399
227713409
227713419
227713429
227713439
227713449
227713459
227713469
227713479
227713489
227713499
227713509
227713519
227713529
227713539
227713549
227713559
227713569
227713579
227713589
227713599
227713609
227713619
227713629
227713639
227713649
227713659
227713669
227713679
227713689
227713699
227713709
227713719
227713729
227713739
227713749
227713759
227713769
227713779
227713789
227713799
227713809
227713819
227713829
227713839
227713849
227713859
227713869
227713879
227713889
227713899
227713909
227713919
227713929
227713939
227713949
227713959
227713969
227713979
227713989
227713999
227714009
227714019
227714029
227714039
227714049
227714059
227714069
227714079
227714089
227714099
227714109
227714119
227714129
227714139
227714149
227714159
227714169
227714179
227714189
227714199
227714209
227714219
227714229
227714239
227714249
227714259
227714269
227714279
227714289
227714299
227714309
227714319
227714329
227714339
227714349
227714359
227714369
227714379
227714389
227714399
227714409
227714419
227714429
227714439
227714449
227714459
227714469
227714479
227714489
227714499
227714509
227714519
227714529
227714539
227714549
227714559
227714569
227714579
227714589
227714599
227714609
227714619
227714629
227714639
227714649
227714659
227714669
227714679
227714689
227714699
227714709
227714719
227714729
227714739
227714749
227714759
227714769
227714779
227714789
227714799
227714809
227714819
227714829
227714839
227714849
227714859
227714869
227714879
227714889
227714899
227714909
227714919
227714929
227714939
227714949
227714959
227714969
227714979
227714989
227714999
227715009
227715019
227715029
227715039
227715049
227715059
227715069
227715079
227715089
227715099
227715109
227715119
227715129
227715139
227715149
227715159
227715169
227715179
227715189
227715199
227715209
227715219
227715229
227715239
227715249
227715259
227715269
227715279
227715289
227715299
227715309
227715319
227715329
227715339
227715349
227715359
227715369
227715379
227715389
227715399
227715409
227715419
227715429
227715439
227715449
227715459
227715469
227715479
227715489
227715499
227715509
227715519
227715529
227715539
227715549
227715559
227715569
227715579
227715589
227715599
227715609
227715619
227715629
227715639
227715649
227715659
227715669
227715679
227715689
227715699
227715709
227715719
227715729
227715739
227715749
227715759
227715769
227715779
227715789
227715799
227715809
227715819
227715829
227715839
227715849
227715859
227715869
227715879
227715889
227715899
227715909
227715919
227715929
227715939
227715949
227715959
227715969
227715979
227715989
227715999
227716009
227716019
227716029
227716039
227716049
227716059
227716069
227716079
227716089
227716099
227716109
227716119
227716129
227716139
227716149
227716159
227716169
227716179
227716189
227716199
227716209
227716229
227716219
227716239
227716249
227716259
227716269
227716279
227716289
227716299
227716309
227716319
227716329
227716339
227716349
227716359
227716369
227716379
227716389
227716399
227716409
227716419
227716429
227716439
227716449
227716459
227716469
227716479
227716489
227716499
227716509
227716519
227716529
227716539
227716549
227716559
227716569
227716579
227716589
227716599
227716609
227716619
227716629
227716639
227716649
227716659
227716669
227716679
227716689
227716699
227716709
227716719
227716729
227716739
227716749
227716759
227716769
227716779
227716789
227716799
227716809
227716819
227716829
227716839
227716849
227716859
227716869
227716879
227716889
227716899
227716909
227716919
227716929
227716939
227716949
227716959
227716969
227716979
227716989
227716999
227717009
227717019
227717029
227717039
227717049
227717059
227717069
227717079
227717089
227717099
227717109
227717119
227721225
227721235
227721245
227721255
227721265
227721275
227721285
227721295
227721305
227721315
227721325
227721335
227721345
227721355
227721365
227721375
227721385
227721395
227721405
227721415
227721425
227721435
227721445
227721455
227721465
227721475
227721485
227721495
227721505
227721515
227721525
227721535
227721545
227721555
227721565
227721575
227721585
227721595
227721605
227721615
227721625
227721635
227721645
227721655
227721665
227721675
227721685
227721695
227721705
227721715
227721725
227721735
227721745
227721755
227721765
227721775
227721785
227721795
227721805
227721815
227721825
227721835
227721845
227721855
227721865
227721875
227721885
227721895
227721905
227721915
227721925
227721935
227721945
227721955
227721965
227721975
227721985
227721995
227722005
227722015
227722025
227722035
227722045
227722055
227722065
227722075
227722085
227722095
227722105
227722115
227722125
227722135
227722145
227722155
227722165
227722175
227722185
227722195
227722205
227722215
227722225
227722235
227722245
227722255
227722265
227722275
227722285
227722295
227722305
227722315
227722325
227722335
227722345
227722355
227722365
227722375
227722385
227722395
227722405
227722415
227722425
227722435
227722445
227722455
227722465
227722475
227722485
227722495
227722505
227722515
227722525
227722535
227722545
227722555
227722565
227722575
227722585
227722595
227722605
227722615
227722625
227722635
227722645
227722655
227722665
227722675
227722685
227722695
227722705
227722715
227722725
227722735
227722745
227722755
227722765
227722775
227722785
227722795
227722805
227722815
227722825
227722835
227722845
227722855
227722865
227722875
227722885
227722895
227722905
227722915
227722925
227722935
227722945
227722955
227722965
227722975
227722985
227722995
227723005
227723015
227723025
227723035
227723045
227723055
227723065
227723075
227723085
227723095
227723105
227723115
227723125
227723135
227723145
227723155
227723165
227723175
227723185
227723195
227723205
227723215
227723225
227723235
227723245
227723255
227723265
227723275
227723285
227723295
227723305
227723315
227723325
227723335
227723345
227723355
227723365
227723375
227723385
227723395
227723405
227723415
227723425
227723435
227723445
227723455
227723465
227723475
227723485
227723495
227723505
227723515
227723525
227723535
227723545
227723555
227723565
227723575
227723585
227723595
227723605
227723615
227723625
227723635
227723645
227723655
227723665
227723675
227723685
227723695
227723705
227723715
227723725
227723735
227723745
227723755
227723765
227723775
227723785
227723795
227723805
227723815
227723825
227723835
227723845
227723855
227723865
227723875
227723885
227723895
227723905
227723915
227723925
227723935
227723945
227723955
227723965
227723975
227723985
227723995
227724005
227724015
227724025
227724035
227724045
227724055
227724065
227724075
227724085
227724095
227724105
227724115
227724125
227724135
227724145
227724155
227724165
227724175
227724185
227724195
227724205
227724215
227724225
227724235
227724245
227724255
227724265
227724275
227724285
227724295
227724305
227724315
227724325
227724335
227724345
227724355
227724365
227724375
227724385
227724395
227724405
227724415
227724425
227724435
227724445
227724455
227724465
227724475
227724485
227724495
227724505
227724515
227724525
227724535
227724545
227724555
227724565
227724575
227724585
227724595
227724605
227724615
227724625
227724635
227724645
227724655
227724665
227724675
227724685
227724695
227724705
227724715
227724725
227724735
227724745
227724755
227724765
227724775
227724785
227724795
227724805
227724815
227724825
227724835
227724845
227724855
227724865
227724875
227724885
227724895
227724905
227724915
227724925
227724935
227724945
227724955
227724965
227724975
227724985
227724995
227725005
227725015
227725025
227725035
227725045
227725055
227725065
227725075
227725085
227725095
227725105
227725115
227725125
227725135
227725145
227725155
227725165
227725175
227725185
227725195
227725205
227725215
227725225
227725235
227725245
227725255
227725265
227725275
227725285
227725295
227725305
227598339
227598349
227598359
227598369
227598379
227598389
227598399
227598409
227598419
227598429
227598439
227598449
227598459
227598469
227598479
227598489
227598499
227598509
227598519
227598529
227598539
227598549
227598559
227598569
227598579
227598589
227598599
227598609
227598619
227598629
227598639
227598649
227598659
227598669
227598679
227598689
227598699
227598709
227598719
227598729
227598739
227598749
227598759
227598769
227598779
227598789
227598799
227598809
227598819
227598829
227598839
227598849
227598859
227598869
227598879
227598889
227598899
227598909
227598919
227598929
227598939
227598949
227598959
227598969
227598979
227598989
227598999
227599009
227599019
227599029
227599039
227599049
227599059
227599069
227599079
227599089
227599099
227599109
227599119
227599129
227599139
227599149
227599159
227599169
227599179
227599189
227599199
227599209
227599219
227599229
227599239
227599249
227599259
227599269
227599279
227599289
227599299
227599309
227599319
227599329
227599339
227599349
227599359
227599369
227599379
227599389
227599399
227599409
227599419
227599429
227599439
227599449
227599459
227599469
227599479
227599489
227599499
227599509
227599519
227599529
227599539
227599549
227599559
227599569
227599579
227599589
227599599
227599609
227599619
227599629
227599639
227599649
227599659
227599669
227599679
227599689
227599699
227599709
227599719
227599729
227599739
227599749
227599759
227599769
227599779
227599789
227599799
227599809
227599819
227599829
227599839
227599849
227599859
227599869
227599879
227599889
227599899
227599909
227599919
227599929
227599939
227599949
227599959
227599969
227599979
227599989
227599999
227600009
227600019
227600029
227600039
227600049
227600059
227600069
227600079
227600089
227600099
227600109
227600119
227600129
227600139
227600149
227600159
227600169
227600179
227600189
227600199
227600209
227600219
227600229
227600239
227600249
227600259
227600269
227600279
227600289
227600299
227600309
227600319
227600329
227600339
227600349
227600359
227600369
227600379
227600389
227600399
227600409
227600419
227600429
227600439
227600449
227600459
227600469
227600479
227600489
227600499
227600509
227600519
227600529
227600539
227600549
227600559
227600569
227600579
227600589
227600599
227600609
227600619
227600629
227600639
227600649
227600659
227600669
227600679
227600689
227600699
227600709
227600719
227600729
227600739
227600749
227600759
227600769
227600779
227600789
227600799
227600809
227600819
227600829
227600839
227600849
227600859
227600869
227600879
227600889
227600899
227600909
227600919
227600929
227600939
227600949
227600959
227600969
227600979
227600989
227600999
227601009
227601019
227601029
227601039
227601049
227601059
227601069
227601079
227601089
227601099
227601109
227601119
227601129
227601139
227601149
227601159
227601169
227601179
227601189
227601199
227601209
227601219
227601229
227601239
227601249
227601259
227601269
227601279
227601289
227601299
227601309
227601319
227601329
227601339
227601349
227601359
227601369
227601379
227601389
227601399
227601409
227601419
227601429
227601439
227601449
227601459
227601469
227601479
227601489
227601499
227601509
227601519
227601529
227601539
227601549
227601559
227601569
227601579
227601589
227601599
227601609
227601619
227601629
227601639
227601649
227601659
227601669
227601679
227601689
227601699
227601709
227601719
227601729
227601739
227601749
227601759
227601769
227601779
227601789
227601799
227601809
227601819
227601829
227601839
227601849
227601859
227601869
227601879
227601889
227601899
227601909
227601919
227601929
227601939
227601949
227601960
227601969
227601979
227601989
227601999
227602009
227602019
227602029
227602039
227602049
227602059
227602069
227602079
227602089
227602099
227602109
227602119
227602129
227602139
227602149
227602159
227602169
227602179
227602189
227602199
227602209
227602219
227602229
227602239
227602249
227602259
227602269
227602279
227602289
227602299
227602309
227602319
227602329
227602339
227602349
227602359
227602369
227602379
227602389
227602399
227602409
227602419
227602429
227549191
227549201
227549211
227549221
227549231
227549241
227549251
227549261
227549271
227549281
227549291
227549301
227549311
227549321
227549331
227549341
227549351
227549361
227549371
227549381
227549391
227549401
227549411
227549421
227549431
227549441
227549451
227549461
227549471
227549481
227549491
227549501
227549511
227549521
227549531
227549541
227549551
227549561
227549571
227549581
227549591
227549601
227549611
227549621
227549631
227549641
227549651
227549661
227549671
227549681
227549691
227549701
227549711
227549721
227549731
227549741
227549751
227549761
227549771
227549781
227549791
227549801
227549811
227549821
227549831
227549841
227549851
227549861
227549871
227549881
227549891
227549901
227549911
227549921
227549931
227549941
227549951
227549961
227549971
227549981
227549991
227550001
227550011
227550021
227550031
227550041
227550051
227550061
227550071
227550081
227550091
227550101
227550111
227550121
227550131
227550141
227550151
227550161
227550171
227550181
227550191
227550201
227550211
227550221
227550231
227550241
227550251
227550261
227550271
227550281
227550291
227550301
227550311
227550321
227550331
227550341
227550351
227550361
227550371
227550381
227550391
227550401
227550411
227550421
227550431
227550441
227550451
227550461
227550471
227550481
227550491
227550501
227550511
227550521
227550531
227550541
227550551
227550561
227550571
227550581
227550591
227550601
227550611
227550621
227550631
227550641
227550651
227550661
227550671
227550681
227550691
227550701
227550711
227550721
227550731
227550741
227550751
227550761
227550771
227550781
227550791
227550801
227550811
227550821
227550831
227550841
227550851
227550861
227550871
227550881
227550891
227550901
227550911
227550921
227550931
227550941
227550951
227550961
227550971
227550981
227550991
227551001
227551011
227551021
227551031
227551041
227551051
227551061
227551071
227551081
227551091
227551101
227551111
227551121
227551131
227551141
227551151
227551161
227551171
227551181
227551191
227551201
227551211
227551221
227551231
227551241
227551251
227551261
227551271
227551281
227551291
227551301
227551311
227551321
227551331
227551341
227551351
227551361
227551371
227551381
227551391
227551401
227551411
227551421
227551431
227551441
227551451
227551461
227551471
227551481
227551491
227551501
227551511
227551521
227551531
227551541
227551551
227551561
227551571
227551581
227551591
227551601
227551611
227551621
227551631
227551641
227551651
227551661
227551671
227551681
227551691
227551701
227551711
227551721
227551731
227551741
227551751
227551761
227551771
227551781
227551791
227551801
227551811
227551821
227551831
227551841
227551851
227551861
227551871
227551881
227551891
227551901
227551911
227551921
227551931
227551941
227551951
227551961
227551971
227551981
227551991
227552001
227552011
227552021
227552031
227552041
227552051
227552061
227552071
227552081
227552091
227552101
227552111
227552121
227552131
227552141
227552151
227552161
227552171
227552181
227552191
227552201
227552211
227552221
227552231
227552241
227552251
227552261
227552271
227552281
227552291
227552301
227552311
227552321
227552331
227552341
227552351
227552361
227552371
227552381
227552391
227552401
227552411
227552421
227552431
227552441
227552451
227552461
227552471
227552481
227552491
227552501
227552511
227552521
227552531
227552541
227552551
227552561
227552571
227552581
227552591
227552601
227552611
227552621
227552631
227552641
227552651
227552661
227552671
227552681
227552691
227552701
227552711
227552721
227552731
227552741
227552751
227552761
227552771
227552781
227552791
227552801
227552811
227552821
227552831
227552841
227552851
227552861
227552871
227552881
227552891
227552901
227552911
227552921
227552931
227552941
227552951
227552961
227552971
227552981
227552991
227553001
227553011
227553021
227553031
227553041
227553051
227553061
227553071
227553081
227553091
227553101
227553111
227553121
227553131
227553141
227553151
227553161
227553171
227553181
227553191
227553201
227553211
227553221
227553231
227553241
227553251
227553261
227553271
227696649
227696659
227696669
227696679
227696689
227696699
227696709
227696719
227696729
227696739
227696749
227696759
227696769
227696779
227696789
227696799
227696809
227696819
227696829
227696839
227696849
227696859
227696869
227696879
227696889
227696899
227696909
227696919
227696929
227696939
227696949
227696959
227696969
227696979
227696989
227696999
227697009
227697019
227697029
227697039
227697049
227697059
227697069
227697079
227697089
227697099
227697109
227697119
227697129
227697139
227697149
227697159
227697169
227697179
227697189
227697199
227697209
227697219
227697229
227697239
227697249
227697259
227697269
227697279
227697289
227697299
227697309
227697319
227697329
227697339
227697349
227697359
227697369
227697379
227697389
227697399
227697409
227697419
227697429
227697439
227697449
227697459
227697469
227697479
227697489
227697499
227697509
227697519
227697529
227697539
227697549
227697559
227697569
227697579
227697589
227697599
227697609
227697619
227697629
227697639
227697649
227697659
227697669
227697679
227697689
227697699
227697709
227697719
227697729
227697739
227697749
227697759
227697769
227697779
227697789
227697799
227697809
227697819
227697829
227697839
227697849
227697859
227697869
227697879
227697889
227697899
227697909
227697919
227697929
227697939
227697949
227697959
227697969
227697979
227697989
227697999
227698009
227698019
227698029
227698039
227698049
227698059
227698069
227698079
227698089
227698099
227698109
227698119
227698129
227698139
227698149
227698159
227698169
227698179
227698189
227698199
227698209
227698219
227698229
227698239
227698249
227698259
227698269
227698279
227698289
227698299
227698309
227698319
227698329
227698339
227698349
227698359
227698369
227698379
227698389
227698399
227698409
227698419
227698429
227698439
227698449
227698459
227698469
227698479
227698489
227698499
227698509
227698519
227698529
227698539
227698549
227698559
227698569
227698579
227698589
227698599
227698609
227698619
227698629
227698639
227698649
227698659
227698669
227698679
227698689
227698699
227698709
227698719
227698729
227698739
227698749
227698759
227698769
227698779
227698789
227698799
227698809
227698819
227698829
227698839
227698849
227698859
227698869
227698879
227698889
227698899
227698909
227698919
227698929
227698939
227698949
227698959
227698969
227698979
227698989
227698999
227699009
227699019
227699029
227699039
227699049
227699059
227699069
227699079
227699089
227699099
227699109
227699119
227699129
227699139
227699149
227699159
227699169
227699179
227699189
227699199
227699209
227699219
227699229
227699239
227699249
227699259
227699269
227699279
227699289
227699299
227699309
227699319
227699329
227699339
227699349
227699359
227699369
227699379
227699389
227699399
227699409
227699419
227699429
227699439
227699449
227699459
227699469
227699479
227699489
227699499
227699509
227699519
227699529
227699539
227699549
227699559
227699569
227699579
227699589
227699599
227699609
227699619
227699629
227699639
227699649
227699659
227699669
227699679
227699689
227699699
227699709
227699719
227699729
227699739
227699749
227699759
227699769
227699779
227699789
227699799
227699809
227699819
227699829
227699839
227699849
227699859
227699869
227699879
227699889
227699899
227699909
227699919
227699929
227699939
227699949
227699959
227699969
227699979
227699989
227699999
227700009
227700019
227700029
227700039
227700049
227700059
227700069
227700079
227700089
227700099
227700109
227700119
227700129
227700139
227700149
227700159
227700169
227700179
227700189
227700199
227700209
227700219
227700229
227700239
227700249
227700259
227700269
227700279
227700289
227700299
227700309
227700319
227700329
227700339
227700349
227700359
227700369
227700379
227700389
227700399
227700409
227700419
227700429
227700439
227700449
227700459
227700469
227700479
227700489
227700499
227700509
227700519
227700529
227700539
227700549
227700559
227700569
227700579
227700589
227700599
227700609
227700619
227700629
227700639
227700649
227700659
227700669
227700679
227700689
227700699
227700709
227700719
227700729
227631105
227631115
227631125
227631135
227631145
227631155
227631165
227631175
227631185
227631195
227631205
227631215
227631225
227631235
227631245
227631255
227631265
227631275
227631285
227631295
227631305
227631315
227631325
227631335
227631345
227631355
227631365
227631375
227631385
227631395
227631405
227631415
227631425
227631435
227631445
227631455
227631465
227631475
227631485
227631495
227631505
227631515
227631525
227631535
227631545
227631555
227631565
227631575
227631585
227631595
227631605
227631615
227631625
227631635
227631645
227631655
227631665
227631675
227631685
227631695
227631705
227631715
227631725
227631735
227631745
227631755
227631765
227631775
227631785
227631795
227631805
227631815
227631825
227631835
227631845
227631855
227631865
227631875
227631885
227631895
227631905
227631915
227631925
227631935
227631945
227631955
227631965
227631975
227631985
227631995
227632005
227632015
227632025
227632035
227632045
227632055
227632065
227632075
227632085
227632095
227632105
227632115
227632125
227632135
227632145
227632155
227632165
227632175
227632185
227632195
227632205
227632215
227632225
227632235
227632245
227632255
227632265
227632275
227632285
227632295
227632305
227632315
227632325
227632335
227632345
227632355
227632365
227632375
227632385
227632395
227632405
227632415
227632425
227632435
227632445
227632455
227632465
227632475
227632485
227632495
227632505
227632515
227632525
227632535
227632545
227632555
227632565
227632575
227632585
227632595
227632605
227632615
227632625
227632635
227632645
227632655
227632665
227632675
227632685
227632695
227632705
227632715
227632725
227632735
227632745
227632755
227632765
227632775
227632785
227632795
227632805
227632815
227632825
227632835
227632845
227632855
227632865
227632875
227632885
227632895
227632905
227632915
227632925
227632935
227632945
227632955
227632965
227632975
227632985
227632995
227633005
227633015
227633025
227633035
227633045
227633055
227633065
227633075
227633085
227633095
227633105
227633115
227633125
227633135
227633145
227633155
227633165
227633175
227633185
227633195
227633205
227633215
227633225
227633235
227633245
227633255
227633265
227633275
227633285
227633295
227633305
227633315
227633325
227633335
227633345
227633355
227633365
227633375
227633385
227633395
227633405
227633415
227633425
227633435
227633445
227633455
227633465
227633475
227633485
227633495
227633505
227633515
227633525
227633535
227633545
227633555
227633565
227633575
227633585
227633595
227633605
227633615
227633625
227633635
227633645
227633655
227633665
227633675
227633685
227633695
227633705
227633715
227633725
227633735
227633745
227633755
227633765
227633775
227633785
227633795
227633805
227633815
227633825
227633835
227633845
227633855
227633865
227633875
227633885
227633895
227633905
227633915
227633925
227633935
227633945
227633955
227633965
227633975
227633985
227633995
227634005
227634015
227634025
227634035
227634045
227634055
227634065
227634075
227634085
227634095
227634105
227634115
227634125
227634135
227634145
227634155
227634165
227634175
227634185
227634195
227634205
227634215
227634225
227634235
227634245
227634255
227634265
227634275
227634285
227634295
227634305
227634315
227634325
227634335
227634345
227634355
227634365
227634375
227634385
227634395
227634405
227634415
227634425
227634435
227634445
227634455
227634465
227634475
227634485
227634495
227634505
227634515
227634525
227634535
227634545
227634555
227634565
227634575
227634585
227634595
227634605
227634615
227634625
227634635
227634645
227634655
227634665
227634675
227634685
227634695
227634705
227634715
227634725
227634735
227634745
227634755
227634765
227634775
227634785
227634795
227634805
227634815
227634825
227634835
227634845
227634855
227634865
227634875
227634885
227634895
227634905
227634915
227634925
227634935
227634945
227634955
227634965
227634975
227634985
227634995
227635005
227635015
227635025
227635035
227635045
227635055
227635065
227635075
227635085
227635095
227635105
227635115
227635125
227635135
227635145
227635155
227635165
227635175
227635185
227635195
227655685
227655695
227655705
227655715
227655725
227655735
227655745
227655755
227655765
227655775
227655785
227655795
227655805
227655815
227655825
227655835
227655845
227655855
227655865
227655875
227655885
227655895
227655905
227655915
227655925
227655935
227655945
227655955
227655965
227655975
227655985
227655995
227656005
227656015
227656025
227656035
227656045
227656055
227656065
227656075
227656085
227656095
227656105
227656115
227656125
227656135
227656145
227656155
227656165
227656175
227656185
227656195
227656205
227656215
227656225
227656235
227656245
227656255
227656265
227656275
227656285
227656295
227656305
227656315
227656325
227656335
227656345
227656355
227656365
227656375
227656385
227656395
227656405
227656415
227656425
227656435
227656445
227656455
227656465
227656475
227656485
227656495
227656505
227656515
227656525
227656535
227656545
227656555
227656565
227656575
227656585
227656595
227656605
227656615
227656625
227656635
227656645
227656655
227656665
227656675
227656685
227656695
227656705
227656715
227656725
227656735
227656745
227656755
227656765
227656775
227656785
227656795
227656805
227656815
227656825
227656835
227656845
227656855
227656865
227656875
227656885
227656895
227656905
227656915
227656925
227656935
227656945
227656955
227656965
227656975
227656985
227656995
227657005
227657015
227657025
227657035
227657045
227657055
227657065
227657075
227657085
227657095
227657105
227657115
227657125
227657135
227657145
227657155
227657165
227657175
227657185
227657195
227657205
227657215
227657225
227657235
227657245
227657255
227657265
227657275
227657285
227657295
227657305
227657315
227657325
227657335
227657345
227657355
227657365
227657375
227657385
227657395
227657405
227657415
227657425
227657435
227657445
227657455
227657465
227657475
227657485
227657495
227657505
227657515
227657525
227657535
227657545
227657555
227657565
227657575
227657585
227657595
227657605
227657615
227657625
227657635
227657645
227657655
227657665
227657675
227657685
227657695
227657705
227657715
227657725
227657735
227657745
227657755
227657765
227657775
227657785
227657795
227657805
227657815
227657825
227657835
227657845
227657855
227657865
227657875
227657885
227657895
227657905
227657915
227657925
227657935
227657945
227657955
227657965
227657975
227657985
227657995
227658005
227658015
227658025
227658035
227658045
227658055
227658065
227658075
227658085
227658095
227658105
227658115
227658125
227658135
227658145
227658155
227658165
227658175
227658185
227658195
227658205
227658215
227658225
227658235
227658245
227658255
227658265
227658275
227658285
227658295
227658305
227658315
227658325
227658335
227658345
227658355
227658365
227658375
227658385
227658395
227658405
227658415
227658425
227658435
227658445
227658455
227658465
227658475
227658485
227658495
227658505
227658515
227658525
227658535
227658545
227658555
227658565
227658575
227658585
227658595
227658605
227658615
227658625
227658635
227658645
227658655
227658665
227658675
227658685
227658695
227658705
227658715
227658725
227658735
227658745
227658755
227658765
227658775
227658785
227658795
227658805
227658815
227658825
227658835
227658845
227658855
227658865
227658875
227658885
227658895
227658905
227658915
227658925
227658935
227658945
227658955
227658965
227658975
227658985
227658995
227659005
227659015
227659025
227659035
227659045
227659055
227659065
227659075
227659085
227659095
227659105
227659115
227659125
227659135
227659145
227659155
227659165
227659175
227659185
227659195
227659205
227659215
227659225
227659235
227659245
227659255
227659265
227659275
227659285
227659295
227659305
227659315
227659325
227659335
227659345
227659355
227659365
227659375
227659385
227659395
227659405
227659415
227659425
227659435
227659445
227659455
227659465
227659475
227659485
227659495
227659505
227659515
227659525
227659535
227659545
227659555
227659565
227659575
227659585
227659595
227659605
227659615
227659625
227659635
227659645
227659655
227659665
227659675
227659685
227659695
227659705
227659715
227659725
227659735
227659745
227659755
227659765
227659775
227577857
227577867
227577877
227577887
227577897
227577907
227577917
227577927
227577937
227577947
227577957
227577967
227577977
227577987
227577997
227578007
227578017
227578027
227578037
227578047
227578057
227578067
227578077
227578087
227578097
227578107
227578117
227578127
227578137
227578147
227578157
227578167
227578177
227578187
227578197
227578207
227578217
227578227
227578237
227578247
227578257
227578267
227578277
227578287
227578297
227578307
227578317
227578327
227578337
227578347
227578357
227578367
227578377
227578387
227578397
227578407
227578417
227578427
227578437
227578447
227578457
227578467
227578477
227578487
227578497
227578507
227578517
227578527
227578537
227578547
227578557
227578567
227578577
227578587
227578597
227578607
227578617
227578627
227578637
227578647
227578657
227578667
227578677
227578687
227578697
227578707
227578717
227578727
227578737
227578747
227578757
227578767
227578777
227578787
227578797
227578807
227578817
227578827
227578837
227578847
227578857
227578867
227578877
227578887
227578897
227578907
227578917
227578927
227578937
227578947
227578957
227578967
227578977
227578987
227578997
227579007
227579017
227579027
227579037
227579047
227579057
227579067
227579077
227579087
227579097
227579107
227579117
227579127
227579137
227579147
227579157
227579167
227579177
227579187
227579197
227579207
227579217
227579227
227579237
227579247
227579257
227579267
227579277
227579287
227579297
227579307
227579317
227579327
227579337
227579347
227579357
227579367
227579377
227579387
227579397
227579407
227579417
227579427
227579437
227579447
227579457
227579467
227579477
227579487
227579497
227579507
227579517
227579527
227579537
227579547
227579557
227579567
227579577
227579587
227579597
227579607
227579617
227579627
227579637
227579647
227579657
227579667
227579677
227579687
227579697
227579707
227579717
227579727
227579737
227579747
227579757
227579767
227579777
227579787
227579797
227579807
227579817
227579827
227579837
227579847
227579857
227579867
227579877
227579887
227579897
227579907
227579917
227579927
227579937
227579947
227579957
227579967
227579977
227579987
227579997
227580007
227580017
227580027
227580037
227580047
227580057
227580067
227580077
227580087
227580097
227580107
227580117
227580127
227580137
227580147
227580157
227580167
227580177
227580187
227580197
227580207
227580217
227580227
227580237
227580247
227580257
227580267
227580277
227580287
227580297
227580307
227580317
227580327
227580337
227580347
227580357
227580367
227580377
227580387
227580397
227580407
227580417
227580427
227580437
227580447
227580457
227580467
227580477
227580487
227580497
227580507
227580517
227580527
227580537
227580547
227580557
227580567
227580577
227580587
227580597
227580607
227580617
227580627
227580637
227580647
227580657
227580667
227580677
227580687
227580697
227580707
227580717
227580727
227580737
227580747
227580757
227580767
227580777
227580787
227580797
227580807
227580817
227580827
227580837
227580847
227580857
227580867
227580877
227580887
227580897
227580907
227580917
227580927
227580937
227580947
227580957
227580967
227580977
227580987
227580997
227581007
227581017
227581027
227581037
227581047
227581057
227581067
227581077
227581087
227581097
227581107
227581117
227581127
227581137
227581147
227581157
227581167
227581177
227581187
227581197
227581207
227581217
227581227
227581237
227581247
227581257
227581267
227581277
227581287
227581297
227581307
227581317
227581327
227581337
227581347
227581357
227581367
227581377
227581387
227581397
227581407
227581417
227581427
227581437
227581447
227581457
227581467
227581477
227581487
227581497
227581507
227581517
227581527
227581537
227581547
227581557
227581567
227581577
227581587
227581597
227581607
227581617
227581627
227581637
227581647
227581657
227581667
227581677
227581687
227581697
227581707
227581717
227581727
227581737
227581747
227581757
227581767
227581777
227581787
227581797
227581807
227581817
227581827
227581837
227581847
227581857
227581867
227581877
227581887
227581897
227581907
227581917
227581927
227581937
227581947
227602437
227602447
227602457
227602467
227602477
227602487
227602497
227602507
227602517
227602527
227602537
227602547
227602557
227602567
227602577
227602587
227602597
227602607
227602617
227602627
227602637
227602647
227602657
227602667
227602677
227602687
227602697
227602707
227602717
227602727
227602737
227602747
227602757
227602767
227602777
227602787
227602797
227602807
227602817
227602827
227602837
227602847
227602857
227602867
227602877
227602887
227602897
227602907
227602917
227602927
227602937
227602947
227602957
227602967
227602977
227602987
227602997
227603007
227603017
227603027
227603037
227603047
227603057
227603067
227603077
227603087
227603097
227603107
227603117
227603127
227603137
227603147
227603157
227603167
227603177
227603187
227603197
227603207
227603217
227603227
227603237
227603247
227603257
227603267
227603277
227603287
227603297
227603307
227603317
227603327
227603337
227603347
227603357
227603367
227603377
227603387
227603397
227603407
227603417
227603427
227603437
227603447
227603457
227603467
227603477
227603487
227603497
227603507
227603517
227603527
227603537
227603547
227603557
227603567
227603577
227603587
227603597
227603607
227603617
227603627
227603637
227603647
227603657
227603667
227603677
227603687
227603697
227603707
227603717
227603727
227603737
227603747
227603757
227603767
227603777
227603787
227603797
227603807
227603817
227603827
227603837
227603847
227603857
227603867
227603877
227603887
227603897
227603907
227603917
227603927
227603937
227603947
227603957
227603967
227603977
227603987
227603997
227604007
227604017
227604027
227604037
227604047
227604057
227604067
227604077
227604087
227604097
227604107
227604117
227604127
227604137
227604147
227604157
227604167
227604177
227604187
227604197
227604207
227604217
227604227
227604237
227604247
227604257
227604267
227604277
227604287
227604297
227604307
227604317
227604327
227604337
227604347
227604357
227604367
227604377
227604387
227604397
227604407
227604417
227604427
227604437
227604447
227604457
227604467
227604477
227604487
227604497
227604507
227604517
227604527
227604537
227604547
227604557
227604567
227604577
227604587
227604597
227604607
227604617
227604627
227604637
227604647
227604657
227604667
227604677
227604687
227604697
227604707
227604717
227604727
227604737
227604747
227604757
227604767
227604777
227604787
227604797
227604807
227604817
227604827
227604837
227604847
227604857
227604867
227604877
227604887
227604897
227604907
227604917
227604927
227604937
227604947
227604957
227604967
227604977
227604987
227604997
227605007
227605017
227605027
227605037
227605047
227605057
227605067
227605077
227605087
227605097
227605107
227605117
227605127
227605137
227605147
227605157
227605167
227605177
227605187
227605197
227605207
227605217
227605227
227605237
227605247
227605257
227605267
227605277
227605287
227605297
227605307
227605317
227605327
227605337
227605347
227605357
227605367
227605377
227605387
227605397
227605407
227605417
227605427
227605437
227605447
227605457
227605467
227605477
227605487
227605497
227605507
227605517
227605527
227605537
227605547
227605557
227605567
227605577
227605587
227605597
227605607
227605617
227605627
227605637
227605647
227605657
227605667
227605677
227605687
227605697
227605707
227605717
227605727
227605737
227605747
227605757
227605767
227605777
227605787
227605797
227605807
227605817
227605827
227605837
227605847
227605857
227605867
227605877
227605887
227605897
227605907
227605917
227605927
227605937
227605947
227605957
227605967
227605977
227605987
227605997
227606007
227606017
227606027
227606037
227606047
227606057
227606067
227606077
227606087
227606097
227606107
227606117
227606127
227606137
227606147
227606157
227606167
227606177
227606187
227606197
227606207
227606217
227606227
227606237
227606247
227606257
227606267
227606277
227606287
227606297
227606307
227606317
227606327
227606337
227606347
227606357
227606367
227606377
227606387
227606397
227606407
227606417
227606427
227606437
227606447
227606457
227606467
227606477
227606487
227606497
227606507
227606517
227606527
227762177
227762187
227762197
227762207
227762217
227762227
227762237
227762247
227762257
227762267
227762277
227762287
227762297
227762307
227762317
227762327
227762337
227762347
227762357
227762367
227762377
227762387
227762397
227762407
227762417
227762427
227762437
227762447
227762457
227762467
227762477
227762487
227762497
227762507
227762517
227762527
227762537
227762547
227762557
227762567
227762577
227762587
227762597
227762607
227762617
227762627
227762637
227762647
227762657
227762667
227762677
227762687
227762697
227762707
227762717
227762727
227762737
227762747
227762757
227762767
227762777
227762787
227762797
227762807
227762817
227762827
227762837
227762847
227762857
227762867
227762877
227762887
227762897
227762907
227762917
227762927
227762937
227762947
227762957
227762967
227762977
227762987
227762997
227763007
227763017
227763027
227763037
227763047
227763057
227763067
227763077
227763087
227763097
227763107
227763117
227763127
227763137
227763147
227763157
227763167
227763177
227763187
227763197
227763207
227763217
227763227
227763237
227763247
227763257
227763267
227763277
227763287
227763297
227763307
227763317
227763327
227763337
227763347
227763357
227763367
227763377
227763387
227763397
227763407
227763417
227763427
227763437
227763447
227763457
227763467
227763477
227763487
227763497
227763507
227763517
227763527
227763537
227763547
227763557
227763567
227763577
227763587
227763597
227763607
227763617
227763627
227763637
227763647
227763657
227763667
227763677
227763687
227763697
227763707
227763717
227763727
227763737
227763747
227763757
227763767
227763777
227763787
227763797
227763807
227763817
227763827
227763837
227763847
227763857
227763867
227763877
227763887
227763897
227763907
227763917
227763927
227763937
227763947
227763957
227763967
227763977
227763987
227763997
227764007
227764017
227764027
227764037
227764047
227764057
227764067
227764077
227764087
227764097
227764107
227764117
227764127
227764137
227764147
227764157
227764167
227764177
227764187
227764197
227764207
227764217
227764227
227764237
227764247
227764257
227764267
227764277
227764287
227764297
227764307
227764317
227764327
227764337
227764347
227764357
227764367
227764377
227764387
227764397
227764407
227764417
227764427
227764437
227764447
227764457
227764467
227764477
227764487
227764497
227764507
227764517
227764527
227764537
227764547
227764557
227764567
227764577
227764587
227764597
227764607
227764617
227764627
227764637
227764647
227764657
227764667
227764677
227764687
227764697
227764707
227764717
227764727
227764737
227764747
227764757
227764767
227764777
227764787
227764797
227764807
227764817
227764827
227764837
227764847
227764857
227764867
227764877
227764887
227764897
227764907
227764917
227764927
227764937
227764947
227764957
227764967
227764977
227764987
227764997
227765007
227765017
227765027
227765037
227765047
227765057
227765067
227765077
227765087
227765097
227765107
227765117
227765127
227765137
227765147
227765157
227765167
227765177
227765187
227765197
227765207
227765217
227765227
227765237
227765247
227765257
227765267
227765277
227765287
227765297
227765307
227765317
227765327
227765337
227765347
227765357
227765367
227765377
227765387
227765397
227765407
227765417
227765427
227765437
227765447
227765457
227765467
227765477
227765487
227765497
227765507
227765517
227765527
227765537
227765547
227765557
227765567
227765577
227765587
227765597
227765607
227765617
227765627
227765637
227765647
227765657
227765667
227765677
227765687
227765697
227765707
227765717
227765727
227765737
227765747
227765757
227765767
227765777
227765787
227765797
227765807
227765817
227765827
227765837
227765847
227765857
227765867
227765877
227765887
227765897
227765907
227765917
227765927
227765937
227765947
227765957
227765967
227765977
227765987
227765997
227766007
227766017
227766027
227766037
227766047
227766057
227766067
227766077
227766087
227766097
227766107
227766117
227766127
227766137
227766147
227766157
227766167
227766177
227766187
227766197
227766207
227766217
227766227
227766237
227766247
227766257
227766267
227786757
227786767
227786777
227786787
227786797
227786807
227786817
227786827
227786837
227786847
227786857
227786867
227786877
227786887
227786897
227786907
227786917
227786927
227786937
227786947
227786957
227786967
227786977
227786987
227786997
227787007
227787017
227787027
227787037
227787047
227787057
227787067
227787077
227787087
227787097
227787107
227787117
227787127
227787137
227787147
227787157
227787167
227787177
227787187
227787197
227787207
227787217
227787227
227787237
227787247
227787257
227787267
227787277
227787287
227787297
227787307
227787317
227787327
227787337
227787347
227787357
227787367
227787377
227787387
227787397
227787407
227787417
227787427
227787437
227787447
227787457
227787467
227787477
227787487
227787497
227787507
227787517
227787527
227787537
227787547
227787557
227787567
227787577
227787587
227787597
227787607
227787617
227787627
227787637
227787647
227787657
227787667
227787677
227787687
227787697
227787707
227787717
227787727
227787737
227787747
227787757
227787767
227787777
227787787
227787797
227787807
227787817
227787827
227787837
227787847
227787857
227787867
227787877
227787887
227787897
227787907
227787917
227787927
227787937
227787947
227787957
227787967
227787977
227787987
227787997
227788007
227788017
227788027
227788037
227788047
227788057
227788067
227788077
227788087
227788097
227788107
227788117
227788127
227788137
227788147
227788157
227788167
227788177
227788187
227788197
227788207
227788217
227788227
227788237
227788247
227788257
227788267
227788277
227788287
227788297
227788307
227788317
227788327
227788337
227788347
227788357
227788367
227788377
227788387
227788397
227788407
227788417
227788427
227788437
227788447
227788457
227788467
227788477
227788487
227788497
227788507
227788517
227788527
227788537
227788547
227788557
227788567
227788577
227788587
227788597
227788607
227788617
227788627
227788637
227788647
227788657
227788667
227788677
227788687
227788697
227788707
227788717
227788727
227788737
227788747
227788757
227788767
227788777
227788787
227788797
227788807
227788817
227788827
227788837
227788847
227788857
227788867
227788877
227788887
227788897
227788907
227788917
227788927
227788937
227788947
227788957
227788967
227788977
227788987
227788997
227789007
227789017
227789027
227789037
227789047
227789057
227789067
227789077
227789087
227789097
227789107
227789117
227789127
227789137
227789147
227789157
227789167
227789177
227789187
227789197
227789207
227789217
227789227
227789237
227789247
227789257
227789267
227789277
227789287
227789297
227789307
227789317
227789327
227789337
227789347
227789357
227789367
227789377
227789387
227789397
227789407
227789417
227789427
227789437
227789447
227789457
227789467
227789477
227789487
227789497
227789507
227789517
227789527
227789537
227789547
227789557
227789567
227789577
227789587
227789597
227789607
227789617
227789627
227789637
227789647
227789657
227789667
227789677
227789687
227789697
227789707
227789717
227789727
227789737
227789747
227789757
227789767
227789777
227789787
227789797
227789807
227789817
227789827
227789837
227789847
227789857
227789867
227789877
227789887
227789897
227789907
227789917
227789927
227789937
227789947
227789957
227789967
227789977
227789987
227789997
227790007
227790017
227790027
227790037
227790047
227790057
227790067
227790077
227790087
227790097
227790107
227790117
227790127
227790137
227790147
227790157
227790167
227790177
227790187
227790197
227790207
227790217
227790227
227790237
227790247
227790257
227790267
227790277
227790287
227790297
227790307
227790317
227790327
227790337
227790347
227790357
227790367
227790377
227790387
227790397
227790407
227790417
227790427
227790437
227790447
227790457
227790467
227790477
227790487
227790497
227790507
227790517
227790527
227790537
227790547
227790557
227790567
227790577
227790587
227790597
227790607
227790617
227790627
227790637
227790647
227790657
227790667
227790677
227790687
227790697
227790707
227790717
227790727
227790737
227790747
227790757
227790767
227790777
227790787
227790797
227790807
227790817
227790827
227790837
227790847
227606537
227606547
227606557
227606567
227606577
227606587
227606597
227606607
227606617
227606627
227606637
227606647
227606657
227606667
227606677
227606687
227606697
227606707
227606717
227606727
227606737
227606747
227606757
227606767
227606777
227606787
227606797
227606807
227606817
227606827
227606837
227606847
227606857
227606867
227606877
227606887
227606897
227606907
227606917
227606927
227606937
227606947
227606957
227606967
227606977
227606987
227606997
227607007
227607017
227607027
227607037
227607047
227607057
227607067
227607077
227607087
227607097
227607107
227607117
227607127
227607137
227607147
227607157
227607167
227607177
227607187
227607197
227607207
227607217
227607227
227607237
227607247
227607257
227607267
227607277
227607287
227607297
227607307
227607317
227607327
227607337
227607347
227607357
227607367
227607377
227607387
227607397
227607407
227607417
227607427
227607437
227607447
227607457
227607467
227607477
227607487
227607497
227607507
227607517
227607527
227607537
227607547
227607557
227607567
227607577
227607587
227607597
227607607
227607617
227607627
227607637
227607647
227607657
227607667
227607677
227607687
227607697
227607707
227607717
227607727
227607737
227607747
227607757
227607767
227607777
227607787
227607797
227607807
227607817
227607827
227607837
227607847
227607857
227607867
227607877
227607887
227607897
227607907
227607917
227607927
227607937
227607947
227607957
227607967
227607977
227607987
227607997
227608007
227608017
227608027
227608037
227608047
227608057
227608067
227608077
227608087
227608097
227608107
227608117
227608127
227608137
227608147
227608157
227608167
227608177
227608187
227608197
227608207
227608217
227608227
227608237
227608247
227608257
227608267
227608277
227608287
227608297
227608307
227608317
227608327
227608337
227608347
227608357
227608367
227608377
227608387
227608397
227608407
227608417
227608427
227608437
227608447
227608457
227608467
227608477
227608487
227608497
227608507
227608517
227608527
227608537
227608547
227608557
227608567
227608577
227608587
227608597
227608607
227608617
227608627
227608637
227608647
227608657
227608667
227608677
227608687
227608697
227608707
227608717
227608727
227608737
227608747
227608757
227608767
227608777
227608787
227608797
227608807
227608817
227608827
227608837
227608847
227608857
227608867
227608877
227608887
227608897
227608907
227608917
227608927
227608937
227608947
227608957
227608967
227608977
227608987
227608997
227609007
227609017
227609027
227609037
227609047
227609057
227609067
227609077
227609087
227609097
227609107
227609117
227609127
227609137
227609147
227609157
227609167
227609177
227609187
227609197
227609207
227609217
227609227
227609237
227609247
227609257
227609267
227609277
227609287
227609297
227609307
227609317
227609327
227609337
227609347
227609357
227609367
227609377
227609387
227609397
227609407
227609417
227609427
227609437
227609447
227609457
227609467
227609477
227609487
227609497
227609507
227609517
227609527
227609537
227609547
227609557
227609567
227609577
227609587
227609597
227609607
227609617
227609627
227609637
227609647
227609657
227609667
227609677
227609687
227609697
227609707
227609717
227609727
227609737
227609747
227609757
227609767
227609777
227609787
227609797
227609807
227609817
227609827
227609837
227609847
227609857
227609867
227609877
227609887
227609897
227609907
227609917
227609927
227609937
227609947
227609957
227609967
227609977
227609987
227609997
227610007
227610017
227610027
227610037
227610047
227610057
227610067
227610077
227610087
227610097
227610107
227610117
227610127
227610137
227610147
227610157
227610167
227610177
227610187
227610197
227610207
227610217
227610227
227610237
227610247
227610257
227610267
227610277
227610287
227610297
227610307
227610317
227610327
227610337
227610347
227610357
227610367
227610377
227610387
227610397
227610407
227610417
227610427
227610437
227610447
227610457
227610467
227610477
227610487
227610497
227610507
227610517
227610527
227610537
227610547
227610557
227610567
227610577
227610587
227610597
227610607
227610617
227704835
227704845
227704855
227704865
227704875
227704885
227704895
227704905
227704915
227704925
227704935
227704945
227704955
227704965
227704975
227704985
227704995
227705005
227705015
227705025
227705035
227705045
227705055
227705065
227705075
227705085
227705095
227705105
227705115
227705125
227705135
227705145
227705155
227705165
227705175
227705185
227705195
227705205
227705215
227705225
227705235
227705245
227705255
227705265
227705275
227705285
227705295
227705305
227705315
227705325
227705335
227705345
227705355
227705365
227705375
227705385
227705395
227705405
227705415
227705425
227705435
227705445
227705455
227705465
227705475
227705485
227705495
227705505
227705515
227705525
227705535
227705545
227705555
227705565
227705575
227705585
227705595
227705605
227705615
227705625
227705635
227705645
227705655
227705665
227705675
227705685
227705695
227705705
227705715
227705725
227705735
227705745
227705755
227705765
227705775
227705785
227705795
227705805
227705815
227705825
227705835
227705845
227705855
227705865
227705875
227705885
227705895
227705905
227705915
227705925
227705935
227705945
227705955
227705965
227705975
227705985
227705995
227706005
227706015
227706025
227706035
227706045
227706055
227706065
227706075
227706085
227706095
227706105
227706115
227706125
227706135
227706145
227706155
227706165
227706175
227706185
227706195
227706205
227706215
227706225
227706235
227706245
227706255
227706265
227706275
227706285
227706295
227706305
227706315
227706325
227706335
227706345
227706355
227706365
227706385
227706375
227706395
227706405
227706415
227706425
227706435
227706445
227706455
227706465
227706475
227706485
227706495
227706505
227706515
227706525
227706535
227706545
227706555
227706565
227706575
227706585
227706595
227706605
227706615
227706625
227706635
227706645
227706655
227706665
227706675
227706685
227706695
227706705
227706715
227706725
227706735
227706745
227706755
227706765
227706775
227706785
227706795
227706805
227706815
227706825
227706835
227706845
227706855
227706865
227706875
227706885
227706895
227706905
227706915
227706925
227706935
227706945
227706955
227706965
227706975
227706985
227706995
227707005
227707015
227707025
227707035
227707045
227707055
227707065
227707075
227707085
227707095
227707105
227707115
227707125
227707135
227707145
227707155
227707165
227707175
227707185
227707195
227707205
227707215
227707225
227707235
227707245
227707255
227707265
227707275
227707285
227707295
227707305
227707315
227707325
227707335
227707345
227707355
227707365
227707375
227707385
227707395
227707405
227707415
227707425
227707435
227707445
227707455
227707465
227707475
227707485
227707495
227707505
227707515
227707525
227707535
227707545
227707555
227707565
227707575
227707585
227707595
227707605
227707615
227707625
227707635
227707645
227707655
227707665
227707675
227707685
227707695
227707705
227707715
227707725
227707735
227707745
227707755
227707765
227707775
227707785
227707795
227707805
227707815
227707825
227707835
227707845
227707855
227707865
227707875
227707885
227707895
227707905
227707915
227707925
227707935
227707945
227707955
227707965
227707975
227707985
227707995
227708005
227708015
227708025
227708035
227708045
227708055
227708065
227708075
227708085
227708095
227708105
227708115
227708125
227708135
227708145
227708155
227708165
227708175
227708185
227708195
227708205
227708215
227708225
227708235
227708245
227708255
227708265
227708275
227708285
227708295
227708305
227708315
227708325
227708335
227708345
227708355
227708365
227708375
227708385
227708395
227708405
227708415
227708425
227708435
227708445
227708455
227708465
227708475
227708485
227708495
227708505
227708515
227708525
227708535
227708545
227708555
227708565
227708575
227708585
227708595
227708605
227708615
227708625
227708635
227708645
227708655
227708665
227708675
227708685
227708695
227708705
227708715
227708725
227708735
227708745
227708755
227708765
227708775
227708785
227708795
227708805
227708815
227708825
227708835
227708845
227708855
227708865
227708875
227708885
227708895
227708905
227708915
227708925
227758085
227758095
227758105
227758115
227758125
227758135
227758145
227758155
227758165
227758175
227758185
227758195
227758205
227758215
227758225
227758235
227758245
227758255
227758265
227758275
227758285
227758295
227758305
227758315
227758325
227758335
227758345
227758355
227758365
227758375
227758385
227758395
227758405
227758415
227758425
227758435
227758445
227758455
227758465
227758475
227758485
227758495
227758505
227758515
227758525
227758535
227758545
227758555
227758565
227758575
227758585
227758595
227758605
227758615
227758625
227758635
227758645
227758655
227758665
227758675
227758685
227758695
227758705
227758715
227758725
227758735
227758745
227758755
227758765
227758775
227758785
227758795
227758805
227758815
227758825
227758835
227758845
227758855
227758865
227758875
227758885
227758895
227758905
227758915
227758925
227758935
227758945
227758955
227758965
227758975
227758985
227758995
227759005
227759015
227759025
227759035
227759045
227759055
227759065
227759075
227759085
227759095
227759105
227759115
227759125
227759135
227759145
227759155
227759165
227759175
227759185
227759195
227759205
227759215
227759225
227759235
227759245
227759255
227759265
227759275
227759285
227759295
227759305
227759315
227759325
227759335
227759345
227759355
227759365
227759375
227759385
227759395
227759405
227759415
227759425
227759435
227759445
227759455
227759465
227759475
227759485
227759495
227759505
227759515
227759525
227759535
227759545
227759555
227759565
227759575
227759585
227759595
227759605
227759615
227759625
227759635
227759645
227759655
227759665
227759675
227759685
227759695
227759705
227759715
227759725
227759735
227759745
227759755
227759765
227759775
227759785
227759795
227759805
227759815
227759825
227759835
227759845
227759855
227759865
227759875
227759885
227759895
227759905
227759915
227759925
227759935
227759945
227759955
227759965
227759975
227759985
227759995
227760005
227760015
227760025
227760035
227760045
227760055
227760065
227760075
227760085
227760095
227760105
227760115
227760125
227760135
227760145
227760155
227760165
227760175
227760185
227760195
227760205
227760215
227760225
227760235
227760245
227760255
227760265
227760275
227760285
227760295
227760305
227760315
227760325
227760335
227760345
227760355
227760365
227760375
227760385
227760395
227760405
227760415
227760425
227760435
227760445
227760455
227760465
227760475
227760485
227760495
227760505
227760515
227760525
227760535
227760545
227760555
227760565
227760575
227760585
227760595
227760605
227760615
227760625
227760635
227760645
227760655
227760665
227760675
227760685
227760695
227760705
227760715
227760725
227760735
227760745
227760755
227760765
227760775
227760785
227760795
227760805
227760815
227760825
227760835
227760845
227760855
227760865
227760875
227760885
227760895
227760905
227760915
227760925
227760935
227760945
227760955
227760965
227760975
227760985
227760995
227761005
227761015
227761025
227761035
227761045
227761055
227761065
227761075
227761085
227761095
227761105
227761115
227761125
227761135
227761145
227761155
227761165
227761175
227761185
227761195
227761205
227761215
227761225
227761235
227761245
227761255
227761265
227761275
227761285
227761295
227761305
227761315
227761325
227761335
227761345
227761355
227761365
227761375
227761385
227761395
227761405
227761415
227761425
227761435
227761445
227761455
227761465
227761475
227761485
227761495
227761505
227761515
227761525
227761535
227761545
227761555
227761565
227761575
227761585
227761595
227761605
227761615
227761625
227761635
227761645
227761655
227761665
227761675
227761685
227761695
227761705
227761715
227761725
227761735
227761745
227761755
227761765
227761775
227761785
227761795
227761805
227761815
227761825
227761835
227761845
227761855
227761865
227761875
227761885
227761895
227761905
227761915
227761925
227761935
227761945
227761955
227761965
227761975
227761985
227761995
227762005
227762015
227762025
227762035
227762045
227762055
227762065
227762075
227762085
227762095
227762106
227762115
227762125
227762135
227762145
227762155
227762165
227762175
227647489
227647499
227647509
227647519
227647529
227647539
227647549
227647559
227647569
227647579
227647589
227647599
227647609
227647619
227647629
227647639
227647649
227647659
227647669
227647679
227647689
227647699
227647709
227647719
227647729
227647739
227647749
227647759
227647769
227647779
227647789
227647799
227647809
227647819
227647829
227647839
227647849
227647859
227647869
227647879
227647889
227647899
227647909
227647919
227647929
227647939
227647949
227647959
227647969
227647979
227647989
227647999
227648009
227648019
227648029
227648039
227648049
227648059
227648069
227648079
227648089
227648099
227648109
227648119
227648129
227648139
227648149
227648159
227648169
227648179
227648189
227648199
227648209
227648219
227648229
227648239
227648249
227648259
227648269
227648279
227648289
227648299
227648309
227648319
227648329
227648339
227648349
227648359
227648369
227648379
227648389
227648399
227648409
227648419
227648429
227648439
227648449
227648459
227648469
227648479
227648489
227648499
227648509
227648519
227648529
227648539
227648549
227648559
227648569
227648579
227648589
227648599
227648609
227648619
227648629
227648639
227648649
227648659
227648669
227648679
227648689
227648699
227648709
227648719
227648729
227648739
227648749
227648759
227648769
227648779
227648789
227648799
227648809
227648819
227648829
227648839
227648849
227648859
227648869
227648879
227648889
227648899
227648909
227648919
227648929
227648939
227648949
227648959
227648969
227648979
227648989
227648999
227649009
227649019
227649029
227649039
227649049
227649059
227649069
227649079
227649089
227649099
227649109
227649119
227649129
227649139
227649149
227649159
227649169
227649179
227649189
227649199
227649209
227649219
227649229
227649239
227649249
227649259
227649269
227649279
227649289
227649299
227649309
227649319
227649329
227649339
227649349
227649359
227649369
227649379
227649389
227649399
227649409
227649419
227649429
227649439
227649449
227649459
227649469
227649479
227649489
227649499
227649509
227649519
227649529
227649539
227649549
227649559
227649569
227649579
227649589
227649599
227649609
227649619
227649629
227649639
227649649
227649659
227649669
227649679
227649689
227649699
227649709
227649719
227649729
227649739
227649749
227649759
227649769
227649779
227649789
227649799
227649809
227649819
227649829
227649839
227649849
227649859
227649869
227649879
227649889
227649899
227649909
227649919
227649929
227649939
227649949
227649959
227649969
227649979
227649989
227649999
227650009
227650019
227650029
227650039
227650049
227650059
227650069
227650079
227650089
227650099
227650109
227650119
227650129
227650139
227650149
227650159
227650169
227650179
227650189
227650199
227650209
227650219
227650229
227650239
227650249
227650259
227650269
227650279
227650289
227650299
227650309
227650319
227650329
227650339
227650349
227650359
227650369
227650379
227650389
227650399
227650409
227650419
227650429
227650439
227650449
227650459
227650469
227650479
227650489
227650499
227650509
227650519
227650529
227650539
227650549
227650559
227650569
227650579
227650589
227650599
227650609
227650619
227650629
227650639
227650649
227650659
227650669
227650679
227650689
227650699
227650709
227650719
227650729
227650739
227650749
227650759
227650769
227650779
227650789
227650799
227650809
227650819
227650829
227650839
227650849
227650859
227650869
227650879
227650889
227650899
227650909
227650919
227650929
227650939
227650949
227650959
227650969
227650979
227650989
227650999
227651009
227651019
227651029
227651039
227651049
227651059
227651069
227651079
227651089
227651099
227651109
227651119
227651129
227651139
227651149
227651159
227651169
227651179
227651189
227651199
227651209
227651219
227651229
227651239
227651249
227651259
227651269
227651279
227651289
227651299
227651309
227651319
227651329
227651339
227651349
227651359
227651369
227651379
227651389
227651399
227651409
227651419
227651429
227651439
227651449
227651459
227651469
227651479
227651489
227651499
227651509
227651519
227651529
227651539
227651549
227651559
227651569
227651579
227725317
227725327
227725337
227725347
227725357
227725367
227725377
227725387
227725397
227725407
227725417
227725427
227725437
227725447
227725457
227725467
227725477
227725487
227725497
227725507
227725517
227725527
227725537
227725547
227725557
227725567
227725577
227725587
227725597
227725607
227725617
227725627
227725637
227725647
227725657
227725667
227725677
227725687
227725697
227725707
227725717
227725727
227725737
227725747
227725757
227725767
227725777
227725787
227725797
227725807
227725817
227725827
227725837
227725847
227725857
227725867
227725877
227725887
227725897
227725907
227725917
227725927
227725937
227725947
227725957
227725967
227725977
227725987
227725997
227726007
227726017
227726027
227726037
227726047
227726057
227726067
227726077
227726087
227726097
227726107
227726117
227726127
227726137
227726147
227726157
227726167
227726177
227726187
227726197
227726207
227726217
227726227
227726237
227726247
227726257
227726267
227726277
227726287
227726297
227726307
227726317
227726327
227726337
227726347
227726357
227726367
227726377
227726387
227726397
227726407
227726417
227726427
227726437
227726447
227726457
227726467
227726477
227726487
227726497
227726507
227726517
227726527
227726537
227726547
227726557
227726567
227726577
227726587
227726597
227726607
227726617
227726627
227726637
227726647
227726657
227726667
227726677
227726687
227726697
227726707
227726717
227726727
227726737
227726747
227726757
227726767
227726777
227726787
227726797
227726807
227726817
227726827
227726837
227726847
227726857
227726867
227726877
227726887
227726897
227726907
227726917
227726927
227726937
227726947
227726957
227726967
227726977
227726987
227726997
227727007
227727017
227727027
227727037
227727047
227727057
227727067
227727077
227727087
227727097
227727107
227727117
227727127
227727137
227727147
227727157
227727167
227727177
227727187
227727197
227727207
227727217
227727227
227727237
227727247
227727257
227727267
227727277
227727287
227727297
227727307
227727317
227727327
227727337
227727347
227727357
227727367
227727377
227727387
227727397
227727407
227727417
227727427
227727437
227727447
227727457
227727467
227727477
227727487
227727497
227727507
227727517
227727527
227727537
227727547
227727557
227727567
227727577
227727587
227727597
227727607
227727617
227727627
227727637
227727647
227727657
227727667
227727677
227727687
227727697
227727707
227727717
227727727
227727737
227727747
227727757
227727767
227727777
227727787
227727797
227727807
227727817
227727827
227727837
227727847
227727857
227727867
227727877
227727887
227727897
227727907
227727917
227727927
227727937
227727947
227727957
227727967
227727977
227727987
227727997
227728007
227728017
227728027
227728037
227728047
227728057
227728067
227728077
227728087
227728097
227728107
227728117
227728127
227728137
227728147
227728157
227728167
227728177
227728187
227728197
227728207
227728217
227728227
227728237
227728247
227728257
227728267
227728277
227728287
227728297
227728307
227728317
227728327
227728337
227728347
227728357
227728367
227728377
227728387
227728397
227728407
227728417
227728427
227728437
227728447
227728457
227728467
227728477
227728487
227728497
227728507
227728517
227728527
227728537
227728547
227728557
227728567
227728577
227728587
227728597
227728607
227728617
227728627
227728637
227728647
227728657
227728667
227728677
227728687
227728697
227728707
227728717
227728727
227728737
227728747
227728757
227728767
227728777
227728787
227728797
227728807
227728817
227728827
227728837
227728847
227728857
227728867
227728877
227728887
227728897
227728907
227728917
227728927
227728937
227728947
227728957
227728967
227728977
227728987
227728997
227729007
227729017
227729027
227729037
227729047
227729057
227729067
227729077
227729087
227729097
227729107
227729117
227729127
227729137
227729147
227729157
227729167
227729177
227729187
227729197
227729207
227729217
227729227
227729237
227729247
227729257
227729267
227729277
227729287
227729297
227729307
227729317
227729327
227729337
227729347
227729357
227729367
227729377
227729387
227729397
227729407
227745799
227745809
227745819
227745829
227745839
227745849
227745859
227745869
227745879
227745889
227745899
227745909
227745919
227745929
227745939
227745949
227745959
227745969
227745979
227745989
227745999
227746009
227746019
227746029
227746039
227746049
227746059
227746069
227746079
227746089
227746099
227746109
227746119
227746129
227746139
227746149
227746159
227746169
227746179
227746189
227746199
227746209
227746219
227746229
227746239
227746249
227746259
227746269
227746279
227746289
227746299
227746309
227746319
227746329
227746339
227746349
227746359
227746369
227746379
227746389
227746399
227746409
227746419
227746429
227746439
227746449
227746459
227746469
227746479
227746489
227746499
227746509
227746519
227746529
227746539
227746549
227746559
227746569
227746579
227746589
227746599
227746609
227746619
227746629
227746639
227746649
227746659
227746669
227746679
227746689
227746699
227746709
227746719
227746729
227746739
227746749
227746759
227746769
227746779
227746789
227746799
227746809
227746819
227746829
227746839
227746849
227746859
227746869
227746879
227746889
227746899
227746909
227746919
227746929
227746939
227746949
227746959
227746969
227746979
227746989
227746999
227747009
227747019
227747029
227747039
227747049
227747059
227747069
227747079
227747089
227747099
227747109
227747119
227747129
227747139
227747149
227747159
227747169
227747179
227747189
227747199
227747209
227747219
227747229
227747239
227747249
227747259
227747269
227747279
227747289
227747299
227747309
227747319
227747329
227747339
227747349
227747359
227747369
227747379
227747389
227747399
227747409
227747419
227747429
227747439
227747449
227747459
227747469
227747479
227747489
227747499
227747509
227747519
227747529
227747539
227747549
227747559
227747569
227747579
227747589
227747599
227747609
227747619
227747629
227747639
227747649
227747659
227747669
227747679
227747689
227747699
227747709
227747719
227747729
227747739
227747749
227747759
227747769
227747779
227747789
227747799
227747809
227747819
227747829
227747839
227747849
227747859
227747869
227747879
227747889
227747899
227747909
227747919
227747929
227747939
227747949
227747959
227747969
227747979
227747989
227747999
227748009
227748019
227748029
227748039
227748049
227748059
227748069
227748079
227748089
227748099
227748109
227748119
227748129
227748139
227748149
227748159
227748169
227748179
227748189
227748199
227748209
227748219
227748229
227748239
227748249
227748259
227748269
227748279
227748289
227748299
227748309
227748319
227748329
227748339
227748349
227748359
227748369
227748379
227748389
227748399
227748409
227748419
227748429
227748439
227748449
227748459
227748469
227748479
227748489
227748499
227748509
227748519
227748529
227748539
227748549
227748559
227748569
227748579
227748589
227748599
227748609
227748619
227748629
227748639
227748649
227748659
227748669
227748679
227748689
227748699
227748709
227748719
227748729
227748739
227748749
227748759
227748769
227748779
227748789
227748799
227748809
227748819
227748829
227748839
227748849
227748859
227748869
227748879
227748889
227748899
227748909
227748919
227748929
227748939
227748949
227748959
227748969
227748979
227748989
227748999
227749009
227749019
227749029
227749039
227749049
227749059
227749069
227749079
227749089
227749099
227749109
227749119
227749129
227749139
227749149
227749159
227749169
227749179
227749189
227749199
227749209
227749219
227749229
227749239
227749249
227749259
227749269
227749279
227749289
227749299
227749309
227749319
227749329
227749339
227749349
227749359
227749369
227749379
227749389
227749399
227749409
227749419
227749429
227749439
227749449
227749459
227749469
227749479
227749489
227749499
227749509
227749519
227749529
227749539
227749549
227749559
227749569
227749579
227749589
227749599
227749609
227749619
227749629
227749639
227749649
227749659
227749669
227749679
227749689
227749699
227749709
227749719
227749729
227749739
227749749
227749759
227749769
227749779
227749789
227749799
227749809
227749819
227749829
227749839
227749849
227749859
227749869
227749879
227553289
227553299
227553309
227553319
227553329
227553339
227553349
227553359
227553369
227553379
227553389
227553399
227553409
227553419
227553429
227553439
227553449
227553459
227553469
227553479
227553489
227553499
227553509
227553519
227553529
227553539
227553549
227553559
227553569
227553579
227553589
227553599
227553609
227553619
227553629
227553639
227553649
227553659
227553669
227553679
227553689
227553699
227553709
227553719
227553729
227553739
227553749
227553759
227553769
227553779
227553789
227553799
227553809
227553819
227553829
227553839
227553849
227553859
227553869
227553879
227553889
227553899
227553909
227553919
227553929
227553939
227553949
227553959
227553969
227553979
227553989
227553999
227554009
227554019
227554029
227554039
227554049
227554059
227554069
227554079
227554089
227554099
227554109
227554119
227554129
227554139
227554149
227554159
227554169
227554179
227554189
227554199
227554209
227554219
227554229
227554239
227554249
227554259
227554269
227554279
227554289
227554299
227554309
227554319
227554329
227554339
227554349
227554359
227554369
227554379
227554389
227554399
227554409
227554419
227554429
227554439
227554449
227554459
227554469
227554479
227554489
227554499
227554509
227554519
227554529
227554539
227554549
227554559
227554569
227554579
227554589
227554599
227554609
227554619
227554629
227554639
227554649
227554659
227554669
227554679
227554689
227554699
227554709
227554719
227554729
227554739
227554749
227554759
227554769
227554779
227554789
227554799
227554809
227554819
227554829
227554839
227554849
227554859
227554869
227554879
227554889
227554899
227554909
227554919
227554929
227554939
227554949
227554959
227554969
227554979
227554989
227554999
227555009
227555019
227555029
227555039
227555049
227555059
227555069
227555079
227555089
227555099
227555109
227555119
227555129
227555139
227555149
227555159
227555169
227555179
227555189
227555199
227555209
227555219
227555229
227555239
227555249
227555259
227555269
227555279
227555289
227555299
227555309
227555319
227555329
227555339
227555349
227555359
227555369
227555379
227555389
227555399
227555409
227555419
227555429
227555439
227555449
227555459
227555469
227555479
227555489
227555499
227555509
227555519
227555529
227555539
227555549
227555559
227555569
227555579
227555589
227555599
227555609
227555619
227555629
227555639
227555649
227555659
227555669
227555679
227555689
227555699
227555709
227555719
227555729
227555739
227555749
227555759
227555769
227555779
227555789
227555799
227555809
227555819
227555829
227555839
227555849
227555859
227555869
227555879
227555889
227555899
227555909
227555919
227555929
227555939
227555949
227555959
227555969
227555979
227555989
227555999
227556009
227556019
227556029
227556039
227556049
227556059
227556069
227556079
227556089
227556099
227556109
227556119
227556129
227556139
227556149
227556159
227556169
227556179
227556189
227556199
227556209
227556219
227556229
227556239
227556249
227556259
227556269
227556279
227556289
227556299
227556309
227556319
227556329
227556339
227556349
227556359
227556369
227556379
227556389
227556399
227556409
227556419
227556429
227556439
227556449
227556459
227556469
227556479
227556489
227556499
227556509
227556519
227556529
227556539
227556549
227556559
227556569
227556579
227556589
227556599
227556609
227556619
227556629
227556639
227556649
227556659
227556669
227556679
227556689
227556699
227556709
227556719
227556729
227556739
227556749
227556759
227556769
227556779
227556789
227556799
227556809
227556819
227556829
227556839
227556849
227556859
227556869
227556879
227556889
227556899
227556909
227556919
227556929
227556939
227556949
227556959
227556969
227556979
227556989
227556999
227557009
227557019
227557029
227557039
227557049
227557059
227557069
227557079
227557089
227557099
227557109
227557119
227557129
227557139
227557149
227557159
227557169
227557179
227557189
227557199
227557209
227557219
227557229
227557239
227557249
227557259
227557269
227557279
227557289
227557299
227557309
227557319
227557329
227557339
227557349
227557359
227557369
227561475
227561485
227561495
227561505
227561515
227561525
227561535
227561545
227561555
227561565
227561575
227561585
227561595
227561605
227561615
227561625
227561635
227561645
227561655
227561665
227561675
227561685
227561695
227561705
227561715
227561725
227561735
227561745
227561755
227561765
227561775
227561785
227561795
227561805
227561815
227561825
227561835
227561845
227561855
227561865
227561875
227561885
227561895
227561905
227561915
227561925
227561935
227561945
227561955
227561965
227561975
227561985
227561995
227562005
227562015
227562025
227562035
227562045
227562055
227562065
227562075
227562085
227562095
227562105
227562115
227562125
227562135
227562145
227562155
227562165
227562175
227562185
227562195
227562205
227562215
227562225
227562235
227562245
227562255
227562265
227562275
227562285
227562295
227562305
227562315
227562325
227562335
227562345
227562355
227562365
227562375
227562385
227562395
227562405
227562415
227562425
227562435
227562445
227562455
227562465
227562475
227562485
227562495
227562505
227562515
227562525
227562535
227562545
227562555
227562565
227562575
227562585
227562595
227562605
227562615
227562625
227562635
227562645
227562655
227562665
227562675
227562685
227562695
227562705
227562715
227562725
227562735
227562745
227562755
227562765
227562775
227562785
227562795
227562805
227562815
227562825
227562835
227562845
227562855
227562865
227562875
227562885
227562895
227562905
227562915
227562925
227562935
227562945
227562955
227562965
227562975
227562985
227562995
227563005
227563015
227563025
227563035
227563045
227563055
227563065
227563075
227563085
227563095
227563105
227563115
227563125
227563135
227563145
227563155
227563165
227563175
227563185
227563195
227563205
227563215
227563225
227563235
227563245
227563255
227563265
227563275
227563285
227563295
227563305
227563315
227563325
227563335
227563345
227563355
227563365
227563375
227563385
227563395
227563405
227563415
227563425
227563435
227563445
227563455
227563465
227563475
227563485
227563495
227563505
227563515
227563525
227563535
227563545
227563555
227563565
227563575
227563585
227563595
227563605
227563615
227563625
227563635
227563645
227563655
227563665
227563675
227563685
227563695
227563705
227563715
227563725
227563735
227563745
227563755
227563765
227563775
227563785
227563795
227563805
227563815
227563825
227563835
227563845
227563855
227563865
227563875
227563885
227563895
227563905
227563915
227563925
227563935
227563945
227563955
227563965
227563975
227563985
227563995
227564005
227564015
227564025
227564035
227564045
227564055
227564065
227564075
227564085
227564095
227564105
227564115
227564125
227564135
227564145
227564155
227564165
227564175
227564185
227564195
227564205
227564215
227564225
227564235
227564245
227564255
227564265
227564275
227564285
227564295
227564305
227564315
227564325
227564335
227564345
227564355
227564365
227564375
227564385
227564395
227564405
227564415
227564425
227564435
227564445
227564455
227564465
227564475
227564485
227564495
227564505
227564515
227564525
227564535
227564545
227564555
227564565
227564575
227564585
227564595
227564605
227564615
227564625
227564635
227564645
227564655
227564665
227564675
227564685
227564695
227564705
227564715
227564725
227564735
227564745
227564755
227564765
227564775
227564785
227564795
227564805
227564815
227564825
227564835
227564845
227564855
227564865
227564875
227564885
227564895
227564905
227564915
227564925
227564935
227564945
227564955
227564965
227564975
227564985
227564995
227565005
227565015
227565025
227565035
227565045
227565055
227565065
227565075
227565085
227565095
227565105
227565115
227565125
227565135
227565145
227565155
227565165
227565175
227565185
227565195
227565205
227565215
227565225
227565235
227565245
227565255
227565265
227565275
227565285
227565295
227565305
227565315
227565325
227565335
227565345
227565355
227565365
227565375
227565385
227565395
227565405
227565415
227565425
227565435
227565445
227565455
227565465
227565475
227565485
227565495
227565505
227565515
227565525
227565535
227565545
227565555
227565565
227565575
227565585
227565595
227565605
227565615
227565625
227565635
227565645
227565655
227565665
227565675
227565685
227565695
227565705
227565715
227565725
227565735
227565745
227565755
227565765
227565775
227565785
227565795
227565805
227565815
227565825
227565835
227565845
227565855
227565865
227565875
227565885
227565895
227565905
227565915
227565925
227565935
227565945
227565955
227565965
227565975
227565985
227565995
227566005
227566015
227566025
227566035
227566045
227566055
227566065
227566075
227566085
227566095
227566105
227566115
227566125
227566135
227566145
227566155
227566165
227566175
227566185
227566195
227566205
227566215
227566225
227566235
227566245
227566255
227566265
227566275
227566285
227566295
227566305
227566315
227566325
227566335
227566345
227566355
227566365
227566375
227566385
227566395
227566405
227566415
227566425
227566435
227566445
227566455
227566465
227566475
227566485
227566495
227566505
227566515
227566525
227566535
227566545
227566555
227566565
227566575
227566585
227566595
227566605
227566615
227566625
227566635
227566645
227566655
227566665
227566675
227566685
227566695
227566705
227566715
227566725
227566735
227566745
227566755
227566765
227566775
227566785
227566795
227566805
227566815
227566825
227566835
227566845
227566855
227566865
227566875
227566885
227566895
227566905
227566915
227566925
227566935
227566945
227566955
227566965
227566975
227566985
227566995
227567005
227567015
227567025
227567035
227567045
227567055
227567065
227567075
227567085
227567095
227567105
227567115
227567125
227567135
227567145
227567155
227567165
227567175
227567185
227567195
227567205
227567215
227567225
227567235
227567245
227567255
227567265
227567275
227567285
227567295
227567305
227567315
227567325
227567335
227567345
227567355
227567365
227567375
227567385
227567395
227567405
227567415
227567425
227567435
227567445
227567455
227567465
227567475
227567485
227567495
227567505
227567515
227567525
227567535
227567545
227567555
227567565
227567575
227567585
227567595
227567605
227567615
227567625
227567635
227567645
227567655
227567665
227567675
227567685
227567695
227567705
227567715
227567725
227567735
227567745
227567755
227567765
227567775
227567785
227567795
227567805
227567815
227567825
227567835
227567845
227567855
227567865
227567875
227567885
227567895
227567905
227567915
227567925
227567935
227567945
227567955
227567965
227567975
227567985
227567995
227568005
227568015
227568025
227568035
227568045
227568055
227568065
227568075
227568085
227568095
227568105
227568115
227568125
227568135
227568145
227568155
227568165
227568175
227568185
227568195
227568205
227568215
227568225
227568235
227568245
227568255
227568265
227568275
227568285
227568295
227568305
227568315
227568325
227568335
227568345
227568355
227568365
227568375
227568385
227568395
227568405
227568415
227568425
227568435
227568445
227568455
227568465
227568475
227568485
227568495
227568505
227568515
227568525
227568535
227568545
227568555
227568565
227568575
227568585
227568595
227568605
227568615
227568625
227568635
227568645
227568655
227568665
227568675
227568685
227568695
227568705
227568715
227568725
227568735
227568745
227568755
227568765
227568775
227568785
227568795
227568805
227568815
227568825
227568835
227568845
227568855
227568865
227568875
227568885
227568895
227568905
227568915
227568925
227568935
227568945
227568955
227568965
227568975
227568985
227568995
227569005
227569015
227569025
227569035
227569045
227569055
227569065
227569075
227569085
227569095
227569105
227569115
227569125
227569135
227569145
227569155
227569165
227569175
227569185
227569195
227569205
227569215
227569225
227569235
227569245
227569255
227569265
227569275
227569285
227569295
227569305
227569315
227569325
227569335
227569345
227569355
227569365
227569375
227569385
227569395
227569405
227569415
227569425
227569435
227569445
227569455
227569465
227569475
227569485
227569495
227569505
227569515
227569525
227569535
227569545
227569555
227569565
227569575
227569585
227569595
227569605
227569615
227569625
227569635
227569645
227569655
227692545
227692557
227692567
227692577
227692587
227692597
227692607
227692617
227692627
227692637
227692647
227692657
227692667
227692677
227692687
227692697
227692707
227692717
227692727
227692737
227692747
227692757
227692767
227692777
227692787
227692797
227692807
227692817
227692827
227692837
227692847
227692857
227692867
227692877
227692887
227692897
227692907
227692917
227692927
227692937
227692947
227692957
227692967
227692977
227692987
227692997
227693007
227693017
227693027
227693037
227693047
227693057
227693067
227693077
227693087
227693097
227693107
227693117
227693127
227693137
227693147
227693157
227693167
227693177
227693187
227693197
227693207
227693217
227693227
227693237
227693247
227693257
227693267
227693277
227693287
227693297
227693307
227693317
227693327
227693337
227693347
227693357
227693367
227693377
227693387
227693397
227693407
227693417
227693427
227693437
227693447
227693457
227693467
227693477
227693487
227693497
227693507
227693517
227693527
227693537
227693547
227693557
227693567
227693577
227693587
227693597
227693607
227693617
227693627
227693637
227693647
227693657
227693667
227693677
227693687
227693697
227693707
227693717
227693727
227693737
227693747
227693757
227693767
227693777
227693787
227693797
227693807
227693817
227693827
227693837
227693847
227693857
227693867
227693877
227693887
227693897
227693907
227693917
227693927
227693937
227693947
227693957
227693967
227693977
227693987
227693997
227694007
227694017
227694027
227694037
227694047
227694057
227694067
227694077
227694087
227694097
227694107
227694117
227694127
227694137
227694147
227694157
227694167
227694177
227694187
227694197
227694207
227694217
227694227
227694237
227694247
227694257
227694267
227694277
227694287
227694297
227694307
227694317
227694327
227694337
227694347
227694357
227694367
227694377
227694387
227694397
227694407
227694417
227694427
227694437
227694447
227694457
227694467
227694477
227694487
227694497
227694507
227694517
227694527
227694537
227694547
227694557
227694567
227694577
227694587
227694597
227694607
227694617
227694627
227694637
227694647
227694657
227694667
227694677
227694687
227694697
227694707
227694717
227694727
227694737
227694747
227694757
227694767
227694777
227694787
227694797
227694807
227694817
227694827
227694837
227694847
227694857
227694867
227694877
227694887
227694897
227694907
227694917
227694927
227694937
227694947
227694957
227694967
227694977
227694987
227694997
227695007
227695017
227695027
227695037
227695047
227695057
227695067
227695077
227695087
227695097
227695107
227695117
227695127
227695137
227695147
227695157
227695167
227695177
227695187
227695197
227695207
227695217
227695227
227695237
227695247
227695257
227695267
227695277
227695287
227695297
227695307
227695317
227695327
227695337
227695347
227695357
227695367
227695377
227695387
227695397
227695407
227695417
227695427
227695437
227695447
227695457
227695467
227695477
227695487
227695497
227695507
227695517
227695527
227695537
227695547
227695557
227695567
227695577
227695587
227695597
227695607
227695617
227695627
227695637
227695647
227695657
227695667
227695677
227695687
227695697
227695707
227695717
227695727
227695737
227695747
227695757
227695767
227695777
227695787
227695797
227695807
227695817
227695827
227695837
227695847
227695857
227695867
227695877
227695887
227695897
227695907
227695917
227695927
227695937
227695947
227695957
227695967
227695977
227695987
227695997
227696007
227696017
227696027
227696037
227696047
227696057
227696067
227696077
227696087
227696097
227696107
227696117
227696127
227696137
227696147
227696157
227696167
227696177
227696187
227696197
227696207
227696217
227696227
227696237
227696247
227696257
227696267
227696277
227696287
227696297
227696307
227696317
227696327
227696337
227696347
227696357
227696367
227696377
227696387
227696397
227696407
227696417
227696427
227696437
227696447
227696457
227696467
227696477
227696487
227696497
227696507
227696517
227696527
227696537
227696547
227696557
227696567
227696577
227696587
227696597
227696607
227696617
227696627
227696637
227770375
227770385
227770395
227770405
227770415
227770425
227770435
227770445
227770455
227770465
227770475
227770485
227770495
227770505
227770515
227770525
227770535
227770545
227770555
227770565
227770575
227770585
227770595
227770605
227770615
227770625
227770635
227770645
227770655
227770665
227770675
227770685
227770695
227770705
227770715
227770725
227770735
227770745
227770755
227770765
227770775
227770785
227770795
227770805
227770815
227770825
227770835
227770845
227770855
227770865
227770875
227770885
227770895
227770905
227770915
227770925
227770935
227770945
227770955
227770965
227770975
227770985
227770995
227771005
227771015
227771025
227771035
227771045
227771055
227771065
227771075
227771085
227771095
227771105
227771115
227771125
227771135
227771145
227771155
227771165
227771175
227771185
227771195
227771205
227771215
227771225
227771235
227771245
227771255
227771265
227771275
227771285
227771295
227771305
227771315
227771325
227771335
227771345
227771355
227771365
227771375
227771385
227771395
227771405
227771415
227771425
227771435
227771445
227771455
227771465
227771475
227771485
227771495
227771505
227771515
227771525
227771535
227771545
227771555
227771565
227771575
227771585
227771595
227771605
227771615
227771625
227771635
227771645
227771655
227771665
227771675
227771685
227771695
227771705
227771715
227771725
227771735
227771745
227771755
227771765
227771775
227771785
227771795
227771805
227771815
227771825
227771835
227771845
227771855
227771865
227771875
227771885
227771895
227771905
227771915
227771925
227771935
227771945
227771955
227771965
227771975
227771985
227771995
227772005
227772015
227772025
227772035
227772045
227772055
227772065
227772075
227772085
227772095
227772105
227772115
227772125
227772135
227772145
227772155
227772165
227772175
227772185
227772195
227772205
227772215
227772225
227772235
227772245
227772255
227772265
227772275
227772285
227772295
227772305
227772315
227772325
227772335
227772345
227772355
227772365
227772375
227772385
227772395
227772405
227772415
227772425
227772435
227772445
227772455
227772465
227772475
227772485
227772495
227772505
227772515
227772525
227772535
227772545
227772555
227772565
227772575
227772585
227772595
227772605
227772615
227772625
227772635
227772645
227772655
227772665
227772675
227772685
227772695
227772705
227772715
227772725
227772735
227772745
227772755
227772765
227772775
227772785
227772795
227772805
227772815
227772825
227772835
227772845
227772855
227772865
227772875
227772885
227772895
227772905
227772915
227772925
227772935
227772945
227772955
227772965
227772975
227772985
227772995
227773005
227773015
227773025
227773035
227773045
227773055
227773065
227773075
227773085
227773095
227773105
227773115
227773125
227773135
227773145
227773155
227773165
227773175
227773185
227773195
227773205
227773215
227773225
227773235
227773245
227773255
227773265
227773275
227773285
227773295
227773305
227773315
227773325
227773335
227773345
227773355
227773365
227773375
227773385
227773395
227773405
227773415
227773425
227773435
227773445
227773455
227773465
227773475
227773485
227773495
227773505
227773515
227773525
227773535
227773545
227773555
227773565
227773575
227773585
227773595
227773605
227773615
227773625
227773635
227773645
227773655
227773665
227773675
227773685
227773695
227773705
227773715
227773725
227773735
227773745
227773755
227773765
227773775
227773785
227773795
227773805
227773815
227773825
227773835
227773845
227773855
227773865
227773875
227773885
227773895
227773905
227773915
227773925
227773935
227773945
227773955
227773965
227773975
227773985
227773995
227774005
227774015
227774025
227774035
227774045
227774055
227774065
227774075
227774085
227774095
227774105
227774115
227774125
227774135
227774145
227774155
227774165
227774175
227774185
227774195
227774205
227774215
227774225
227774235
227774245
227774255
227774265
227774275
227774285
227774295
227774305
227774315
227774325
227774335
227774345
227774355
227774365
227774375
227774385
227774395
227774405
227774415
227774425
227774435
227774445
227774455
227659785
227659795
227659805
227659815
227659825
227659835
227659845
227659855
227659865
227659875
227659885
227659895
227659905
227659915
227659925
227659935
227659945
227659955
227659965
227659975
227659985
227659995
227660005
227660015
227660025
227660035
227660045
227660055
227660065
227660075
227660085
227660095
227660105
227660115
227660125
227660135
227660145
227660155
227660165
227660175
227660185
227660195
227660205
227660215
227660225
227660235
227660245
227660255
227660265
227660275
227660285
227660295
227660305
227660315
227660325
227660335
227660345
227660355
227660365
227660375
227660385
227660395
227660405
227660415
227660425
227660435
227660445
227660455
227660465
227660475
227660485
227660495
227660505
227660515
227660525
227660535
227660545
227660555
227660565
227660575
227660585
227660595
227660605
227660615
227660625
227660635
227660645
227660655
227660665
227660675
227660685
227660695
227660705
227660715
227660725
227660735
227660745
227660755
227660765
227660775
227660785
227660795
227660805
227660815
227660825
227660835
227660845
227660855
227660865
227660875
227660885
227660895
227660905
227660915
227660925
227660935
227660945
227660955
227660965
227660975
227660985
227660995
227661005
227661015
227661025
227661035
227661045
227661055
227661065
227661075
227661085
227661095
227661105
227661115
227661125
227661135
227661145
227661155
227661165
227661175
227661185
227661195
227661205
227661215
227661225
227661235
227661245
227661255
227661265
227661275
227661285
227661295
227661305
227661315
227661325
227661335
227661345
227661355
227661365
227661375
227661385
227661395
227661405
227661415
227661425
227661435
227661445
227661455
227661465
227661475
227661485
227661495
227661505
227661515
227661525
227661535
227661545
227661555
227661565
227661575
227661585
227661595
227661605
227661615
227661625
227661635
227661645
227661655
227661665
227661675
227661685
227661695
227661705
227661715
227661725
227661735
227661745
227661755
227661765
227661775
227661785
227661795
227661805
227661815
227661825
227661835
227661845
227661855
227661865
227661875
227661885
227661895
227661905
227661915
227661925
227661935
227661945
227661955
227661965
227661975
227661985
227661995
227662005
227662015
227662025
227662035
227662045
227662055
227662065
227662075
227662085
227662095
227662105
227662115
227662125
227662135
227662145
227662155
227662165
227662175
227662185
227662195
227662205
227662215
227662225
227662235
227662245
227662255
227662265
227662275
227662285
227662295
227662305
227662315
227662325
227662335
227662345
227662355
227662365
227662375
227662385
227662395
227662405
227662415
227662425
227662435
227662445
227662455
227662465
227662475
227662485
227662495
227662505
227662515
227662525
227662535
227662545
227662555
227662565
227662575
227662585
227662595
227662605
227662615
227662625
227662635
227662645
227662655
227662665
227662675
227662685
227662695
227662705
227662715
227662725
227662735
227662745
227662755
227662765
227662775
227662785
227662795
227662805
227662815
227662825
227662835
227662845
227662855
227662865
227662875
227662885
227662895
227662905
227662915
227662925
227662935
227662945
227662955
227662965
227662975
227662985
227662995
227663005
227663015
227663025
227663035
227663045
227663055
227663065
227663075
227663085
227663095
227663105
227663115
227663125
227663135
227663145
227663155
227663165
227663175
227663185
227663195
227663205
227663215
227663225
227663235
227663245
227663255
227663265
227663275
227663285
227663295
227663305
227663315
227663325
227663335
227663345
227663355
227663365
227663375
227663385
227663395
227663405
227663415
227663425
227663435
227663445
227663455
227663465
227663475
227663485
227663495
227663505
227663515
227663525
227663535
227663545
227663555
227663565
227663575
227663585
227663595
227663605
227663615
227663625
227663635
227663645
227663655
227663665
227663675
227663685
227663695
227663705
227663715
227663725
227663735
227663745
227663755
227663765
227663775
227663785
227663795
227663805
227663815
227663825
227663835
227663845
227663855
227663865
227737603
227737613
227737623
227737633
227737643
227737653
227737663
227737673
227737683
227737693
227737703
227737713
227737723
227737733
227737743
227737753
227737763
227737773
227737783
227737793
227737803
227737813
227737823
227737833
227737843
227737853
227737863
227737873
227737883
227737893
227737903
227737913
227737923
227737933
227737943
227737953
227737963
227737973
227737983
227737993
227738003
227738013
227738023
227738033
227738043
227738053
227738063
227738073
227738083
227738093
227738103
227738113
227738123
227738133
227738143
227738153
227738163
227738173
227738183
227738193
227738203
227738213
227738223
227738233
227738243
227738253
227738263
227738273
227738283
227738293
227738303
227738313
227738323
227738333
227738343
227738353
227738363
227738373
227738383
227738393
227738403
227738413
227738423
227738433
227738443
227738453
227738463
227738473
227738483
227738493
227738503
227738513
227738523
227738533
227738543
227738553
227738563
227738573
227738583
227738593
227738603
227738613
227738623
227738633
227738643
227738653
227738663
227738673
227738683
227738693
227738703
227738713
227738723
227738733
227738743
227738753
227738763
227738773
227738783
227738793
227738803
227738813
227738823
227738833
227738843
227738853
227738863
227738873
227738883
227738893
227738903
227738913
227738923
227738933
227738943
227738953
227738963
227738973
227738983
227738993
227739003
227739013
227739023
227739033
227739043
227739053
227739063
227739073
227739083
227739093
227739103
227739113
227739123
227739133
227739143
227739153
227739163
227739173
227739183
227739193
227739203
227739213
227739223
227739233
227739243
227739253
227739263
227739273
227739283
227739293
227739303
227739313
227739323
227739333
227739343
227739353
227739363
227739373
227739383
227739393
227739403
227739413
227739423
227739433
227739443
227739453
227739463
227739473
227739483
227739493
227739503
227739513
227739523
227739533
227739543
227739553
227739563
227739573
227739583
227739593
227739603
227739613
227739623
227739633
227739643
227739653
227739663
227739673
227739683
227739693
227739703
227739713
227739723
227739733
227739743
227739753
227739763
227739773
227739783
227739793
227739803
227739813
227739823
227739833
227739843
227739853
227739863
227739873
227739883
227739903
227739893
227739913
227739923
227739933
227739943
227739953
227739963
227739973
227739983
227739993
227740003
227740013
227740023
227740033
227740043
227740053
227740063
227740073
227740083
227740093
227740103
227740113
227740123
227740133
227740143
227740153
227740163
227740173
227740183
227740193
227740203
227740213
227740223
227740233
227740243
227740253
227740263
227740273
227740283
227740293
227740303
227740313
227740323
227740333
227740343
227740353
227740363
227740373
227740383
227740393
227740403
227740413
227740423
227740433
227740443
227740453
227740463
227740473
227740483
227740493
227740503
227740513
227740523
227740533
227740543
227740553
227740563
227740573
227740583
227740593
227740603
227740613
227740623
227740633
227740643
227740653
227740663
227740673
227740683
227740693
227740703
227740713
227740723
227740733
227740743
227740753
227740763
227740773
227740783
227740793
227740803
227740813
227740823
227740833
227740843
227740853
227740863
227740873
227740883
227740893
227740903
227740913
227740923
227740933
227740943
227740953
227740963
227740973
227740983
227740993
227741003
227741013
227741023
227741033
227741043
227741053
227741063
227741073
227741083
227741093
227741103
227741113
227741123
227741133
227741143
227741153
227741163
227741173
227741183
227741193
227741203
227741213
227741223
227741233
227741243
227741253
227741263
227741273
227741283
227741293
227741303
227741313
227741323
227741333
227741343
227741353
227741363
227741373
227741383
227741393
227741403
227741413
227741423
227741433
227741443
227741453
227741463
227741473
227741483
227741493
227741503
227741513
227741523
227741533
227741543
227741553
227741563
227741573
227741583
227741593
227741603
227741613
227741623
227741633
227741643
227741653
227741663
227741673
227741683
227741693
227610625
227610635
227610645
227610655
227610665
227610675
227610685
227610695
227610705
227610715
227610725
227610735
227610745
227610755
227610765
227610775
227610785
227610795
227610805
227610815
227610825
227610835
227610845
227610855
227610865
227610875
227610885
227610895
227610905
227610915
227610925
227610935
227610945
227610955
227610965
227610975
227610985
227610995
227611005
227611015
227611025
227611035
227611045
227611055
227611065
227611075
227611085
227611095
227611105
227611115
227611125
227611135
227611145
227611155
227611165
227611175
227611185
227611195
227611205
227611215
227611225
227611235
227611245
227611255
227611265
227611275
227611285
227611295
227611305
227611315
227611325
227611335
227611345
227611355
227611365
227611375
227611385
227611395
227611405
227611415
227611425
227611435
227611445
227611455
227611465
227611475
227611485
227611495
227611505
227611515
227611525
227611535
227611545
227611555
227611565
227611575
227611585
227611595
227611605
227611615
227611625
227611635
227611645
227611655
227611665
227611675
227611685
227611695
227611705
227611715
227611725
227611735
227611745
227611755
227611765
227611775
227611785
227611795
227611805
227611815
227611825
227611835
227611845
227611855
227611865
227611875
227611885
227611895
227611905
227611915
227611925
227611935
227611945
227611955
227611965
227611975
227611985
227611995
227612005
227612015
227612025
227612035
227612045
227612055
227612065
227612075
227612085
227612095
227612105
227612115
227612125
227612135
227612145
227612155
227612165
227612175
227612185
227612195
227612205
227612215
227612225
227612235
227612245
227612255
227612265
227612275
227612285
227612295
227612305
227612315
227612325
227612335
227612345
227612355
227612365
227612375
227612385
227612395
227612405
227612415
227612425
227612435
227612445
227612455
227612465
227612475
227612485
227612495
227612505
227612515
227612525
227612535
227612545
227612555
227612565
227612575
227612585
227612595
227612605
227612615
227612625
227612635
227612645
227612655
227612665
227612675
227612685
227612695
227612705
227612715
227612725
227612735
227612745
227612755
227612765
227612775
227612785
227612795
227612805
227612815
227612825
227612835
227612845
227612855
227612865
227612875
227612885
227612895
227612905
227612915
227612925
227612935
227612945
227612955
227612965
227612975
227612985
227612995
227613005
227613015
227613025
227613035
227613045
227613055
227613065
227613075
227613085
227613095
227613105
227613115
227613125
227613135
227613145
227613155
227613165
227613175
227613185
227613195
227613205
227613215
227613225
227613235
227613245
227613255
227613265
227613275
227613285
227613295
227613305
227613315
227613325
227613335
227613345
227613355
227613365
227613375
227613385
227613395
227613405
227613415
227613425
227613435
227613445
227613455
227613465
227613475
227613485
227613495
227613505
227613515
227613525
227613535
227613545
227613555
227613565
227613575
227613585
227613595
227613605
227613615
227613625
227613635
227613645
227613655
227613665
227613675
227613685
227613695
227613705
227613715
227613725
227613735
227613745
227613755
227613765
227613775
227613785
227613795
227613805
227613815
227613825
227613835
227613845
227613855
227613865
227613875
227613885
227613895
227613905
227613915
227613925
227613935
227613945
227613955
227613965
227613975
227613985
227613995
227614005
227614015
227614025
227614035
227614045
227614055
227614065
227614075
227614085
227614095
227614105
227614115
227614125
227614135
227614145
227614155
227614165
227614175
227614185
227614195
227614205
227614215
227614225
227614235
227614245
227614255
227614265
227614275
227614285
227614295
227614305
227614315
227614325
227614335
227614345
227614355
227614365
227614375
227614385
227614395
227614405
227614415
227614425
227614435
227614445
227614455
227614465
227614475
227614485
227614495
227614505
227614515
227614525
227614535
227614545
227614555
227614565
227614575
227614585
227614595
227614605
227614615
227614625
227614635
227614645
227614655
227614665
227614675
227614685
227614695
227614705
227614715
227794945
227794955
227794965
227794975
227794985
227794995
227795005
227795015
227795025
227795035
227795045
227795055
227795065
227795075
227795085
227795095
227795105
227795115
227795125
227795135
227795145
227795155
227795165
227795175
227795185
227795195
227795205
227795215
227795225
227795235
227795245
227795255
227795265
227795275
227795285
227795295
227795305
227795315
227795325
227795335
227795345
227795355
227795365
227795375
227795385
227795395
227795405
227795415
227795425
227795435
227795445
227795455
227795465
227795475
227795485
227795495
227795505
227795515
227795525
227795535
227795545
227795555
227795565
227795575
227795585
227795595
227795605
227795615
227795625
227795635
227795645
227795655
227795665
227795675
227795685
227795695
227795705
227795715
227795725
227795735
227795745
227795755
227795765
227795775
227795785
227795795
227795805
227795815
227795825
227795835
227795845
227795855
227795865
227795875
227795885
227795895
227795905
227795915
227795925
227795935
227795945
227795955
227795965
227795975
227795985
227795995
227796005
227796015
227796025
227796035
227796045
227796055
227796065
227796075
227796085
227796095
227796105
227796115
227796125
227796135
227796145
227796155
227796165
227796175
227796185
227796195
227796205
227796215
227796225
227796235
227796245
227796255
227796265
227796275
227796285
227796295
227796305
227796315
227796325
227796335
227796345
227796355
227796365
227796375
227796385
227796395
227796405
227796415
227796425
227796435
227796445
227796455
227796465
227796475
227796485
227796495
227796505
227796515
227796525
227796535
227796545
227796555
227796565
227796575
227796585
227796595
227796605
227796615
227796625
227796635
227796645
227796655
227796665
227796675
227796685
227796695
227796705
227796715
227796725
227796735
227796745
227796755
227796765
227796775
227796785
227796795
227796805
227796815
227796825
227796835
227796845
227796855
227796865
227796875
227796885
227796895
227796905
227796915
227796925
227796935
227796945
227796955
227796965
227796975
227796985
227796995
227797005
227797015
227797025
227797035
227797045
227797055
227797065
227797075
227797085
227797095
227797105
227797115
227797125
227797135
227797145
227797155
227797165
227797175
227797185
227797195
227797205
227797215
227797225
227797235
227797245
227797255
227797265
227797275
227797285
227797295
227797305
227797315
227797325
227797335
227797345
227797355
227797365
227797375
227797385
227797395
227797405
227797415
227797425
227797435
227797445
227797455
227797465
227797475
227797485
227797495
227797505
227797515
227797525
227797535
227797545
227797555
227797565
227797575
227797585
227797595
227797605
227797615
227797625
227797635
227797645
227797655
227797665
227797675
227797685
227797695
227797705
227797715
227797725
227797735
227797745
227797755
227797765
227797775
227797785
227797795
227797805
227797815
227797825
227797835
227797845
227797855
227797865
227797875
227797885
227797895
227797905
227797915
227797925
227797935
227797945
227797955
227797965
227797975
227797985
227797995
227798005
227798015
227798025
227798035
227798045
227798055
227798065
227798075
227798085
227798095
227798105
227798115
227798125
227798135
227798145
227798155
227798165
227798175
227798185
227798195
227798205
227798215
227798225
227798235
227798245
227798255
227798265
227798275
227798285
227798295
227798305
227798315
227798325
227798335
227798345
227798355
227798365
227798375
227798385
227798395
227798405
227798415
227798425
227798435
227798445
227798455
227798465
227798475
227798485
227798495
227798505
227798515
227798525
227798535
227798545
227798555
227798565
227798575
227798585
227798595
227798605
227798615
227798625
227798635
227798645
227798655
227798665
227798675
227798685
227798695
227798705
227798715
227798725
227798735
227798745
227798755
227798765
227798775
227798785
227798795
227798805
227798815
227798825
227798835
227798845
227798855
227798865
227798875
227798885
227798895
227798905
227798915
227798925
227798935
227798945
227798955
227798965
227798975
227798985
227798995
227799005
227799015
227799025
227799035
