869
227741703
869
227741713
869
227741723
869
227741733
869
227741743
869
227741753
869
227741763
869
227741773
869
227741783
869
227741793
869
227741803
869
227741813
869
227741823
869
227741833
869
227741843
869
227741853
869
227741863
869
227741873
869
227741883
869
227741893
869
227741903
869
227741913
869
227741923
869
227741933
869
227741943
869
227741953
869
227741963
869
227741973
869
227741983
869
227741993
869
227742003
869
227742013
869
227742023
869
227742033
869
227742043
869
227742053
869
227742063
869
227742073
869
227742083
869
227742093
869
227742103
869
227742113
869
227742123
869
227742133
869
227742143
869
227742153
869
227742163
869
227742173
869
227742183
869
227742193
869
227742203
869
227742213
869
227742223
869
227742233
869
227742243
869
227742253
869
227742263
869
227742273
869
227742283
869
227742293
869
227742303
869
227742313
869
227742323
869
227742333
869
227742343
869
227742353
869
227742363
869
227742373
869
227742383
869
227742393
869
227742403
869
227742413
869
227742423
869
227742433
869
227742443
869
227742453
869
227742463
869
227742473
869
227742483
869
227742493
869
227742503
869
227742513
869
227742523
869
227742533
869
227742543
869
227742553
869
227742563
869
227742573
869
227742583
869
227742593
869
227742603
869
227742613
869
227742623
869
227742633
869
227742643
869
227742653
869
227742663
869
227742673
869
227742683
869
227742693
869
227742703
869
227742713
869
227742723
869
227742733
869
227742743
869
227742753
869
227742763
869
227742773
869
227742783
869
227742793
869
227742803
869
227742813
869
227742823
869
227742833
869
227742843
869
227742853
869
227742863
869
227742873
869
227742883
869
227742893
869
227742903
869
227742913
869
227742923
869
227742933
869
227742943
869
227742953
869
227742963
869
227742973
869
227742983
869
227742993
869
227743003
869
227743013
869
227743023
869
227743033
869
227743043
869
227743053
869
227743063
869
227743073
869
227743083
869
227743093
869
227743103
869
227743113
869
227743123
869
227743133
869
227743143
869
227743153
869
227743163
869
227743173
869
227743183
869
227743193
869
227743203
869
227743213
869
227743223
869
227743233
869
227743243
869
227743253
869
227743263
869
227743273
869
227743283
869
227743293
869
227743303
869
227743313
869
227743323
869
227743333
869
227743343
869
227743353
869
227743363
869
227743373
869
227743383
869
227743393
869
227743403
869
227743413
869
227743423
869
227743433
869
227743443
869
227743453
869
227743463
869
227743473
869
227743483
869
227743493
869
227743503
869
227743513
869
227743523
869
227743533
869
227743543
869
227743553
869
227743563
869
227743573
869
227743583
869
227743593
869
227743603
869
227743613
869
227743623
869
227743633
869
227743643
869
227743653
869
227743663
869
227743673
869
227743683
869
227743693
869
227743703
869
227743713
869
227743723
869
227743733
869
227743743
869
227743753
869
227743763
869
227743773
869
227743783
869
227743793
869
227743803
869
227743813
869
227743823
869
227743833
869
227743843
869
227743853
869
227743863
869
227743873
869
227743883
869
227743893
869
227743903
869
227743913
869
227743923
869
227743933
869
227743943
869
227743953
869
227743963
869
227743973
869
227743983
869
227743993
869
227744003
869
227744013
869
227744023
869
227744033
869
227744043
869
227744053
869
227744063
869
227744073
869
227744083
869
227744093
869
227744103
869
227744113
869
227744123
869
227744133
869
227744143
869
227744153
869
227744163
869
227744173
869
227744183
869
227744193
869
227744203
869
227744213
869
227744223
869
227744233
869
227744243
869
227744253
869
227744263
869
227744273
869
227744283
869
227744293
869
227744303
869
227744313
869
227744323
869
227744333
869
227744343
869
227744353
869
227744363
869
227744373
869
227744383
869
227744393
869
227744403
869
227744413
869
227744423
869
227744433
869
227744443
869
227744453
869
227744463
869
227744473
869
227744483
869
227744493
869
227744503
869
227744513
869
227744523
869
227744533
869
227744543
869
227744553
869
227744563
869
227744573
869
227744583
869
227744593
869
227744603
869
227744613
869
227744623
869
227744633
869
227744643
869
227744653
869
227744663
869
227744673
869
227744683
869
227744693
869
227744703
869
227744713
869
227744723
869
227744733
869
227744743
869
227744753
869
227744763
869
227744773
869
227744783
869
227744793
869
227744803
869
227744813
869
227744823
869
227744833
869
227744843
869
227744853
869
227744863
869
227744873
869
227744883
869
227744893
869
227744903
869
227744913
869
227744923
869
227744933
869
227744943
869
227744953
869
227744963
869
227744973
869
227744983
869
227744993
869
227745003
869
227745013
869
227745023
869
227745033
869
227745043
869
227745053
869
227745063
869
227745073
869
227745083
869
227745093
869
227745103
869
227745113
869
227745123
869
227745133
869
227745143
869
227745153
869
227745163
869
227745173
869
227745183
869
227745193
869
227745203
869
227745213
869
227745223
869
227745233
869
227745243
869
227745253
869
227745263
869
227745273
869
227745283
869
227745293
869
227745303
869
227745313
869
227745323
869
227745333
869
227745343
869
227745353
869
227745363
869
227745373
869
227745383
869
227745393
869
227745403
869
227745413
869
227745423
869
227745433
869
227745443
869
227745453
869
227745463
869
227745473
869
227745483
869
227745493
869
227745503
869
227745513
869
227745523
869
227745533
869
227745543
869
227745553
869
227745563
869
227745573
869
227745583
869
227745593
869
227745603
869
227745613
869
227745623
869
227745633
869
227745643
869
227745653
869
227745663
869
227745673
869
227745683
869
227745693
869
227745703
869
227745713
869
227745723
869
227745733
869
227745743
869
227745753
869
227745763
869
227745773
869
227745783
869
227569665
869
227569675
869
227569685
869
227569695
869
227569705
869
227569715
869
227569725
869
227569735
869
227569745
869
227569755
869
227569765
869
227569775
869
227569785
869
227569795
869
227569805
869
227569815
869
227569825
869
227569835
869
227569845
869
227569855
869
227569865
869
227569875
869
227569885
869
227569895
869
227569905
869
227569915
869
227569925
869
227569935
869
227569945
869
227569955
869
227569965
869
227569975
869
227569985
869
227569995
869
227570005
869
227570015
869
227570025
869
227570035
869
227570045
869
227570055
869
227570065
869
227570075
869
227570085
869
227570095
869
227570105
869
227570115
869
227570125
869
227570135
869
227570145
869
227570155
869
227570165
869
227570175
869
227570185
869
227570195
869
227570205
869
227570215
869
227570225
869
227570235
869
227570245
869
227570255
869
227570265
869
227570275
869
227570285
869
227570295
869
227570305
869
227570315
869
227570325
869
227570335
869
227570345
869
227570355
869
227570365
869
227570375
869
227570385
869
227570395
869
227570405
869
227570415
869
227570425
869
227570435
869
227570445
869
227570455
869
227570465
869
227570475
869
227570485
869
227570495
869
227570505
869
227570515
869
227570525
869
227570535
869
227570545
869
227570555
869
227570565
869
227570575
869
227570585
869
227570595
869
227570605
869
227570615
869
227570625
869
227570635
869
227570645
869
227570655
869
227570665
869
227570675
869
227570685
869
227570695
869
227570705
869
227570715
869
227570725
869
227570735
869
227570745
869
227570755
869
227570765
869
227570775
869
227570785
869
227570795
869
227570805
869
227570815
869
227570825
869
227570835
869
227570845
869
227570855
869
227570865
869
227570875
869
227570885
869
227570895
869
227570905
869
227570915
869
227570925
869
227570935
869
227570945
869
227570955
869
227570965
869
227570975
869
227570985
869
227570995
869
227571005
869
227571015
869
227571025
869
227571035
869
227571045
869
227571055
869
227571065
869
227571075
869
227571085
869
227571095
869
227571105
869
227571115
869
227571125
869
227571135
869
227571145
869
227571155
869
227571165
869
227571175
869
227571185
869
227571195
869
227571205
869
227571215
869
227571225
869
227571235
869
227571245
869
227571255
869
227571265
869
227571275
869
227571285
869
227571295
869
227571305
869
227571315
869
227571325
869
227571335
869
227571345
869
227571355
869
227571365
869
227571375
869
227571385
869
227571395
869
227571405
869
227571415
869
227571425
869
227571435
869
227571445
869
227571455
869
227571465
869
227571475
869
227571485
869
227571495
869
227571505
869
227571515
869
227571525
869
227571535
869
227571545
869
227571555
869
227571565
869
227571575
869
227571585
869
227571595
869
227571605
869
227571615
869
227571625
869
227571635
869
227571645
869
227571655
869
227571665
869
227571675
869
227571685
869
227571695
869
227571705
869
227571715
869
227571725
869
227571735
869
227571745
869
227571755
869
227571765
869
227571775
869
227571785
869
227571795
869
227571805
869
227571815
869
227571825
869
227571835
869
227571845
869
227571855
869
227571865
869
227571875
869
227571885
869
227571895
869
227571905
869
227571915
869
227571925
869
227571935
869
227571945
869
227571955
869
227571965
869
227571975
869
227571985
869
227571995
869
227572005
869
227572015
869
227572025
869
227572035
869
227572045
869
227572055
869
227572065
869
227572075
869
227572085
869
227572095
869
227572105
869
227572115
869
227572125
869
227572135
869
227572145
869
227572155
869
227572165
869
227572175
869
227572185
869
227572195
869
227572205
869
227572215
869
227572225
869
227572235
869
227572245
869
227572255
869
227572265
869
227572275
869
227572285
869
227572295
869
227572305
869
227572315
869
227572325
869
227572335
869
227572345
869
227572355
869
227572365
869
227572375
869
227572385
869
227572395
869
227572405
869
227572415
869
227572425
869
227572435
869
227572445
869
227572455
869
227572465
869
227572475
869
227572485
869
227572495
869
227572505
869
227572515
869
227572525
869
227572535
869
227572545
869
227572555
869
227572565
869
227572575
869
227572585
869
227572595
869
227572605
869
227572615
869
227572625
869
227572635
869
227572645
869
227572655
869
227572665
869
227572675
869
227572685
869
227572695
869
227572705
869
227572715
869
227572725
869
227572735
869
227572745
869
227572755
869
227572765
869
227572775
869
227572785
869
227572795
869
227572805
869
227572815
869
227572825
869
227572835
869
227572845
869
227572855
869
227572865
869
227572875
869
227572885
869
227572895
869
227572905
869
227572915
869
227572925
869
227572935
869
227572945
869
227572955
869
227572965
869
227572975
869
227572985
869
227572995
869
227573005
869
227573015
869
227573025
869
227573035
869
227573045
869
227573055
869
227573065
869
227573075
869
227573085
869
227573095
869
227573105
869
227573115
869
227573125
869
227573135
869
227573145
869
227573155
869
227573165
869
227573175
869
227573185
869
227573195
869
227573205
869
227573215
869
227573225
869
227573235
869
227573245
869
227573255
869
227573265
869
227573275
869
227573285
869
227573295
869
227573305
869
227573315
869
227573325
869
227573335
869
227573345
869
227573355
869
227573365
869
227573375
869
227573385
869
227573395
869
227573405
869
227573415
869
227573425
869
227573435
869
227573445
869
227573455
869
227573465
869
227573475
869
227573485
869
227573495
869
227573505
869
227573515
869
227573525
869
227573535
869
227573545
869
227573555
869
227573565
869
227573575
869
227573585
869
227573595
869
227573605
869
227573615
869
227573625
869
227573635
869
227573645
869
227573655
869
227573665
869
227573675
869
227573685
869
227573695
869
227573705
869
227573715
869
227573725
869
227573735
869
227573745
869
227573755
869
227581957
869
227581967
869
227581977
869
227581987
869
227581997
869
227582007
869
227582017
869
227582027
869
227582037
869
227582047
869
227582057
869
227582067
869
227582077
869
227582087
869
227582097
869
227582107
869
227582117
869
227582127
869
227582137
869
227582147
869
227582157
869
227582167
869
227582177
869
227582187
869
227582197
869
227582207
869
227582217
869
227582227
869
227582237
869
227582247
869
227582257
869
227582267
869
227582277
869
227582287
869
227582297
869
227582307
869
227582317
869
227582327
869
227582337
869
227582347
869
227582357
869
227582367
869
227582377
869
227582387
869
227582397
869
227582407
869
227582417
869
227582427
869
227582437
869
227582447
869
227582457
869
227582467
869
227582477
869
227582487
869
227582497
869
227582507
869
227582517
869
227582527
869
227582537
869
227582547
869
227582557
869
227582567
869
227582577
869
227582587
869
227582597
869
227582607
869
227582617
869
227582627
869
227582637
869
227582647
869
227582657
869
227582667
869
227582677
869
227582687
869
227582697
869
227582707
869
227582717
869
227582727
869
227582737
869
227582747
869
227582757
869
227582767
869
227582777
869
227582787
869
227582797
869
227582807
869
227582817
869
227582827
869
227582837
869
227582847
869
227582857
869
227582867
869
227582877
869
227582887
869
227582897
869
227582907
869
227582917
869
227582927
869
227582937
869
227582947
869
227582957
869
227582967
869
227582977
869
227582987
869
227582997
869
227583007
869
227583017
869
227583027
869
227583037
869
227583047
869
227583057
869
227583067
869
227583077
869
227583087
869
227583097
869
227583107
869
227583117
869
227583127
869
227583137
869
227583147
869
227583157
869
227583167
869
227583177
869
227583187
869
227583197
869
227583207
869
227583217
869
227583227
869
227583237
869
227583247
869
227583257
869
227583267
869
227583277
869
227583287
869
227583297
869
227583307
869
227583317
869
227583327
869
227583337
869
227583347
869
227583357
869
227583367
869
227583377
869
227583387
869
227583397
869
227583407
869
227583417
869
227583427
869
227583437
869
227583447
869
227583457
869
227583467
869
227583477
869
227583487
869
227583497
869
227583507
869
227583517
869
227583527
869
227583537
869
227583547
869
227583557
869
227583567
869
227583577
869
227583587
869
227583597
869
227583607
869
227583617
869
227583627
869
227583637
869
227583647
869
227583657
869
227583667
869
227583677
869
227583687
869
227583697
869
227583707
869
227583717
869
227583727
869
227583737
869
227583747
869
227583757
869
227583767
869
227583777
869
227583787
869
227583797
869
227583807
869
227583817
869
227583827
869
227583837
869
227583847
869
227583857
869
227583867
869
227583877
869
227583887
869
227583897
869
227583907
869
227583917
869
227583927
869
227583937
869
227583947
869
227583957
869
227583967
869
227583977
869
227583987
869
227583997
869
227584007
869
227584017
869
227584027
869
227584037
869
227584047
869
227584057
869
227584067
869
227584077
869
227584087
869
227584097
869
227584107
869
227584117
869
227584127
869
227584137
869
227584147
869
227584157
869
227584167
869
227584177
869
227584187
869
227584197
869
227584207
869
227584217
869
227584227
869
227584237
869
227584247
869
227584257
869
227584267
869
227584277
869
227584287
869
227584297
869
227584307
869
227584317
869
227584327
869
227584337
869
227584347
869
227584357
869
227584367
869
227584377
869
227584387
869
227584397
869
227584407
869
227584417
869
227584427
869
227584437
869
227584447
869
227584457
869
227584467
869
227584477
869
227584487
869
227584497
869
227584507
869
227584517
869
227584527
869
227584537
869
227584547
869
227584557
869
227584567
869
227584577
869
227584587
869
227584597
869
227584607
869
227584617
869
227584627
869
227584637
869
227584647
869
227584657
869
227584667
869
227584677
869
227584687
869
227584697
869
227584707
869
227584717
869
227584727
869
227584737
869
227584747
869
227584757
869
227584767
869
227584777
869
227584787
869
227584797
869
227584807
869
227584817
869
227584827
869
227584837
869
227584847
869
227584857
869
227584867
869
227584877
869
227584887
869
227584897
869
227584907
869
227584917
869
227584927
869
227584937
869
227584947
869
227584957
869
227584967
869
227584977
869
227584987
869
227584997
869
227585007
869
227585017
869
227585027
869
227585037
869
227585047
869
227585057
869
227585067
869
227585077
869
227585087
869
227585097
869
227585107
869
227585117
869
227585127
869
227585137
869
227585147
869
227585157
869
227585167
869
227585177
869
227585187
869
227585197
869
227585207
869
227585217
869
227585227
869
227585237
869
227585247
869
227585257
869
227585267
869
227585277
869
227585287
869
227585297
869
227585307
869
227585317
869
227585327
869
227585337
869
227585347
869
227585357
869
227585367
869
227585377
869
227585387
869
227585397
869
227585407
869
227585417
869
227585427
869
227585437
869
227585447
869
227585457
869
227585467
869
227585477
869
227585487
869
227585497
869
227585507
869
227585517
869
227585527
869
227585537
869
227585547
869
227585557
869
227585567
869
227585577
869
227585587
869
227585597
869
227585607
869
227585617
869
227585627
869
227585637
869
227585647
869
227585657
869
227585667
869
227585677
869
227585687
869
227585697
869
227585707
869
227585717
869
227585727
869
227585737
869
227585747
869
227585757
869
227585767
869
227585777
869
227585787
869
227585797
869
227585807
869
227585817
869
227585827
869
227585837
869
227585847
869
227585857
869
227585867
869
227585877
869
227585887
869
227585897
869
227585907
869
227585917
869
227585927
869
227585937
869
227585947
869
227585957
869
227585967
869
227585977
869
227585987
869
227585997
869
227586007
869
227586017
869
227586027
869
227586037
869
227586047
869
227672065
869
227672075
869
227672085
869
227672095
869
227672105
869
227672115
869
227672125
869
227672135
869
227672145
869
227672155
869
227672165
869
227672175
869
227672185
869
227672195
869
227672205
869
227672215
869
227672225
869
227672235
869
227672245
869
227672255
869
227672265
869
227672275
869
227672285
869
227672295
869
227672305
869
227672315
869
227672325
869
227672335
869
227672345
869
227672355
869
227672365
869
227672375
869
227672385
869
227672395
869
227672405
869
227672415
869
227672425
869
227672435
869
227672445
869
227672455
869
227672465
869
227672475
869
227672485
869
227672495
869
227672505
869
227672515
869
227672525
869
227672535
869
227672545
869
227672555
869
227672565
869
227672575
869
227672585
869
227672595
869
227672605
869
227672615
869
227672625
869
227672635
869
227672645
869
227672655
869
227672665
869
227672675
869
227672685
869
227672695
869
227672705
869
227672715
869
227672725
869
227672735
869
227672745
869
227672755
869
227672765
869
227672775
869
227672785
869
227672795
869
227672805
869
227672815
869
227672825
869
227672835
869
227672845
869
227672855
869
227672865
869
227672875
869
227672885
869
227672895
869
227672905
869
227672915
869
227672925
869
227672935
869
227672945
869
227672955
869
227672965
869
227672975
869
227672985
869
227672995
869
227673005
869
227673015
869
227673025
869
227673035
869
227673045
869
227673055
869
227673065
869
227673075
869
227673085
869
227673095
869
227673105
869
227673115
869
227673125
869
227673135
869
227673145
869
227673155
869
227673165
869
227673175
869
227673185
869
227673195
869
227673205
869
227673215
869
227673225
869
227673235
869
227673245
869
227673255
869
227673265
869
227673275
869
227673285
869
227673295
869
227673305
869
227673315
869
227673325
869
227673335
869
227673345
869
227673355
869
227673365
869
227673375
869
227673385
869
227673395
869
227673405
869
227673415
869
227673425
869
227673435
869
227673445
869
227673455
869
227673465
869
227673475
869
227673485
869
227673495
869
227673505
869
227673515
869
227673525
869
227673535
869
227673545
869
227673555
869
227673565
869
227673575
869
227673585
869
227673595
869
227673605
869
227673615
869
227673625
869
227673635
869
227673645
869
227673655
869
227673665
869
227673675
869
227673685
869
227673695
869
227673705
869
227673715
869
227673725
869
227673735
869
227673745
869
227673755
869
227673765
869
227673775
869
227673785
869
227673795
869
227673805
869
227673815
869
227673825
869
227673835
869
227673845
869
227673855
869
227673865
869
227673875
869
227673885
869
227673895
869
227673905
869
227673915
869
227673925
869
227673935
869
227673945
869
227673955
869
227673965
869
227673975
869
227673985
869
227673995
869
227674005
869
227674015
869
227674025
869
227674035
869
227674045
869
227674055
869
227674065
869
227674075
869
227674085
869
227674095
869
227674105
869
227674115
869
227674125
869
227674135
869
227674145
869
227674155
869
227674165
869
227674175
869
227674185
869
227674195
869
227674205
869
227674215
869
227674225
869
227674235
869
227674245
869
227674255
869
227674265
869
227674275
869
227674285
869
227674295
869
227674305
869
227674315
869
227674325
869
227674335
869
227674345
869
227674355
869
227674365
869
227674375
869
227674385
869
227674395
869
227674405
869
227674415
869
227674425
869
227674435
869
227674445
869
227674455
869
227674465
869
227674475
869
227674485
869
227674495
869
227674505
869
227674515
869
227674525
869
227674535
869
227674545
869
227674555
869
227674565
869
227674575
869
227674585
869
227674595
869
227674605
869
227674615
869
227674625
869
227674635
869
227674645
869
227674655
869
227674665
869
227674675
869
227674685
869
227674695
869
227674705
869
227674715
869
227674725
869
227674735
869
227674745
869
227674755
869
227674765
869
227674775
869
227674785
869
227674795
869
227674805
869
227674815
869
227674825
869
227674835
869
227674845
869
227674855
869
227674865
869
227674875
869
227674885
869
227674895
869
227674905
869
227674915
869
227674925
869
227674935
869
227674945
869
227674955
869
227674965
869
227674975
869
227674985
869
227674995
869
227675005
869
227675015
869
227675025
869
227675035
869
227675045
869
227675055
869
227675065
869
227675075
869
227675085
869
227675095
869
227675105
869
227675115
869
227675125
869
227675135
869
227675145
869
227675155
869
227675165
869
227675175
869
227675185
869
227675195
869
227675205
869
227675215
869
227675225
869
227675235
869
227675245
869
227675255
869
227675265
869
227675275
869
227675285
869
227675295
869
227675305
869
227675315
869
227675325
869
227675335
869
227675345
869
227675355
869
227675365
869
227675375
869
227675385
869
227675395
869
227675405
869
227675415
869
227675425
869
227675435
869
227675445
869
227675455
869
227675465
869
227675475
869
227675485
869
227675495
869
227675505
869
227675515
869
227675525
869
227675535
869
227675545
869
227675555
869
227675565
869
227675575
869
227675585
869
227675595
869
227675605
869
227675615
869
227675625
869
227675635
869
227675645
869
227675655
869
227675665
869
227675675
869
227675685
869
227675695
869
227675705
869
227675715
869
227675725
869
227675735
869
227675745
869
227675755
869
227675765
869
227675775
869
227675785
869
227675795
869
227675805
869
227675815
869
227675825
869
227675835
869
227675845
869
227675855
869
227675865
869
227675875
869
227675885
869
227675895
869
227675905
869
227675915
869
227675925
869
227675935
869
227675945
869
227675955
869
227675965
869
227675975
869
227675985
869
227675995
869
227676005
869
227676015
869
227676025
869
227676035
869
227676045
869
227676055
869
227676065
869
227676075
869
227676085
869
227676095
869
227676105
869
227676115
869
227676125
869
227676135
869
227676145
869
227676155
869
227663877
869
227663887
869
227663897
869
227663907
869
227663917
869
227663927
869
227663937
869
227663947
869
227663957
869
227663967
869
227663977
869
227663987
869
227663997
869
227664007
869
227664017
869
227664027
869
227664037
869
227664047
869
227664058
869
227664067
869
227664077
869
227664087
869
227664097
869
227664107
869
227664117
869
227664127
869
227664137
869
227664147
869
227664157
869
227664167
869
227664177
869
227664187
869
227664197
869
227664207
869
227664217
869
227664227
869
227664237
869
227664247
869
227664257
869
227664267
869
227664277
869
227664287
869
227664297
869
227664307
869
227664317
869
227664327
869
227664337
869
227664347
869
227664357
869
227664367
869
227664377
869
227664387
869
227664397
869
227664407
869
227664417
869
227664427
869
227664437
869
227664447
869
227664457
869
227664467
869
227664477
869
227664487
869
227664497
869
227664507
869
227664517
869
227664527
869
227664537
869
227664547
869
227664557
869
227664567
869
227664577
869
227664587
869
227664597
869
227664607
869
227664617
869
227664627
869
227664637
869
227664647
869
227664657
869
227664667
869
227664677
869
227664687
869
227664697
869
227664707
869
227664717
869
227664727
869
227664737
869
227664747
869
227664757
869
227664767
869
227664777
869
227664787
869
227664797
869
227664807
869
227664817
869
227664827
869
227664837
869
227664847
869
227664857
869
227664867
869
227664877
869
227664887
869
227664897
869
227664907
869
227664917
869
227664927
869
227664937
869
227664947
869
227664957
869
227664967
869
227664977
869
227664987
869
227664997
869
227665007
869
227665017
869
227665027
869
227665037
869
227665047
869
227665057
869
227665067
869
227665077
869
227665087
869
227665097
869
227665107
869
227665117
869
227665127
869
227665137
869
227665147
869
227665157
869
227665167
869
227665177
869
227665187
869
227665197
869
227665207
869
227665217
869
227665227
869
227665237
869
227665247
869
227665257
869
227665267
869
227665277
869
227665287
869
227665297
869
227665307
869
227665317
869
227665327
869
227665337
869
227665347
869
227665357
869
227665367
869
227665377
869
227665387
869
227665397
869
227665407
869
227665417
869
227665427
869
227665437
869
227665447
869
227665457
869
227665467
869
227665477
869
227665487
869
227665497
869
227665507
869
227665517
869
227665527
869
227665537
869
227665547
869
227665557
869
227665567
869
227665577
869
227665587
869
227665597
869
227665607
869
227665617
869
227665627
869
227665637
869
227665647
869
227665657
869
227665667
869
227665677
869
227665687
869
227665697
869
227665707
869
227665717
869
227665727
869
227665737
869
227665747
869
227665757
869
227665767
869
227665777
869
227665787
869
227665797
869
227665807
869
227665817
869
227665827
869
227665837
869
227665847
869
227665857
869
227665867
869
227665877
869
227665887
869
227665897
869
227665907
869
227665917
869
227665927
869
227665937
869
227665947
869
227665957
869
227665967
869
227665977
869
227665987
869
227665997
869
227666007
869
227666017
869
227666027
869
227666037
869
227666047
869
227666057
869
227666067
869
227666077
869
227666087
869
227666097
869
227666107
869
227666117
869
227666127
869
227666137
869
227666147
869
227666157
869
227666167
869
227666177
869
227666187
869
227666197
869
227666207
869
227666217
869
227666227
869
227666237
869
227666247
869
227666257
869
227666267
869
227666277
869
227666287
869
227666297
869
227666307
869
227666317
869
227666327
869
227666337
869
227666347
869
227666357
869
227666367
869
227666377
869
227666387
869
227666397
869
227666407
869
227666417
869
227666427
869
227666437
869
227666447
869
227666457
869
227666467
869
227666477
869
227666487
869
227666497
869
227666507
869
227666517
869
227666527
869
227666537
869
227666547
869
227666557
869
227666567
869
227666577
869
227666587
869
227666597
869
227666607
869
227666617
869
227666627
869
227666637
869
227666647
869
227666657
869
227666667
869
227666677
869
227666687
869
227666697
869
227666707
869
227666717
869
227666727
869
227666737
869
227666747
869
227666757
869
227666767
869
227666777
869
227666787
869
227666797
869
227666807
869
227666817
869
227666827
869
227666837
869
227666847
869
227666857
869
227666867
869
227666877
869
227666887
869
227666897
869
227666907
869
227666917
869
227666927
869
227666937
869
227666947
869
227666957
869
227666967
869
227666977
869
227666987
869
227666997
869
227667007
869
227667017
869
227667027
869
227667037
869
227667047
869
227667057
869
227667067
869
227667077
869
227667087
869
227667097
869
227667107
869
227667117
869
227667127
869
227667137
869
227667147
869
227667157
869
227667167
869
227667177
869
227667187
869
227667197
869
227667207
869
227667217
869
227667227
869
227667237
869
227667247
869
227667257
869
227667267
869
227667277
869
227667287
869
227667297
869
227667307
869
227667317
869
227667327
869
227667337
869
227667347
869
227667357
869
227667367
869
227667377
869
227667387
869
227667397
869
227667407
869
227667417
869
227667427
869
227667437
869
227667447
869
227667457
869
227667467
869
227667477
869
227667487
869
227667497
869
227667507
869
227667517
869
227667527
869
227667537
869
227667547
869
227667557
869
227667567
869
227667577
869
227667587
869
227667597
869
227667607
869
227667617
869
227667627
869
227667637
869
227667647
869
227667657
869
227667667
869
227667677
869
227667687
869
227667697
869
227667707
869
227667717
869
227667727
869
227667737
869
227667747
869
227667757
869
227667767
869
227667777
869
227667787
869
227667797
869
227667807
869
227667817
869
227667827
869
227667837
869
227667847
869
227667857
869
227667867
869
227667877
869
227667887
869
227667897
869
227667907
869
227667917
869
227667927
869
227667937
869
227667947
869
227667957
869
227667967
869
227688457
869
227688467
869
227688477
869
227688487
869
227688497
869
227688507
869
227688517
869
227688527
869
227688537
869
227688547
869
227688557
869
227688567
869
227688577
869
227688587
869
227688597
869
227688607
869
227688617
869
227688627
869
227688637
869
227688647
869
227688657
869
227688667
869
227688677
869
227688687
869
227688697
869
227688707
869
227688717
869
227688727
869
227688737
869
227688747
869
227688757
869
227688767
869
227688777
869
227688787
869
227688797
869
227688807
869
227688817
869
227688827
869
227688837
869
227688847
869
227688857
869
227688867
869
227688877
869
227688887
869
227688897
869
227688907
869
227688917
869
227688927
869
227688937
869
227688947
869
227688957
869
227688967
869
227688977
869
227688987
869
227688997
869
227689007
869
227689017
869
227689027
869
227689037
869
227689047
869
227689057
869
227689067
869
227689078
869
227689087
869
227689097
869
227689107
869
227689117
869
227689127
869
227689137
869
227689147
869
227689157
869
227689167
869
227689177
869
227689187
869
227689197
869
227689207
869
227689217
869
227689227
869
227689237
869
227689247
869
227689257
869
227689267
869
227689277
869
227689287
869
227689297
869
227689307
869
227689317
869
227689327
869
227689337
869
227689347
869
227689357
869
227689367
869
227689377
869
227689387
869
227689397
869
227689407
869
227689417
869
227689427
869
227689437
869
227689447
869
227689457
869
227689467
869
227689477
869
227689487
869
227689497
869
227689507
869
227689517
869
227689527
869
227689537
869
227689547
869
227689557
869
227689567
869
227689577
869
227689587
869
227689597
869
227689607
869
227689617
869
227689627
869
227689637
869
227689647
869
227689657
869
227689667
869
227689677
869
227689687
869
227689697
869
227689707
869
227689717
869
227689727
869
227689737
869
227689747
869
227689757
869
227689767
869
227689777
869
227689787
869
227689797
869
227689807
869
227689817
869
227689827
869
227689837
869
227689847
869
227689857
869
227689867
869
227689877
869
227689887
869
227689897
869
227689907
869
227689917
869
227689927
869
227689937
869
227689947
869
227689957
869
227689967
869
227689977
869
227689987
869
227689997
869
227690007
869
227690017
869
227690027
869
227690037
869
227690047
869
227690057
869
227690067
869
227690077
869
227690087
869
227690097
869
227690107
869
227690117
869
227690127
869
227690137
869
227690147
869
227690157
869
227690167
869
227690177
869
227690187
869
227690197
869
227690207
869
227690217
869
227690227
869
227690237
869
227690247
869
227690257
869
227690267
869
227690277
869
227690287
869
227690297
869
227690307
869
227690317
869
227690327
869
227690337
869
227690347
869
227690357
869
227690367
869
227690377
869
227690387
869
227690397
869
227690407
869
227690417
869
227690427
869
227690437
869
227690447
869
227690457
869
227690467
869
227690477
869
227690487
869
227690497
869
227690507
869
227690517
869
227690527
869
227690537
869
227690547
869
227690557
869
227690567
869
227690577
869
227690587
869
227690597
869
227690607
869
227690617
869
227690627
869
227690637
869
227690647
869
227690657
869
227690667
869
227690677
869
227690687
869
227690697
869
227690707
869
227690717
869
227690727
869
227690737
869
227690747
869
227690757
869
227690767
869
227690777
869
227690787
869
227690797
869
227690807
869
227690817
869
227690827
869
227690837
869
227690847
869
227690857
869
227690867
869
227690877
869
227690887
869
227690897
869
227690907
869
227690917
869
227690927
869
227690937
869
227690947
869
227690957
869
227690967
869
227690977
869
227690987
869
227690997
869
227691007
869
227691017
869
227691027
869
227691037
869
227691047
869
227691057
869
227691067
869
227691077
869
227691087
869
227691097
869
227691107
869
227691117
869
227691127
869
227691137
869
227691147
869
227691157
869
227691167
869
227691177
869
227691187
869
227691197
869
227691207
869
227691217
869
227691227
869
227691237
869
227691247
869
227691257
869
227691267
869
227691277
869
227691287
869
227691297
869
227691307
869
227691317
869
227691327
869
227691337
869
227691347
869
227691357
869
227691367
869
227691377
869
227691387
869
227691397
869
227691407
869
227691417
869
227691427
869
227691437
869
227691447
869
227691457
869
227691467
869
227691477
869
227691487
869
227691497
869
227691507
869
227691517
869
227691527
869
227691537
869
227691547
869
227691557
869
227691567
869
227691577
869
227691587
869
227691597
869
227691607
869
227691617
869
227691627
869
227691637
869
227691647
869
227691657
869
227691667
869
227691677
869
227691687
869
227691697
869
227691707
869
227691717
869
227691727
869
227691737
869
227691747
869
227691757
869
227691767
869
227691777
869
227691787
869
227691797
869
227691807
869
227691817
869
227691827
869
227691837
869
227691847
869
227691857
869
227691867
869
227691877
869
227691887
869
227691897
869
227691907
869
227691917
869
227691927
869
227691937
869
227691947
869
227691957
869
227691967
869
227691977
869
227691987
869
227691997
869
227692007
869
227692017
869
227692027
869
227692037
869
227692047
869
227692057
869
227692067
869
227692077
869
227692087
869
227692097
869
227692107
869
227692117
869
227692127
869
227692137
869
227692147
869
227692157
869
227692167
869
227692177
869
227692187
869
227692197
869
227692207
869
227692217
869
227692227
869
227692237
869
227692247
869
227692257
869
227692267
869
227692277
869
227692287
869
227692297
869
227692307
869
227692317
869
227692327
869
227692337
869
227692347
869
227692357
869
227692367
869
227692377
869
227692387
869
227692397
869
227692407
869
227692417
869
227692427
869
227692437
869
227692447
869
227692457
869
227692467
869
227692477
869
227692487
869
227692497
869
227692507
869
227692517
869
227692527
869
227692537
869
227622919
869
227622929
869
227622939
869
227622949
869
227622959
869
227622969
869
227622979
869
227622989
869
227622999
869
227623009
869
227623019
869
227623029
869
227623039
869
227623049
869
227623059
869
227623069
869
227623079
869
227623089
869
227623099
869
227623109
869
227623119
869
227623129
869
227623139
869
227623149
869
227623159
869
227623169
869
227623179
869
227623189
869
227623199
869
227623209
869
227623219
869
227623229
869
227623239
869
227623249
869
227623259
869
227623269
869
227623279
869
227623289
869
227623299
869
227623309
869
227623319
869
227623329
869
227623339
869
227623349
869
227623359
869
227623369
869
227623379
869
227623389
869
227623399
869
227623409
869
227623419
869
227623429
869
227623439
869
227623449
869
227623459
869
227623469
869
227623479
869
227623489
869
227623499
869
227623509
869
227623519
869
227623529
869
227623539
869
227623549
869
227623559
869
227623569
869
227623579
869
227623589
869
227623599
869
227623609
869
227623619
869
227623629
869
227623639
869
227623649
869
227623659
869
227623669
869
227623679
869
227623689
869
227623699
869
227623709
869
227623719
869
227623729
869
227623739
869
227623749
869
227623759
869
227623769
869
227623779
869
227623789
869
227623799
869
227623809
869
227623819
869
227623829
869
227623839
869
227623849
869
227623859
869
227623869
869
227623879
869
227623889
869
227623899
869
227623909
869
227623919
869
227623929
869
227623939
869
227623949
869
227623959
869
227623969
869
227623979
869
227623989
869
227623999
869
227624009
869
227624019
869
227624029
869
227624039
869
227624049
869
227624059
869
227624069
869
227624079
869
227624089
869
227624099
869
227624109
869
227624119
869
227624129
869
227624139
869
227624149
869
227624159
869
227624169
869
227624179
869
227624189
869
227624199
869
227624209
869
227624219
869
227624229
869
227624239
869
227624249
869
227624259
869
227624269
869
227624279
869
227624289
869
227624299
869
227624309
869
227624319
869
227624329
869
227624339
869
227624349
869
227624359
869
227624369
869
227624379
869
227624389
869
227624399
869
227624409
869
227624419
869
227624429
869
227624439
869
227624449
869
227624459
869
227624469
869
227624479
869
227624489
869
227624499
869
227624509
869
227624519
869
227624529
869
227624539
869
227624549
869
227624559
869
227624569
869
227624579
869
227624589
869
227624599
869
227624609
869
227624619
869
227624629
869
227624639
869
227624649
869
227624659
869
227624669
869
227624679
869
227624689
869
227624699
869
227624709
869
227624719
869
227624729
869
227624739
869
227624749
869
227624759
869
227624769
869
227624779
869
227624789
869
227624799
869
227624809
869
227624819
869
227624829
869
227624839
869
227624849
869
227624859
869
227624869
869
227624879
869
227624889
869
227624899
869
227624909
869
227624919
869
227624929
869
227624939
869
227624949
869
227624959
869
227624969
869
227624979
869
227624989
869
227624999
869
227625009
869
227625019
869
227625029
869
227625039
869
227625049
869
227625059
869
227625069
869
227625079
869
227625089
869
227625099
869
227625109
869
227625119
869
227625129
869
227625139
869
227625149
869
227625159
869
227625169
869
227625179
869
227625189
869
227625199
869
227625209
869
227625219
869
227625229
869
227625239
869
227625249
869
227625259
869
227625269
869
227625279
869
227625289
869
227625299
869
227625309
869
227625319
869
227625329
869
227625339
869
227625349
869
227625359
869
227625369
869
227625379
869
227625389
869
227625399
869
227625409
869
227625419
869
227625429
869
227625439
869
227625449
869
227625459
869
227625469
869
227625479
869
227625489
869
227625499
869
227625509
869
227625519
869
227625529
869
227625539
869
227625549
869
227625559
869
227625569
869
227625579
869
227625589
869
227625599
869
227625609
869
227625619
869
227625629
869
227625639
869
227625649
869
227625659
869
227625669
869
227625679
869
227625689
869
227625699
869
227625709
869
227625719
869
227625729
869
227625739
869
227625749
869
227625759
869
227625769
869
227625779
869
227625789
869
227625799
869
227625809
869
227625819
869
227625829
869
227625839
869
227625849
869
227625859
869
227625869
869
227625879
869
227625889
869
227625899
869
227625909
869
227625919
869
227625929
869
227625939
869
227625949
869
227625959
869
227625969
869
227625979
869
227625989
869
227625999
869
227626009
869
227626019
869
227626029
869
227626039
869
227626049
869
227626059
869
227626069
869
227626079
869
227626089
869
227626099
869
227626109
869
227626119
869
227626129
869
227626139
869
227626149
869
227626159
869
227626169
869
227626179
869
227626189
869
227626199
869
227626209
869
227626219
869
227626229
869
227626239
869
227626249
869
227626259
869
227626269
869
227626279
869
227626289
869
227626299
869
227626309
869
227626319
869
227626329
869
227626339
869
227626349
869
227626359
869
227626369
869
227626379
869
227626389
869
227626399
869
227626409
869
227626419
869
227626429
869
227626439
869
227626449
869
227626459
869
227626469
869
227626479
869
227626489
869
227626499
869
227626509
869
227626519
869
227626529
869
227626539
869
227626549
869
227626559
869
227626569
869
227626579
869
227626589
869
227626599
869
227626609
869
227626619
869
227626629
869
227626639
869
227626649
869
227626659
869
227626669
869
227626679
869
227626689
869
227626699
869
227626709
869
227626719
869
227626729
869
227626739
869
227626749
869
227626759
869
227626769
869
227626779
869
227626789
869
227626799
869
227626809
869
227626819
869
227626829
869
227626839
869
227626849
869
227626859
869
227626869
869
227626879
869
227626889
869
227626899
869
227626909
869
227626919
869
227626929
869
227626939
869
227626949
869
227626959
869
227626969
869
227626979
869
227626989
869
227626999
869
227774465
869
227774475
869
227774485
869
227774495
869
227774505
869
227774515
869
227774525
869
227774535
869
227774545
869
227774555
869
227774565
869
227774575
869
227774585
869
227774595
869
227774605
869
227774615
869
227774625
869
227774635
869
227774645
869
227774655
869
227774665
869
227774675
869
227774685
869
227774695
869
227774705
869
227774715
869
227774725
869
227774735
869
227774745
869
227774755
869
227774765
869
227774775
869
227774785
869
227774795
869
227774805
869
227774815
869
227774825
869
227774835
869
227774845
869
227774855
869
227774865
869
227774875
869
227774885
869
227774895
869
227774905
869
227774915
869
227774925
869
227774935
869
227774945
869
227774955
869
227774965
869
227774975
869
227774985
869
227774995
869
227775005
869
227775015
869
227775025
869
227775035
869
227775045
869
227775055
869
227775065
869
227775075
869
227775085
869
227775095
869
227775105
869
227775115
869
227775125
869
227775135
869
227775145
869
227775155
869
227775165
869
227775175
869
227775185
869
227775195
869
227775205
869
227775215
869
227775225
869
227775235
869
227775245
869
227775255
869
227775265
869
227775275
869
227775285
869
227775295
869
227775305
869
227775315
869
227775325
869
227775335
869
227775345
869
227775355
869
227775365
869
227775375
869
227775385
869
227775395
869
227775405
869
227775415
869
227775425
869
227775435
869
227775445
869
227775455
869
227775465
869
227775475
869
227775485
869
227775495
869
227775505
869
227775515
869
227775525
869
227775535
869
227775545
869
227775555
869
227775565
869
227775575
869
227775585
869
227775595
869
227775605
869
227775615
869
227775625
869
227775635
869
227775645
869
227775655
869
227775665
869
227775675
869
227775685
869
227775695
869
227775705
869
227775715
869
227775725
869
227775735
869
227775745
869
227775755
869
227775765
869
227775775
869
227775785
869
227775795
869
227775805
869
227775815
869
227775825
869
227775835
869
227775845
869
227775855
869
227775865
869
227775875
869
227775885
869
227775895
869
227775905
869
227775915
869
227775925
869
227775935
869
227775945
869
227775955
869
227775965
869
227775975
869
227775985
869
227775995
869
227776005
869
227776015
869
227776025
869
227776035
869
227776045
869
227776055
869
227776065
869
227776075
869
227776085
869
227776095
869
227776105
869
227776115
869
227776125
869
227776135
869
227776145
869
227776155
869
227776165
869
227776175
869
227776185
869
227776195
869
227776205
869
227776215
869
227776225
869
227776235
869
227776245
869
227776255
869
227776265
869
227776275
869
227776285
869
227776295
869
227776305
869
227776315
869
227776325
869
227776335
869
227776345
869
227776355
869
227776365
869
227776375
869
227776385
869
227776395
869
227776405
869
227776415
869
227776425
869
227776435
869
227776445
869
227776455
869
227776465
869
227776475
869
227776485
869
227776495
869
227776505
869
227776515
869
227776525
869
227776535
869
227776545
869
227776555
869
227776565
869
227776575
869
227776585
869
227776595
869
227776605
869
227776615
869
227776625
869
227776635
869
227776645
869
227776655
869
227776665
869
227776675
869
227776685
869
227776695
869
227776705
869
227776715
869
227776725
869
227776735
869
227776745
869
227776755
869
227776765
869
227776775
869
227776785
869
227776795
869
227776805
869
227776815
869
227776825
869
227776835
869
227776845
869
227776855
869
227776865
869
227776875
869
227776885
869
227776895
869
227776905
869
227776915
869
227776925
869
227776935
869
227776945
869
227776955
869
227776965
869
227776975
869
227776985
869
227776995
869
227777005
869
227777015
869
227777025
869
227777035
869
227777045
869
227777055
869
227777065
869
227777075
869
227777085
869
227777095
869
227777105
869
227777115
869
227777125
869
227777135
869
227777145
869
227777155
869
227777165
869
227777175
869
227777185
869
227777195
869
227777205
869
227777215
869
227777225
869
227777235
869
227777245
869
227777255
869
227777265
869
227777275
869
227777285
869
227777295
869
227777305
869
227777315
869
227777325
869
227777335
869
227777345
869
227777355
869
227777365
869
227777375
869
227777385
869
227777395
869
227777405
869
227777415
869
227777425
869
227777435
869
227777445
869
227777455
869
227777465
869
227777475
869
227777485
869
227777495
869
227777505
869
227777515
869
227777525
869
227777535
869
227777545
869
227777555
869
227777565
869
227777575
869
227777585
869
227777595
869
227777605
869
227777615
869
227777625
869
227777635
869
227777645
869
227777655
869
227777665
869
227777675
869
227777685
869
227777695
869
227777705
869
227777715
869
227777725
869
227777735
869
227777745
869
227777755
869
227777765
869
227777775
869
227777785
869
227777795
869
227777805
869
227777815
869
227777825
869
227777835
869
227777845
869
227777855
869
227777865
869
227777875
869
227777885
869
227777895
869
227777905
869
227777915
869
227777925
869
227777935
869
227777945
869
227777955
869
227777965
869
227777975
869
227777985
869
227777995
869
227778005
869
227778015
869
227778025
869
227778035
869
227778045
869
227778055
869
227778065
869
227778075
869
227778085
869
227778095
869
227778105
869
227778115
869
227778125
869
227778135
869
227778145
869
227778155
869
227778165
869
227778175
869
227778185
869
227778195
869
227778205
869
227778215
869
227778225
869
227778235
869
227778245
869
227778255
869
227778265
869
227778275
869
227778285
869
227778295
869
227778305
869
227778315
869
227778325
869
227778335
869
227778345
869
227778355
869
227778365
869
227778375
869
227778385
869
227778395
869
227778405
869
227778415
869
227778425
869
227778435
869
227778445
869
227778455
869
227778465
869
227778475
869
227778485
869
227778495
869
227778505
869
227778515
869
227778525
869
227778535
869
227778545
869
227778555
869
227717127
869
227717137
869
227717147
869
227717157
869
227717167
869
227717177
869
227717187
869
227717197
869
227717207
869
227717217
869
227717227
869
227717237
869
227717247
869
227717257
869
227717267
869
227717277
869
227717287
869
227717297
869
227717307
869
227717317
869
227717327
869
227717337
869
227717347
869
227717357
869
227717367
869
227717377
869
227717387
869
227717397
869
227717407
869
227717417
869
227717427
869
227717437
869
227717447
869
227717457
869
227717467
869
227717477
869
227717487
869
227717497
869
227717507
869
227717517
869
227717527
869
227717537
869
227717547
869
227717557
869
227717567
869
227717577
869
227717587
869
227717597
869
227717607
869
227717617
869
227717627
869
227717637
869
227717647
869
227717657
869
227717667
869
227717677
869
227717687
869
227717697
869
227717707
869
227717717
869
227717727
869
227717737
869
227717747
869
227717757
869
227717767
869
227717777
869
227717787
869
227717797
869
227717807
869
227717817
869
227717827
869
227717837
869
227717847
869
227717857
869
227717867
869
227717877
869
227717887
869
227717897
869
227717907
869
227717917
869
227717927
869
227717937
869
227717947
869
227717957
869
227717967
869
227717977
869
227717987
869
227717997
869
227718007
869
227718017
869
227718027
869
227718037
869
227718047
869
227718057
869
227718067
869
227718077
869
227718087
869
227718097
869
227718107
869
227718117
869
227718127
869
227718137
869
227718147
869
227718157
869
227718167
869
227718177
869
227718187
869
227718197
869
227718207
869
227718217
869
227718227
869
227718237
869
227718247
869
227718257
869
227718267
869
227718277
869
227718287
869
227718297
869
227718307
869
227718317
869
227718327
869
227718337
869
227718347
869
227718357
869
227718367
869
227718377
869
227718387
869
227718397
869
227718407
869
227718417
869
227718427
869
227718437
869
227718447
869
227718457
869
227718467
869
227718477
869
227718487
869
227718497
869
227718507
869
227718517
869
227718527
869
227718537
869
227718547
869
227718557
869
227718567
869
227718577
869
227718587
869
227718597
869
227718607
869
227718617
869
227718627
869
227718637
869
227718647
869
227718657
869
227718667
869
227718677
869
227718687
869
227718697
869
227718707
869
227718717
869
227718727
869
227718737
869
227718747
869
227718757
869
227718767
869
227718777
869
227718787
869
227718797
869
227718807
869
227718817
869
227718827
869
227718837
869
227718847
869
227718857
869
227718867
869
227718877
869
227718887
869
227718897
869
227718907
869
227718917
869
227718927
869
227718937
869
227718947
869
227718957
869
227718967
869
227718977
869
227718987
869
227718997
869
227719007
869
227719017
869
227719027
869
227719037
869
227719047
869
227719057
869
227719067
869
227719077
869
227719087
869
227719097
869
227719107
869
227719117
869
227719127
869
227719137
869
227719147
869
227719157
869
227719167
869
227719177
869
227719187
869
227719197
869
227719207
869
227719217
869
227719227
869
227719237
869
227719247
869
227719257
869
227719267
869
227719277
869
227719287
869
227719297
869
227719307
869
227719317
869
227719327
869
227719337
869
227719347
869
227719357
869
227719367
869
227719377
869
227719387
869
227719397
869
227719407
869
227719417
869
227719427
869
227719437
869
227719447
869
227719457
869
227719467
869
227719477
869
227719487
869
227719497
869
227719507
869
227719517
869
227719527
869
227719537
869
227719547
869
227719557
869
227719567
869
227719577
869
227719587
869
227719597
869
227719607
869
227719617
869
227719627
869
227719637
869
227719647
869
227719657
869
227719667
869
227719677
869
227719687
869
227719697
869
227719707
869
227719717
869
227719727
869
227719737
869
227719747
869
227719757
869
227719767
869
227719777
869
227719787
869
227719797
869
227719807
869
227719817
869
227719827
869
227719837
869
227719847
869
227719857
869
227719867
869
227719877
869
227719887
869
227719897
869
227719907
869
227719917
869
227719927
869
227719937
869
227719947
869
227719957
869
227719967
869
227719977
869
227719987
869
227719997
869
227720007
869
227720017
869
227720027
869
227720037
869
227720047
869
227720057
869
227720067
869
227720077
869
227720087
869
227720097
869
227720107
869
227720117
869
227720127
869
227720137
869
227720147
869
227720157
869
227720167
869
227720177
869
227720187
869
227720197
869
227720207
869
227720217
869
227720227
869
227720237
869
227720247
869
227720257
869
227720267
869
227720277
869
227720287
869
227720297
869
227720307
869
227720317
869
227720327
869
227720337
869
227720347
869
227720357
869
227720367
869
227720377
869
227720387
869
227720397
869
227720407
869
227720417
869
227720427
869
227720437
869
227720447
869
227720457
869
227720467
869
227720477
869
227720487
869
227720497
869
227720507
869
227720517
869
227720527
869
227720537
869
227720547
869
227720557
869
227720567
869
227720577
869
227720587
869
227720597
869
227720607
869
227720617
869
227720627
869
227720637
869
227720647
869
227720657
869
227720667
869
227720677
869
227720687
869
227720697
869
227720707
869
227720717
869
227720727
869
227720737
869
227720747
869
227720757
869
227720767
869
227720777
869
227720787
869
227720797
869
227720807
869
227720817
869
227720827
869
227720837
869
227720847
869
227720857
869
227720867
869
227720877
869
227720887
869
227720897
869
227720907
869
227720917
869
227720927
869
227720937
869
227720947
869
227720957
869
227720967
869
227720977
869
227720987
869
227720997
869
227721007
869
227721017
869
227721027
869
227721037
869
227721047
869
227721057
869
227721067
869
227721077
869
227721087
869
227721097
869
227721107
869
227721117
869
227721127
869
227721137
869
227721147
869
227721157
869
227721167
869
227721177
869
227721187
869
227721197
869
227721207
869
227627013
869
227627023
869
227627033
869
227627043
869
227627053
869
227627063
869
227627073
869
227627083
869
227627093
869
227627103
869
227627113
869
227627123
869
227627133
869
227627143
869
227627153
869
227627163
869
227627173
869
227627183
869
227627193
869
227627203
869
227627213
869
227627223
869
227627233
869
227627243
869
227627253
869
227627263
869
227627273
869
227627283
869
227627293
869
227627303
869
227627313
869
227627323
869
227627333
869
227627343
869
227627353
869
227627363
869
227627373
869
227627383
869
227627393
869
227627403
869
227627413
869
227627423
869
227627433
869
227627443
869
227627453
869
227627463
869
227627473
869
227627483
869
227627493
869
227627503
869
227627513
869
227627523
869
227627533
869
227627543
869
227627553
869
227627563
869
227627573
869
227627583
869
227627593
869
227627603
869
227627613
869
227627623
869
227627633
869
227627643
869
227627653
869
227627663
869
227627673
869
227627683
869
227627693
869
227627703
869
227627713
869
227627723
869
227627733
869
227627743
869
227627753
869
227627763
869
227627773
869
227627783
869
227627793
869
227627803
869
227627813
869
227627823
869
227627833
869
227627843
869
227627853
869
227627863
869
227627873
869
227627883
869
227627893
869
227627903
869
227627913
869
227627923
869
227627933
869
227627943
869
227627953
869
227627963
869
227627973
869
227627983
869
227627993
869
227628003
869
227628013
869
227628023
869
227628033
869
227628043
869
227628053
869
227628063
869
227628073
869
227628083
869
227628093
869
227628103
869
227628113
869
227628123
869
227628133
869
227628143
869
227628153
869
227628163
869
227628173
869
227628183
869
227628193
869
227628203
869
227628213
869
227628223
869
227628233
869
227628243
869
227628253
869
227628263
869
227628273
869
227628283
869
227628293
869
227628303
869
227628313
869
227628323
869
227628333
869
227628343
869
227628353
869
227628363
869
227628373
869
227628383
869
227628393
869
227628403
869
227628413
869
227628423
869
227628433
869
227628443
869
227628453
869
227628463
869
227628473
869
227628483
869
227628493
869
227628503
869
227628513
869
227628523
869
227628533
869
227628543
869
227628553
869
227628563
869
227628573
869
227628583
869
227628593
869
227628603
869
227628613
869
227628623
869
227628633
869
227628643
869
227628653
869
227628663
869
227628673
869
227628683
869
227628693
869
227628703
869
227628713
869
227628723
869
227628733
869
227628743
869
227628753
869
227628763
869
227628773
869
227628783
869
227628793
869
227628803
869
227628813
869
227628823
869
227628833
869
227628843
869
227628853
869
227628863
869
227628873
869
227628883
869
227628893
869
227628903
869
227628913
869
227628923
869
227628933
869
227628943
869
227628953
869
227628963
869
227628973
869
227628983
869
227628993
869
227629003
869
227629013
869
227629023
869
227629033
869
227629043
869
227629053
869
227629063
869
227629073
869
227629083
869
227629093
869
227629103
869
227629113
869
227629123
869
227629133
869
227629143
869
227629153
869
227629163
869
227629173
869
227629183
869
227629193
869
227629203
869
227629213
869
227629223
869
227629233
869
227629243
869
227629253
869
227629263
869
227629273
869
227629283
869
227629293
869
227629303
869
227629313
869
227629323
869
227629333
869
227629343
869
227629353
869
227629363
869
227629373
869
227629383
869
227629393
869
227629403
869
227629413
869
227629423
869
227629433
869
227629443
869
227629453
869
227629463
869
227629473
869
227629483
869
227629493
869
227629503
869
227629513
869
227629523
869
227629533
869
227629543
869
227629553
869
227629563
869
227629573
869
227629583
869
227629593
869
227629603
869
227629613
869
227629623
869
227629633
869
227629643
869
227629653
869
227629663
869
227629673
869
227629683
869
227629693
869
227629703
869
227629713
869
227629723
869
227629733
869
227629743
869
227629753
869
227629763
869
227629773
869
227629783
869
227629793
869
227629803
869
227629813
869
227629823
869
227629833
869
227629843
869
227629853
869
227629863
869
227629873
869
227629883
869
227629893
869
227629903
869
227629913
869
227629923
869
227629933
869
227629943
869
227629953
869
227629963
869
227629973
869
227629983
869
227629993
869
227630003
869
227630013
869
227630023
869
227630033
869
227630043
869
227630053
869
227630063
869
227630073
869
227630083
869
227630093
869
227630103
869
227630113
869
227630123
869
227630133
869
227630143
869
227630153
869
227630163
869
227630173
869
227630183
869
227630193
869
227630203
869
227630213
869
227630223
869
227630233
869
227630243
869
227630253
869
227630263
869
227630273
869
227630283
869
227630293
869
227630303
869
227630313
869
227630323
869
227630333
869
227630343
869
227630353
869
227630363
869
227630373
869
227630383
869
227630393
869
227630403
869
227630413
869
227630423
869
227630433
869
227630443
869
227630453
869
227630463
869
227630473
869
227630483
869
227630493
869
227630503
869
227630513
869
227630523
869
227630533
869
227630543
869
227630553
869
227630563
869
227630573
869
227630583
869
227630593
869
227630603
869
227630613
869
227630623
869
227630633
869
227630643
869
227630653
869
227630663
869
227630673
869
227630683
869
227630693
869
227630703
869
227630713
869
227630723
869
227630733
869
227630743
869
227630753
869
227630763
869
227630773
869
227630783
869
227630793
869
227630803
869
227630813
869
227630823
869
227630833
869
227630843
869
227630853
869
227630863
869
227630873
869
227630883
869
227630893
869
227630903
869
227630913
869
227630923
869
227630933
869
227630943
869
227630953
869
227630963
869
227630973
869
227630983
869
227630993
869
227631003
869
227631013
869
227631023
869
227631033
869
227631043
869
227631053
869
227631063
869
227631073
869
227631083
869
227631093
869
227631103
869
227778561
869
227778571
869
227778581
869
227778591
869
227778601
869
227778611
869
227778621
869
227778631
869
227778641
869
227778651
869
227778661
869
227778671
869
227778681
869
227778691
869
227778701
869
227778711
869
227778721
869
227778731
869
227778741
869
227778751
869
227778761
869
227778771
869
227778781
869
227778791
869
227778801
869
227778811
869
227778821
869
227778831
869
227778841
869
227778851
869
227778861
869
227778871
869
227778881
869
227778891
869
227778901
869
227778911
869
227778921
869
227778931
869
227778941
869
227778951
869
227778961
869
227778971
869
227778981
869
227778991
869
227779001
869
227779011
869
227779021
869
227779031
869
227779041
869
227779051
869
227779061
869
227779071
869
227779081
869
227779091
869
227779101
869
227779111
869
227779121
869
227779131
869
227779141
869
227779151
869
227779161
869
227779171
869
227779181
869
227779191
869
227779201
869
227779211
869
227779221
869
227779231
869
227779241
869
227779251
869
227779261
869
227779271
869
227779281
869
227779291
869
227779301
869
227779311
869
227779321
869
227779331
869
227779341
869
227779351
869
227779361
869
227779371
869
227779381
869
227779391
869
227779401
869
227779411
869
227779421
869
227779431
869
227779441
869
227779451
869
227779461
869
227779471
869
227779481
869
227779491
869
227779501
869
227779511
869
227779521
869
227779531
869
227779541
869
227779551
869
227779561
869
227779571
869
227779581
869
227779591
869
227779601
869
227779611
869
227779621
869
227779631
869
227779641
869
227779651
869
227779661
869
227779671
869
227779681
869
227779691
869
227779701
869
227779711
869
227779721
869
227779731
869
227779741
869
227779751
869
227779761
869
227779771
869
227779781
869
227779791
869
227779801
869
227779811
869
227779821
869
227779831
869
227779841
869
227779851
869
227779861
869
227779871
869
227779881
869
227779891
869
227779901
869
227779911
869
227779921
869
227779931
869
227779941
869
227779951
869
227779961
869
227779971
869
227779981
869
227779991
869
227780001
869
227780011
869
227780021
869
227780031
869
227780041
869
227780051
869
227780061
869
227780071
869
227780081
869
227780091
869
227780101
869
227780111
869
227780121
869
227780131
869
227780141
869
227780151
869
227780161
869
227780171
869
227780181
869
227780191
869
227780201
869
227780211
869
227780221
869
227780231
869
227780241
869
227780251
869
227780261
869
227780271
869
227780281
869
227780291
869
227780301
869
227780311
869
227780321
869
227780331
869
227780341
869
227780351
869
227780361
869
227780371
869
227780381
869
227780391
869
227780401
869
227780411
869
227780421
869
227780431
869
227780441
869
227780451
869
227780461
869
227780471
869
227780481
869
227780491
869
227780501
869
227780511
869
227780521
869
227780531
869
227780541
869
227780551
869
227780561
869
227780571
869
227780581
869
227780591
869
227780601
869
227780611
869
227780621
869
227780631
869
227780641
869
227780651
869
227780661
869
227780671
869
227780681
869
227780691
869
227780701
869
227780711
869
227780721
869
227780731
869
227780741
869
227780751
869
227780761
869
227780771
869
227780781
869
227780791
869
227780801
869
227780811
869
227780821
869
227780831
869
227780841
869
227780851
869
227780861
869
227780871
869
227780881
869
227780891
869
227780901
869
227780911
869
227780921
869
227780931
869
227780941
869
227780951
869
227780961
869
227780971
869
227780981
869
227780991
869
227781001
869
227781011
869
227781021
869
227781031
869
227781041
869
227781051
869
227781061
869
227781071
869
227781081
869
227781091
869
227781101
869
227781111
869
227781121
869
227781131
869
227781141
869
227781151
869
227781161
869
227781171
869
227781181
869
227781191
869
227781201
869
227781211
869
227781221
869
227781231
869
227781241
869
227781251
869
227781261
869
227781271
869
227781281
869
227781291
869
227781301
869
227781311
869
227781321
869
227781331
869
227781341
869
227781351
869
227781361
869
227781371
869
227781381
869
227781391
869
227781401
869
227781411
869
227781421
869
227781431
869
227781441
869
227781451
869
227781461
869
227781471
869
227781481
869
227781491
869
227781501
869
227781511
869
227781521
869
227781531
869
227781541
869
227781551
869
227781561
869
227781571
869
227781581
869
227781591
869
227781601
869
227781611
869
227781621
869
227781631
869
227781641
869
227781651
869
227781661
869
227781671
869
227781681
869
227781691
869
227781701
869
227781711
869
227781721
869
227781731
869
227781741
869
227781751
869
227781761
869
227781771
869
227781781
869
227781791
869
227781801
869
227781811
869
227781821
869
227781831
869
227781841
869
227781851
869
227781861
869
227781871
869
227781881
869
227781891
869
227781901
869
227781911
869
227781921
869
227781931
869
227781941
869
227781951
869
227781961
869
227781971
869
227781981
869
227781991
869
227782001
869
227782011
869
227782021
869
227782031
869
227782041
869
227782051
869
227782061
869
227782071
869
227782081
869
227782091
869
227782101
869
227782111
869
227782121
869
227782131
869
227782141
869
227782151
869
227782161
869
227782171
869
227782181
869
227782191
869
227782201
869
227782211
869
227782221
869
227782231
869
227782241
869
227782251
869
227782261
869
227782271
869
227782281
869
227782291
869
227782301
869
227782311
869
227782321
869
227782331
869
227782341
869
227782351
869
227782361
869
227782371
869
227782381
869
227782391
869
227782401
869
227782411
869
227782421
869
227782431
869
227782441
869
227782451
869
227782461
869
227782471
869
227782481
869
227782491
869
227782501
869
227782511
869
227782521
869
227782531
869
227782541
869
227782551
869
227782561
869
227782571
869
227782581
869
227782591
869
227782601
869
227782611
869
227782621
869
227782631
869
227782641
869
227782651
869
227639303
869
227639313
869
227639323
869
227639333
869
227639343
869
227639353
869
227639363
869
227639373
869
227639383
869
227639393
869
227639403
869
227639413
869
227639423
869
227639433
869
227639443
869
227639453
869
227639463
869
227639473
869
227639483
869
227639493
869
227639503
869
227639513
869
227639523
869
227639533
869
227639543
869
227639553
869
227639563
869
227639573
869
227639583
869
227639593
869
227639603
869
227639613
869
227639623
869
227639633
869
227639643
869
227639653
869
227639663
869
227639673
869
227639683
869
227639693
869
227639703
869
227639713
869
227639723
869
227639733
869
227639743
869
227639753
869
227639763
869
227639773
869
227639783
869
227639793
869
227639803
869
227639813
869
227639823
869
227639833
869
227639843
869
227639853
869
227639863
869
227639873
869
227639883
869
227639893
869
227639903
869
227639913
869
227639923
869
227639933
869
227639943
869
227639953
869
227639963
869
227639973
869
227639983
869
227639993
869
227640003
869
227640013
869
227640023
869
227640033
869
227640043
869
227640053
869
227640063
869
227640073
869
227640083
869
227640093
869
227640103
869
227640113
869
227640123
869
227640133
869
227640143
869
227640153
869
227640163
869
227640173
869
227640183
869
227640193
869
227640203
869
227640213
869
227640223
869
227640233
869
227640243
869
227640253
869
227640263
869
227640273
869
227640283
869
227640293
869
227640303
869
227640313
869
227640323
869
227640333
869
227640343
869
227640353
869
227640363
869
227640373
869
227640383
869
227640393
869
227640403
869
227640413
869
227640423
869
227640433
869
227640443
869
227640453
869
227640463
869
227640473
869
227640483
869
227640493
869
227640503
869
227640513
869
227640523
869
227640533
869
227640543
869
227640553
869
227640563
869
227640573
869
227640583
869
227640593
869
227640603
869
227640613
869
227640623
869
227640633
869
227640643
869
227640653
869
227640663
869
227640673
869
227640683
869
227640693
869
227640703
869
227640713
869
227640723
869
227640733
869
227640743
869
227640753
869
227640763
869
227640773
869
227640783
869
227640793
869
227640803
869
227640813
869
227640823
869
227640833
869
227640843
869
227640853
869
227640863
869
227640873
869
227640883
869
227640893
869
227640903
869
227640913
869
227640923
869
227640933
869
227640943
869
227640953
869
227640963
869
227640973
869
227640983
869
227640993
869
227641003
869
227641013
869
227641023
869
227641033
869
227641043
869
227641053
869
227641063
869
227641073
869
227641083
869
227641093
869
227641103
869
227641113
869
227641123
869
227641133
869
227641143
869
227641153
869
227641163
869
227641173
869
227641183
869
227641193
869
227641203
869
227641213
869
227641223
869
227641233
869
227641243
869
227641253
869
227641263
869
227641273
869
227641283
869
227641293
869
227641303
869
227641313
869
227641323
869
227641333
869
227641343
869
227641353
869
227641363
869
227641373
869
227641383
869
227641393
869
227641403
869
227641413
869
227641423
869
227641433
869
227641443
869
227641453
869
227641463
869
227641473
869
227641483
869
227641493
869
227641503
869
227641513
869
227641523
869
227641533
869
227641543
869
227641553
869
227641563
869
227641573
869
227641583
869
227641593
869
227641603
869
227641613
869
227641623
869
227641633
869
227641643
869
227641653
869
227641663
869
227641673
869
227641683
869
227641693
869
227641703
869
227641713
869
227641723
869
227641733
869
227641743
869
227641753
869
227641763
869
227641773
869
227641783
869
227641793
869
227641803
869
227641813
869
227641823
869
227641833
869
227641843
869
227641853
869
227641863
869
227641873
869
227641883
869
227641893
869
227641903
869
227641913
869
227641923
869
227641933
869
227641943
869
227641953
869
227641963
869
227641973
869
227641983
869
227641993
869
227642003
869
227642013
869
227642023
869
227642033
869
227642043
869
227642053
869
227642063
869
227642073
869
227642083
869
227642093
869
227642103
869
227642113
869
227642123
869
227642133
869
227642143
869
227642153
869
227642163
869
227642173
869
227642183
869
227642193
869
227642203
869
227642213
869
227642223
869
227642233
869
227642243
869
227642253
869
227642263
869
227642273
869
227642283
869
227642293
869
227642303
869
227642313
869
227642323
869
227642333
869
227642343
869
227642353
869
227642363
869
227642373
869
227642383
869
227642393
869
227642403
869
227642413
869
227642423
869
227642433
869
227642443
869
227642453
869
227642463
869
227642473
869
227642483
869
227642493
869
227642503
869
227642513
869
227642523
869
227642533
869
227642543
869
227642553
869
227642563
869
227642573
869
227642583
869
227642593
869
227642603
869
227642613
869
227642623
869
227642633
869
227642643
869
227642653
869
227642663
869
227642673
869
227642683
869
227642693
869
227642703
869
227642713
869
227642723
869
227642733
869
227642743
869
227642753
869
227642763
869
227642773
869
227642783
869
227642793
869
227642803
869
227642813
869
227642823
869
227642833
869
227642843
869
227642853
869
227642863
869
227642873
869
227642883
869
227642893
869
227642903
869
227642913
869
227642923
869
227642933
869
227642943
869
227642953
869
227642963
869
227642973
869
227642983
869
227642993
869
227643003
869
227643013
869
227643023
869
227643033
869
227643043
869
227643053
869
227643063
869
227643073
869
227643083
869
227643093
869
227643103
869
227643113
869
227643123
869
227643133
869
227643143
869
227643153
869
227643163
869
227643173
869
227643183
869
227643193
869
227643203
869
227643213
869
227643223
869
227643233
869
227643243
869
227643253
869
227643263
869
227643273
869
227643283
869
227643293
869
227643303
869
227643313
869
227643323
869
227643333
869
227643343
869
227643353
869
227643363
869
227643373
869
227643383
869
227684353
869
227684363
869
227684373
869
227684383
869
227684393
869
227684403
869
227684413
869
227684423
869
227684433
869
227684443
869
227684453
869
227684463
869
227684473
869
227684483
869
227684493
869
227684503
869
227684513
869
227684523
869
227684533
869
227684543
869
227684553
869
227684563
869
227684573
869
227684583
869
227684593
869
227684603
869
227684613
869
227684623
869
227684633
869
227684643
869
227684653
869
227684663
869
227684673
869
227684683
869
227684693
869
227684703
869
227684713
869
227684723
869
227684733
869
227684743
869
227684753
869
227684763
869
227684773
869
227684783
869
227684793
869
227684803
869
227684813
869
227684823
869
227684833
869
227684843
869
227684853
869
227684863
869
227684873
869
227684883
869
227684893
869
227684903
869
227684913
869
227684923
869
227684933
869
227684943
869
227684953
869
227684963
869
227684973
869
227684983
869
227684993
869
227685003
869
227685013
869
227685023
869
227685033
869
227685043
869
227685053
869
227685063
869
227685073
869
227685083
869
227685093
869
227685103
869
227685113
869
227685123
869
227685133
869
227685143
869
227685153
869
227685163
869
227685173
869
227685183
869
227685193
869
227685203
869
227685213
869
227685223
869
227685233
869
227685243
869
227685253
869
227685263
869
227685273
869
227685283
869
227685293
869
227685303
869
227685313
869
227685323
869
227685333
869
227685343
869
227685353
869
227685363
869
227685373
869
227685383
869
227685393
869
227685403
869
227685413
869
227685423
869
227685433
869
227685443
869
227685453
869
227685463
869
227685473
869
227685483
869
227685493
869
227685503
869
227685513
869
227685523
869
227685533
869
227685543
869
227685553
869
227685563
869
227685573
869
227685583
869
227685593
869
227685603
869
227685613
869
227685623
869
227685633
869
227685643
869
227685653
869
227685663
869
227685673
869
227685683
869
227685693
869
227685703
869
227685713
869
227685723
869
227685733
869
227685743
869
227685753
869
227685763
869
227685773
869
227685783
869
227685793
869
227685803
869
227685813
869
227685823
869
227685833
869
227685843
869
227685853
869
227685863
869
227685873
869
227685883
869
227685893
869
227685903
869
227685913
869
227685923
869
227685933
869
227685943
869
227685953
869
227685963
869
227685973
869
227685983
869
227685993
869
227686003
869
227686013
869
227686023
869
227686033
869
227686043
869
227686053
869
227686063
869
227686073
869
227686083
869
227686093
869
227686103
869
227686113
869
227686123
869
227686133
869
227686143
869
227686153
869
227686163
869
227686173
869
227686183
869
227686193
869
227686203
869
227686213
869
227686223
869
227686233
869
227686243
869
227686253
869
227686263
869
227686273
869
227686283
869
227686293
869
227686303
869
227686313
869
227686323
869
227686333
869
227686343
869
227686353
869
227686363
869
227686373
869
227686383
869
227686393
869
227686403
869
227686413
869
227686423
869
227686433
869
227686443
869
227686453
869
227686463
869
227686473
869
227686483
869
227686493
869
227686503
869
227686513
869
227686523
869
227686533
869
227686543
869
227686553
869
227686563
869
227686573
869
227686583
869
227686593
869
227686603
869
227686613
869
227686623
869
227686633
869
227686643
869
227686653
869
227686663
869
227686673
869
227686683
869
227686693
869
227686703
869
227686713
869
227686723
869
227686733
869
227686743
869
227686753
869
227686763
869
227686773
869
227686783
869
227686793
869
227686803
869
227686813
869
227686823
869
227686833
869
227686843
869
227686853
869
227686863
869
227686873
869
227686883
869
227686893
869
227686903
869
227686913
869
227686923
869
227686933
869
227686943
869
227686953
869
227686963
869
227686973
869
227686983
869
227686993
869
227687003
869
227687013
869
227687023
869
227687033
869
227687043
869
227687053
869
227687063
869
227687073
869
227687083
869
227687093
869
227687103
869
227687113
869
227687123
869
227687133
869
227687143
869
227687153
869
227687163
869
227687173
869
227687183
869
227687193
869
227687203
869
227687213
869
227687223
869
227687233
869
227687243
869
227687253
869
227687263
869
227687273
869
227687283
869
227687293
869
227687303
869
227687313
869
227687323
869
227687333
869
227687343
869
227687353
869
227687363
869
227687373
869
227687383
869
227687393
869
227687403
869
227687413
869
227687423
869
227687433
869
227687443
869
227687453
869
227687463
869
227687473
869
227687483
869
227687493
869
227687503
869
227687513
869
227687523
869
227687533
869
227687543
869
227687553
869
227687563
869
227687573
869
227687583
869
227687593
869
227687603
869
227687613
869
227687623
869
227687633
869
227687643
869
227687653
869
227687663
869
227687673
869
227687683
869
227687693
869
227687703
869
227687713
869
227687723
869
227687733
869
227687743
869
227687753
869
227687763
869
227687773
869
227687783
869
227687793
869
227687803
869
227687813
869
227687823
869
227687833
869
227687843
869
227687853
869
227687863
869
227687873
869
227687883
869
227687893
869
227687903
869
227687913
869
227687923
869
227687933
869
227687943
869
227687953
869
227687963
869
227687973
869
227687983
869
227687993
869
227688003
869
227688013
869
227688023
869
227688033
869
227688043
869
227688053
869
227688063
869
227688073
869
227688083
869
227688093
869
227688103
869
227688113
869
227688123
869
227688133
869
227688143
869
227688153
869
227688163
869
227688173
869
227688183
869
227688193
869
227688203
869
227688213
869
227688223
869
227688233
869
227688243
869
227688253
869
227688263
869
227688273
869
227688283
869
227688293
869
227688303
869
227688313
869
227688323
869
227688333
869
227688343
869
227688353
869
227688363
869
227688373
869
227688383
869
227688393
869
227688403
869
227688413
869
227688423
869
227688433
869
227688443
869
227614725
869
227614735
869
227614745
869
227614755
869
227614765
869
227614775
869
227614785
869
227614795
869
227614805
869
227614815
869
227614825
869
227614835
869
227614845
869
227614855
869
227614865
869
227614875
869
227614885
869
227614895
869
227614905
869
227614915
869
227614925
869
227614935
869
227614945
869
227614955
869
227614965
869
227614975
869
227614985
869
227614995
869
227615005
869
227615015
869
227615025
869
227615035
869
227615045
869
227615055
869
227615065
869
227615075
869
227615085
869
227615095
869
227615105
869
227615115
869
227615125
869
227615135
869
227615145
869
227615155
869
227615165
869
227615175
869
227615185
869
227615195
869
227615205
869
227615215
869
227615225
869
227615235
869
227615245
869
227615255
869
227615265
869
227615275
869
227615285
869
227615295
869
227615305
869
227615315
869
227615325
869
227615335
869
227615345
869
227615355
869
227615365
869
227615375
869
227615385
869
227615395
869
227615405
869
227615415
869
227615425
869
227615435
869
227615445
869
227615455
869
227615465
869
227615475
869
227615485
869
227615495
869
227615505
869
227615515
869
227615525
869
227615535
869
227615545
869
227615555
869
227615565
869
227615575
869
227615585
869
227615595
869
227615605
869
227615615
869
227615625
869
227615635
869
227615645
869
227615655
869
227615665
869
227615675
869
227615685
869
227615695
869
227615705
869
227615715
869
227615725
869
227615735
869
227615745
869
227615755
869
227615765
869
227615775
869
227615785
869
227615795
869
227615805
869
227615815
869
227615825
869
227615835
869
227615845
869
227615855
869
227615865
869
227615875
869
227615885
869
227615895
869
227615905
869
227615915
869
227615925
869
227615935
869
227615945
869
227615955
869
227615965
869
227615975
869
227615985
869
227615995
869
227616005
869
227616015
869
227616025
869
227616035
869
227616045
869
227616055
869
227616065
869
227616075
869
227616085
869
227616095
869
227616105
869
227616115
869
227616125
869
227616135
869
227616145
869
227616155
869
227616165
869
227616175
869
227616185
869
227616195
869
227616205
869
227616215
869
227616225
869
227616235
869
227616245
869
227616255
869
227616265
869
227616275
869
227616285
869
227616295
869
227616305
869
227616315
869
227616325
869
227616335
869
227616345
869
227616355
869
227616365
869
227616375
869
227616385
869
227616395
869
227616405
869
227616415
869
227616425
869
227616435
869
227616445
869
227616455
869
227616465
869
227616475
869
227616485
869
227616495
869
227616505
869
227616515
869
227616525
869
227616535
869
227616545
869
227616555
869
227616565
869
227616575
869
227616585
869
227616595
869
227616605
869
227616615
869
227616625
869
227616635
869
227616645
869
227616655
869
227616665
869
227616675
869
227616685
869
227616695
869
227616705
869
227616715
869
227616725
869
227616735
869
227616745
869
227616755
869
227616765
869
227616775
869
227616785
869
227616795
869
227616805
869
227616815
869
227616825
869
227616835
869
227616845
869
227616855
869
227616865
869
227616875
869
227616885
869
227616895
869
227616905
869
227616915
869
227616925
869
227616935
869
227616945
869
227616955
869
227616965
869
227616975
869
227616985
869
227616995
869
227617005
869
227617015
869
227617025
869
227617035
869
227617045
869
227617055
869
227617065
869
227617075
869
227617085
869
227617095
869
227617105
869
227617115
869
227617125
869
227617135
869
227617145
869
227617155
869
227617165
869
227617175
869
227617185
869
227617195
869
227617205
869
227617215
869
227617225
869
227617235
869
227617245
869
227617255
869
227617265
869
227617275
869
227617285
869
227617295
869
227617305
869
227617315
869
227617325
869
227617335
869
227617345
869
227617355
869
227617365
869
227617375
869
227617385
869
227617395
869
227617405
869
227617415
869
227617425
869
227617435
869
227617445
869
227617455
869
227617465
869
227617475
869
227617485
869
227617495
869
227617505
869
227617515
869
227617525
869
227617535
869
227617545
869
227617555
869
227617565
869
227617575
869
227617585
869
227617595
869
227617605
869
227617615
869
227617625
869
227617635
869
227617645
869
227617655
869
227617665
869
227617675
869
227617685
869
227617695
869
227617705
869
227617715
869
227617725
869
227617735
869
227617745
869
227617755
869
227617765
869
227617775
869
227617785
869
227617795
869
227617805
869
227617815
869
227617825
869
227617835
869
227617845
869
227617855
869
227617865
869
227617875
869
227617885
869
227617895
869
227617905
869
227617915
869
227617925
869
227617935
869
227617945
869
227617955
869
227617965
869
227617975
869
227617985
869
227617995
869
227618005
869
227618015
869
227618025
869
227618035
869
227618045
869
227618055
869
227618065
869
227618075
869
227618085
869
227618095
869
227618105
869
227618115
869
227618125
869
227618135
869
227618145
869
227618155
869
227618165
869
227618175
869
227618185
869
227618195
869
227618205
869
227618215
869
227618225
869
227618235
869
227618245
869
227618255
869
227618265
869
227618275
869
227618285
869
227618295
869
227618305
869
227618315
869
227618325
869
227618335
869
227618345
869
227618355
869
227618365
869
227618375
869
227618385
869
227618395
869
227618405
869
227618415
869
227618425
869
227618435
869
227618445
869
227618455
869
227618465
869
227618475
869
227618485
869
227618495
869
227618505
869
227618515
869
227618525
869
227618535
869
227618545
869
227618555
869
227618565
869
227618575
869
227618585
869
227618595
869
227618605
869
227618615
869
227618625
869
227618635
869
227618645
869
227618655
869
227618665
869
227618675
869
227618685
869
227618695
869
227618705
869
227618715
869
227618725
869
227618735
869
227618745
869
227618755
869
227618765
869
227618775
869
227618785
869
227618795
869
227618805
869
227618815
869
227708932
869
227708943
869
227708953
869
227708963
869
227708973
869
227708983
869
227708993
869
227709003
869
227709013
869
227709023
869
227709033
869
227709043
869
227709053
869
227709063
869
227709073
869
227709083
869
227709093
869
227709103
869
227709113
869
227709123
869
227709133
869
227709143
869
227709153
869
227709163
869
227709173
869
227709183
869
227709193
869
227709203
869
227709213
869
227709223
869
227709233
869
227709243
869
227709253
869
227709263
869
227709273
869
227709283
869
227709293
869
227709303
869
227709313
869
227709323
869
227709333
869
227709343
869
227709353
869
227709363
869
227709373
869
227709383
869
227709393
869
227709403
869
227709413
869
227709423
869
227709433
869
227709443
869
227709453
869
227709463
869
227709473
869
227709483
869
227709493
869
227709503
869
227709513
869
227709523
869
227709533
869
227709543
869
227709553
869
227709563
869
227709573
869
227709583
869
227709593
869
227709603
869
227709613
869
227709623
869
227709633
869
227709643
869
227709653
869
227709663
869
227709673
869
227709683
869
227709693
869
227709703
869
227709713
869
227709723
869
227709733
869
227709743
869
227709753
869
227709763
869
227709773
869
227709783
869
227709793
869
227709803
869
227709813
869
227709823
869
227709833
869
227709843
869
227709853
869
227709863
869
227709873
869
227709883
869
227709893
869
227709903
869
227709913
869
227709923
869
227709933
869
227709943
869
227709953
869
227709963
869
227709973
869
227709983
869
227709993
869
227710003
869
227710013
869
227710023
869
227710033
869
227710043
869
227710053
869
227710063
869
227710073
869
227710083
869
227710093
869
227710103
869
227710113
869
227710123
869
227710133
869
227710143
869
227710153
869
227710163
869
227710173
869
227710183
869
227710193
869
227710203
869
227710213
869
227710223
869
227710233
869
227710243
869
227710253
869
227710263
869
227710273
869
227710283
869
227710293
869
227710303
869
227710313
869
227710323
869
227710333
869
227710343
869
227710353
869
227710363
869
227710373
869
227710383
869
227710393
869
227710403
869
227710413
869
227710423
869
227710433
869
227710443
869
227710453
869
227710463
869
227710473
869
227710483
869
227710493
869
227710503
869
227710513
869
227710523
869
227710533
869
227710543
869
227710553
869
227710563
869
227710573
869
227710583
869
227710593
869
227710603
869
227710613
869
227710623
869
227710633
869
227710643
869
227710653
869
227710663
869
227710673
869
227710683
869
227710693
869
227710703
869
227710713
869
227710723
869
227710733
869
227710743
869
227710753
869
227710763
869
227710773
869
227710783
869
227710793
869
227710803
869
227710813
869
227710823
869
227710833
869
227710843
869
227710853
869
227710863
869
227710873
869
227710883
869
227710893
869
227710903
869
227710913
869
227710923
869
227710933
869
227710943
869
227710953
869
227710963
869
227710973
869
227710983
869
227710993
869
227711003
869
227711013
869
227711023
869
227711033
869
227711043
869
227711053
869
227711063
869
227711073
869
227711083
869
227711093
869
227711103
869
227711113
869
227711123
869
227711133
869
227711143
869
227711153
869
227711163
869
227711173
869
227711183
869
227711193
869
227711203
869
227711213
869
227711223
869
227711233
869
227711243
869
227711253
869
227711263
869
227711273
869
227711283
869
227711293
869
227711303
869
227711313
869
227711323
869
227711333
869
227711343
869
227711353
869
227711363
869
227711373
869
227711383
869
227711393
869
227711403
869
227711413
869
227711423
869
227711433
869
227711443
869
227711453
869
227711463
869
227711473
869
227711483
869
227711493
869
227711503
869
227711513
869
227711523
869
227711533
869
227711543
869
227711553
869
227711563
869
227711573
869
227711583
869
227711593
869
227711603
869
227711613
869
227711623
869
227711633
869
227711643
869
227711653
869
227711663
869
227711673
869
227711683
869
227711693
869
227711703
869
227711713
869
227711723
869
227711733
869
227711743
869
227711753
869
227711763
869
227711773
869
227711783
869
227711793
869
227711803
869
227711813
869
227711823
869
227711833
869
227711843
869
227711853
869
227711863
869
227711873
869
227711883
869
227711893
869
227711903
869
227711913
869
227711923
869
227711933
869
227711943
869
227711953
869
227711963
869
227711973
869
227711983
869
227711993
869
227712003
869
227712013
869
227712023
869
227712033
869
227712043
869
227712053
869
227712063
869
227712073
869
227712083
869
227712093
869
227712103
869
227712113
869
227712123
869
227712133
869
227712143
869
227712153
869
227712163
869
227712173
869
227712183
869
227712193
869
227712203
869
227712213
869
227712223
869
227712233
869
227712243
869
227712253
869
227712263
869
227712273
869
227712283
869
227712293
869
227712303
869
227712313
869
227712323
869
227712333
869
227712343
869
227712353
869
227712363
869
227712373
869
227712383
869
227712393
869
227712403
869
227712413
869
227712423
869
227712433
869
227712443
869
227712453
869
227712463
869
227712473
869
227712483
869
227712493
869
227712503
869
227712513
869
227712523
869
227712533
869
227712543
869
227712553
869
227712563
869
227712573
869
227712583
869
227712593
869
227712603
869
227712613
869
227712623
869
227712633
869
227712643
869
227712653
869
227712663
869
227712673
869
227712683
869
227712693
869
227712703
869
227712713
869
227712723
869
227712733
869
227712743
869
227712753
869
227712763
869
227712773
869
227712783
869
227712793
869
227712803
869
227712813
869
227712823
869
227712833
869
227712843
869
227712853
869
227712863
869
227712873
869
227712883
869
227712893
869
227712903
869
227712913
869
227712923
869
227712933
869
227712943
869
227712953
869
227712963
869
227712973
869
227712983
869
227712993
869
227713003
869
227713013
869
227713023
869
227651591
869
227651601
869
227651611
869
227651621
869
227651631
869
227651641
869
227651651
869
227651661
869
227651671
869
227651681
869
227651691
869
227651701
869
227651711
869
227651721
869
227651731
869
227651741
869
227651751
869
227651761
869
227651771
869
227651781
869
227651791
869
227651801
869
227651811
869
227651821
869
227651831
869
227651841
869
227651851
869
227651861
869
227651871
869
227651881
869
227651891
869
227651901
869
227651911
869
227651921
869
227651931
869
227651941
869
227651951
869
227651961
869
227651971
869
227651981
869
227651991
869
227652001
869
227652011
869
227652021
869
227652031
869
227652041
869
227652051
869
227652061
869
227652071
869
227652081
869
227652091
869
227652101
869
227652111
869
227652121
869
227652131
869
227652141
869
227652151
869
227652161
869
227652171
869
227652181
869
227652191
869
227652201
869
227652211
869
227652221
869
227652231
869
227652241
869
227652251
869
227652261
869
227652271
869
227652281
869
227652291
869
227652301
869
227652311
869
227652321
869
227652331
869
227652341
869
227652351
869
227652361
869
227652371
869
227652381
869
227652391
869
227652401
869
227652411
869
227652421
869
227652431
869
227652441
869
227652451
869
227652461
869
227652471
869
227652481
869
227652491
869
227652501
869
227652511
869
227652521
869
227652531
869
227652541
869
227652551
869
227652561
869
227652571
869
227652581
869
227652591
869
227652601
869
227652611
869
227652621
869
227652631
869
227652641
869
227652651
869
227652661
869
227652671
869
227652681
869
227652691
869
227652701
869
227652711
869
227652721
869
227652731
869
227652741
869
227652751
869
227652761
869
227652771
869
227652781
869
227652791
869
227652801
869
227652811
869
227652821
869
227652831
869
227652841
869
227652851
869
227652861
869
227652871
869
227652881
869
227652891
869
227652901
869
227652911
869
227652921
869
227652931
869
227652941
869
227652951
869
227652961
869
227652971
869
227652981
869
227652991
869
227653001
869
227653011
869
227653021
869
227653031
869
227653041
869
227653051
869
227653061
869
227653071
869
227653081
869
227653091
869
227653101
869
227653111
869
227653121
869
227653131
869
227653141
869
227653151
869
227653161
869
227653171
869
227653181
869
227653191
869
227653201
869
227653211
869
227653221
869
227653231
869
227653241
869
227653251
869
227653261
869
227653271
869
227653281
869
227653291
869
227653301
869
227653311
869
227653321
869
227653331
869
227653341
869
227653351
869
227653361
869
227653371
869
227653381
869
227653391
869
227653401
869
227653411
869
227653421
869
227653431
869
227653441
869
227653451
869
227653461
869
227653471
869
227653481
869
227653491
869
227653501
869
227653511
869
227653521
869
227653531
869
227653541
869
227653551
869
227653561
869
227653571
869
227653581
869
227653591
869
227653601
869
227653611
869
227653621
869
227653631
869
227653641
869
227653651
869
227653661
869
227653671
869
227653681
869
227653691
869
227653701
869
227653711
869
227653721
869
227653731
869
227653741
869
227653751
869
227653761
869
227653771
869
227653781
869
227653791
869
227653801
869
227653811
869
227653821
869
227653831
869
227653841
869
227653851
869
227653861
869
227653871
869
227653881
869
227653891
869
227653901
869
227653911
869
227653921
869
227653931
869
227653941
869
227653951
869
227653961
869
227653971
869
227653981
869
227653991
869
227654001
869
227654011
869
227654021
869
227654031
869
227654041
869
227654051
869
227654061
869
227654071
869
227654081
869
227654091
869
227654101
869
227654111
869
227654121
869
227654131
869
227654141
869
227654151
869
227654161
869
227654171
869
227654181
869
227654191
869
227654201
869
227654211
869
227654221
869
227654231
869
227654241
869
227654251
869
227654261
869
227654271
869
227654281
869
227654291
869
227654301
869
227654311
869
227654321
869
227654331
869
227654341
869
227654351
869
227654361
869
227654371
869
227654381
869
227654391
869
227654401
869
227654411
869
227654421
869
227654431
869
227654441
869
227654451
869
227654461
869
227654471
869
227654481
869
227654491
869
227654501
869
227654511
869
227654521
869
227654531
869
227654541
869
227654551
869
227654561
869
227654571
869
227654581
869
227654591
869
227654601
869
227654611
869
227654621
869
227654631
869
227654641
869
227654651
869
227654661
869
227654671
869
227654681
869
227654691
869
227654701
869
227654711
869
227654721
869
227654731
869
227654741
869
227654751
869
227654761
869
227654771
869
227654781
869
227654791
869
227654801
869
227654811
869
227654821
869
227654831
869
227654841
869
227654851
869
227654861
869
227654871
869
227654881
869
227654891
869
227654901
869
227654911
869
227654921
869
227654931
869
227654941
869
227654951
869
227654961
869
227654971
869
227654981
869
227654991
869
227655001
869
227655011
869
227655021
869
227655031
869
227655041
869
227655051
869
227655061
869
227655071
869
227655081
869
227655091
869
227655101
869
227655111
869
227655121
869
227655131
869
227655141
869
227655151
869
227655161
869
227655171
869
227655181
869
227655191
869
227655201
869
227655211
869
227655221
869
227655231
869
227655241
869
227655251
869
227655261
869
227655271
869
227655281
869
227655291
869
227655301
869
227655311
869
227655321
869
227655331
869
227655341
869
227655351
869
227655361
869
227655371
869
227655381
869
227655391
869
227655401
869
227655411
869
227655421
869
227655431
869
227655441
869
227655451
869
227655461
869
227655471
869
227655481
869
227655491
869
227655501
869
227655511
869
227655521
869
227655531
869
227655541
869
227655551
869
227655561
869
227655571
869
227655581
869
227655591
869
227655601
869
227655611
869
227655621
869
227655631
869
227655641
869
227655651
869
227655661
869
227655671
869
227766273
869
227766283
869
227766293
869
227766303
869
227766313
869
227766323
869
227766333
869
227766343
869
227766353
869
227766363
869
227766373
869
227766383
869
227766393
869
227766403
869
227766413
869
227766423
869
227766433
869
227766443
869
227766453
869
227766463
869
227766473
869
227766483
869
227766493
869
227766503
869
227766513
869
227766523
869
227766533
869
227766543
869
227766553
869
227766563
869
227766573
869
227766583
869
227766593
869
227766603
869
227766613
869
227766623
869
227766633
869
227766643
869
227766653
869
227766663
869
227766673
869
227766683
869
227766693
869
227766703
869
227766713
869
227766723
869
227766733
869
227766743
869
227766753
869
227766763
869
227766773
869
227766783
869
227766793
869
227766803
869
227766813
869
227766823
869
227766833
869
227766843
869
227766853
869
227766863
869
227766873
869
227766883
869
227766893
869
227766903
869
227766913
869
227766923
869
227766933
869
227766943
869
227766953
869
227766963
869
227766973
869
227766983
869
227766993
869
227767003
869
227767013
869
227767023
869
227767033
869
227767043
869
227767053
869
227767063
869
227767073
869
227767083
869
227767093
869
227767103
869
227767113
869
227767123
869
227767133
869
227767143
869
227767153
869
227767163
869
227767173
869
227767183
869
227767193
869
227767203
869
227767213
869
227767223
869
227767233
869
227767243
869
227767253
869
227767263
869
227767273
869
227767283
869
227767293
869
227767303
869
227767313
869
227767323
869
227767333
869
227767343
869
227767353
869
227767363
869
227767373
869
227767383
869
227767393
869
227767403
869
227767413
869
227767423
869
227767433
869
227767443
869
227767453
869
227767463
869
227767473
869
227767483
869
227767493
869
227767503
869
227767513
869
227767523
869
227767533
869
227767543
869
227767553
869
227767563
869
227767573
869
227767583
869
227767593
869
227767603
869
227767613
869
227767623
869
227767633
869
227767643
869
227767653
869
227767663
869
227767673
869
227767683
869
227767693
869
227767703
869
227767713
869
227767723
869
227767733
869
227767743
869
227767753
869
227767763
869
227767773
869
227767783
869
227767793
869
227767803
869
227767813
869
227767823
869
227767833
869
227767843
869
227767853
869
227767863
869
227767873
869
227767883
869
227767893
869
227767903
869
227767913
869
227767923
869
227767933
869
227767943
869
227767953
869
227767963
869
227767973
869
227767983
869
227767993
869
227768003
869
227768013
869
227768023
869
227768033
869
227768043
869
227768053
869
227768063
869
227768073
869
227768083
869
227768093
869
227768103
869
227768113
869
227768123
869
227768133
869
227768143
869
227768153
869
227768163
869
227768173
869
227768183
869
227768193
869
227768203
869
227768213
869
227768223
869
227768233
869
227768243
869
227768253
869
227768263
869
227768273
869
227768283
869
227768293
869
227768303
869
227768313
869
227768323
869
227768333
869
227768343
869
227768353
869
227768363
869
227768373
869
227768383
869
227768393
869
227768403
869
227768413
869
227768423
869
227768433
869
227768443
869
227768453
869
227768463
869
227768473
869
227768483
869
227768493
869
227768503
869
227768513
869
227768523
869
227768533
869
227768543
869
227768553
869
227768563
869
227768573
869
227768583
869
227768593
869
227768603
869
227768613
869
227768623
869
227768633
869
227768643
869
227768653
869
227768663
869
227768673
869
227768683
869
227768693
869
227768703
869
227768713
869
227768723
869
227768733
869
227768743
869
227768753
869
227768763
869
227768773
869
227768783
869
227768793
869
227768803
869
227768813
869
227768823
869
227768833
869
227768843
869
227768853
869
227768863
869
227768873
869
227768883
869
227768893
869
227768903
869
227768913
869
227768923
869
227768933
869
227768943
869
227768953
869
227768963
869
227768973
869
227768983
869
227768993
869
227769003
869
227769013
869
227769023
869
227769033
869
227769043
869
227769053
869
227769063
869
227769073
869
227769083
869
227769093
869
227769103
869
227769113
869
227769123
869
227769133
869
227769143
869
227769153
869
227769163
869
227769173
869
227769183
869
227769193
869
227769203
869
227769213
869
227769223
869
227769233
869
227769243
869
227769253
869
227769263
869
227769273
869
227769283
869
227769293
869
227769303
869
227769313
869
227769323
869
227769333
869
227769343
869
227769353
869
227769363
869
227769373
869
227769383
869
227769393
869
227769403
869
227769413
869
227769423
869
227769433
869
227769443
869
227769453
869
227769463
869
227769473
869
227769483
869
227769493
869
227769503
869
227769513
869
227769523
869
227769533
869
227769543
869
227769553
869
227769563
869
227769573
869
227769583
869
227769593
869
227769603
869
227769613
869
227769623
869
227769633
869
227769643
869
227769653
869
227769663
869
227769673
869
227769683
869
227769693
869
227769703
869
227769713
869
227769723
869
227769733
869
227769743
869
227769753
869
227769763
869
227769773
869
227769783
869
227769793
869
227769803
869
227769813
869
227769823
869
227769833
869
227769843
869
227769853
869
227769863
869
227769873
869
227769883
869
227769893
869
227769903
869
227769913
869
227769923
869
227769933
869
227769943
869
227769953
869
227769963
869
227769973
869
227769983
869
227769993
869
227770003
869
227770013
869
227770023
869
227770033
869
227770043
869
227770053
869
227770063
869
227770073
869
227770083
869
227770093
869
227770103
869
227770113
869
227770123
869
227770133
869
227770143
869
227770153
869
227770163
869
227770173
869
227770183
869
227770193
869
227770203
869
227770213
869
227770223
869
227770233
869
227770243
869
227770253
869
227770263
869
227770273
869
227770283
869
227770293
869
227770303
869
227770313
869
227770323
869
227770333
869
227770343
869
227770353
869
227770363
869
227545091
869
227545101
869
227545111
869
227545121
869
227545131
869
227545141
869
227545151
869
227545161
869
227545171
869
227545181
869
227545191
869
227545201
869
227545211
869
227545221
869
227545231
869
227545241
869
227545251
869
227545261
869
227545271
869
227545281
869
227545291
869
227545301
869
227545311
869
227545321
869
227545331
869
227545341
869
227545351
869
227545361
869
227545371
869
227545381
869
227545391
869
227545401
869
227545411
869
227545421
869
227545431
869
227545441
869
227545451
869
227545461
869
227545471
869
227545481
869
227545491
869
227545501
869
227545511
869
227545521
869
227545531
869
227545541
869
227545551
869
227545561
869
227545571
869
227545581
869
227545591
869
227545601
869
227545611
869
227545621
869
227545631
869
227545641
869
227545651
869
227545661
869
227545671
869
227545681
869
227545691
869
227545701
869
227545711
869
227545721
869
227545731
869
227545741
869
227545751
869
227545761
869
227545771
869
227545781
869
227545791
869
227545801
869
227545811
869
227545821
869
227545831
869
227545841
869
227545851
869
227545861
869
227545871
869
227545881
869
227545891
869
227545901
869
227545911
869
227545921
869
227545931
869
227545941
869
227545951
869
227545961
869
227545971
869
227545981
869
227545991
869
227546001
869
227546011
869
227546021
869
227546031
869
227546041
869
227546051
869
227546061
869
227546071
869
227546081
869
227546091
869
227546101
869
227546111
869
227546121
869
227546131
869
227546141
869
227546151
869
227546161
869
227546171
869
227546181
869
227546191
869
227546201
869
227546211
869
227546221
869
227546231
869
227546241
869
227546251
869
227546261
869
227546271
869
227546281
869
227546291
869
227546301
869
227546311
869
227546321
869
227546331
869
227546341
869
227546351
869
227546361
869
227546371
869
227546381
869
227546391
869
227546401
869
227546411
869
227546421
869
227546431
869
227546441
869
227546451
869
227546461
869
227546471
869
227546481
869
227546491
869
227546501
869
227546511
869
227546521
869
227546531
869
227546541
869
227546551
869
227546561
869
227546571
869
227546581
869
227546591
869
227546601
869
227546611
869
227546621
869
227546631
869
227546641
869
227546651
869
227546661
869
227546671
869
227546681
869
227546691
869
227546701
869
227546711
869
227546721
869
227546731
869
227546741
869
227546751
869
227546761
869
227546771
869
227546781
869
227546791
869
227546801
869
227546811
869
227546821
869
227546831
869
227546841
869
227546851
869
227546861
869
227546871
869
227546881
869
227546891
869
227546901
869
227546911
869
227546921
869
227546931
869
227546941
869
227546951
869
227546961
869
227546971
869
227546981
869
227546991
869
227547001
869
227547011
869
227547021
869
227547031
869
227547041
869
227547051
869
227547061
869
227547071
869
227547081
869
227547091
869
227547101
869
227547111
869
227547121
869
227547131
869
227547141
869
227547151
869
227547161
869
227547171
869
227547181
869
227547191
869
227547201
869
227547211
869
227547221
869
227547231
869
227547241
869
227547251
869
227547261
869
227547271
869
227547281
869
227547291
869
227547301
869
227547311
869
227547321
869
227547331
869
227547341
869
227547351
869
227547361
869
227547371
869
227547381
869
227547391
869
227547401
869
227547411
869
227547421
869
227547431
869
227547441
869
227547451
869
227547461
869
227547471
869
227547481
869
227547491
869
227547501
869
227547511
869
227547521
869
227547531
869
227547541
869
227547551
869
227547561
869
227547571
869
227547581
869
227547591
869
227547601
869
227547611
869
227547621
869
227547631
869
227547641
869
227547651
869
227547661
869
227547671
869
227547681
869
227547691
869
227547701
869
227547711
869
227547721
869
227547731
869
227547741
869
227547751
869
227547761
869
227547771
869
227547781
869
227547791
869
227547801
869
227547811
869
227547821
869
227547831
869
227547841
869
227547851
869
227547861
869
227547871
869
227547881
869
227547891
869
227547901
869
227547911
869
227547921
869
227547931
869
227547941
869
227547951
869
227547961
869
227547971
869
227547981
869
227547991
869
227548001
869
227548011
869
227548021
869
227548031
869
227548041
869
227548051
869
227548061
869
227548071
869
227548081
869
227548091
869
227548101
869
227548111
869
227548121
869
227548131
869
227548141
869
227548151
869
227548161
869
227548171
869
227548181
869
227548191
869
227548201
869
227548211
869
227548221
869
227548231
869
227548241
869
227548251
869
227548261
869
227548271
869
227548281
869
227548291
869
227548301
869
227548311
869
227548321
869
227548331
869
227548341
869
227548351
869
227548361
869
227548371
869
227548381
869
227548391
869
227548401
869
227548411
869
227548421
869
227548431
869
227548441
869
227548451
869
227548461
869
227548471
869
227548481
869
227548491
869
227548501
869
227548511
869
227548521
869
227548531
869
227548541
869
227548551
869
227548561
869
227548571
869
227548581
869
227548591
869
227548601
869
227548611
869
227548621
869
227548631
869
227548641
869
227548651
869
227548661
869
227548671
869
227548681
869
227548691
869
227548701
869
227548711
869
227548721
869
227548731
869
227548741
869
227548751
869
227548761
869
227548771
869
227548781
869
227548791
869
227548801
869
227548811
869
227548821
869
227548831
869
227548841
869
227548851
869
227548861
869
227548871
869
227548881
869
227548891
869
227548901
869
227548911
869
227548921
869
227548931
869
227548941
869
227548951
869
227548961
869
227548971
869
227548981
869
227548991
869
227549001
869
227549011
869
227549021
869
227549031
869
227549041
869
227549051
869
227549061
869
227549071
869
227549081
869
227549091
869
227549101
869
227549111
869
227549121
869
227549131
869
227549141
869
227549151
869
227549161
869
227549171
869
227549181
869
227749895
869
227749905
869
227749915
869
227749925
869
227749935
869
227749945
869
227749955
869
227749965
869
227749975
869
227749985
869
227749995
869
227750005
869
227750015
869
227750025
869
227750035
869
227750045
869
227750055
869
227750065
869
227750075
869
227750085
869
227750095
869
227750105
869
227750115
869
227750125
869
227750135
869
227750145
869
227750155
869
227750165
869
227750175
869
227750185
869
227750195
869
227750205
869
227750215
869
227750225
869
227750235
869
227750245
869
227750255
869
227750265
869
227750275
869
227750285
869
227750295
869
227750305
869
227750315
869
227750325
869
227750335
869
227750345
869
227750355
869
227750365
869
227750375
869
227750385
869
227750395
869
227750405
869
227750415
869
227750425
869
227750435
869
227750445
869
227750455
869
227750465
869
227750475
869
227750485
869
227750495
869
227750505
869
227750515
869
227750525
869
227750535
869
227750545
869
227750555
869
227750565
869
227750575
869
227750585
869
227750595
869
227750605
869
227750615
869
227750625
869
227750635
869
227750645
869
227750655
869
227750665
869
227750675
869
227750685
869
227750695
869
227750705
869
227750715
869
227750725
869
227750735
869
227750745
869
227750755
869
227750765
869
227750775
869
227750785
869
227750795
869
227750805
869
227750815
869
227750825
869
227750835
869
227750845
869
227750855
869
227750865
869
227750875
869
227750885
869
227750895
869
227750905
869
227750915
869
227750925
869
227750935
869
227750945
869
227750955
869
227750965
869
227750975
869
227750985
869
227750995
869
227751005
869
227751015
869
227751025
869
227751035
869
227751045
869
227751055
869
227751065
869
227751075
869
227751085
869
227751095
869
227751105
869
227751115
869
227751125
869
227751135
869
227751145
869
227751155
869
227751165
869
227751175
869
227751185
869
227751195
869
227751205
869
227751215
869
227751225
869
227751235
869
227751245
869
227751255
869
227751265
869
227751275
869
227751285
869
227751295
869
227751305
869
227751315
869
227751325
869
227751335
869
227751345
869
227751355
869
227751365
869
227751375
869
227751385
869
227751395
869
227751405
869
227751415
869
227751425
869
227751435
869
227751445
869
227751455
869
227751465
869
227751475
869
227751485
869
227751495
869
227751505
869
227751515
869
227751525
869
227751535
869
227751545
869
227751555
869
227751565
869
227751575
869
227751585
869
227751595
869
227751605
869
227751615
869
227751625
869
227751635
869
227751645
869
227751655
869
227751665
869
227751675
869
227751685
869
227751695
869
227751705
869
227751715
869
227751725
869
227751735
869
227751745
869
227751755
869
227751765
869
227751775
869
227751785
869
227751795
869
227751805
869
227751815
869
227751825
869
227751835
869
227751845
869
227751855
869
227751865
869
227751875
869
227751885
869
227751895
869
227751905
869
227751915
869
227751925
869
227751935
869
227751945
869
227751955
869
227751965
869
227751975
869
227751985
869
227751995
869
227752005
869
227752015
869
227752025
869
227752035
869
227752045
869
227752055
869
227752065
869
227752075
869
227752085
869
227752095
869
227752105
869
227752115
869
227752125
869
227752135
869
227752145
869
227752155
869
227752165
869
227752175
869
227752185
869
227752195
869
227752205
869
227752215
869
227752225
869
227752235
869
227752245
869
227752255
869
227752265
869
227752275
869
227752285
869
227752295
869
227752305
869
227752315
869
227752325
869
227752335
869
227752345
869
227752355
869
227752365
869
227752375
869
227752385
869
227752395
869
227752405
869
227752415
869
227752425
869
227752435
869
227752445
869
227752455
869
227752465
869
227752475
869
227752485
869
227752495
869
227752505
869
227752515
869
227752525
869
227752535
869
227752545
869
227752555
869
227752565
869
227752575
869
227752585
869
227752595
869
227752605
869
227752615
869
227752625
869
227752635
869
227752645
869
227752655
869
227752665
869
227752675
869
227752685
869
227752695
869
227752705
869
227752715
869
227752725
869
227752735
869
227752745
869
227752755
869
227752765
869
227752775
869
227752785
869
227752795
869
227752805
869
227752815
869
227752825
869
227752835
869
227752845
869
227752855
869
227752865
869
227752875
869
227752885
869
227752895
869
227752905
869
227752915
869
227752925
869
227752935
869
227752945
869
227752955
869
227752965
869
227752975
869
227752985
869
227752995
869
227753005
869
227753015
869
227753025
869
227753035
869
227753045
869
227753055
869
227753065
869
227753075
869
227753085
869
227753095
869
227753105
869
227753115
869
227753125
869
227753135
869
227753145
869
227753155
869
227753165
869
227753175
869
227753185
869
227753195
869
227753205
869
227753215
869
227753225
869
227753235
869
227753245
869
227753255
869
227753265
869
227753275
869
227753285
869
227753295
869
227753305
869
227753315
869
227753325
869
227753335
869
227753345
869
227753355
869
227753365
869
227753375
869
227753385
869
227753395
869
227753405
869
227753415
869
227753425
869
227753435
869
227753445
869
227753455
869
227753465
869
227753475
869
227753485
869
227753495
869
227753505
869
227753515
869
227753525
869
227753535
869
227753545
869
227753555
869
227753565
869
227753575
869
227753585
869
227753595
869
227753605
869
227753615
869
227753625
869
227753635
869
227753645
869
227753655
869
227753665
869
227753675
869
227753685
869
227753695
869
227753705
869
227753715
869
227753725
869
227753735
869
227753745
869
227753755
869
227753765
869
227753775
869
227753785
869
227753795
869
227753805
869
227753815
869
227753825
869
227753835
869
227753845
869
227753855
869
227753865
869
227753875
869
227753885
869
227753895
869
227753905
869
227753915
869
227753925
869
227753935
869
227753945
869
227753955
869
227753965
869
227753975
869
227729415
869
227729425
869
227729435
869
227729445
869
227729455
869
227729465
869
227729475
869
227729485
869
227729495
869
227729505
869
227729515
869
227729525
869
227729535
869
227729545
869
227729555
869
227729565
869
227729575
869
227729585
869
227729595
869
227729605
869
227729615
869
227729625
869
227729635
869
227729645
869
227729655
869
227729665
869
227729675
869
227729685
869
227729695
869
227729705
869
227729715
869
227729725
869
227729735
869
227729745
869
227729755
869
227729765
869
227729775
869
227729785
869
227729795
869
227729805
869
227729815
869
227729825
869
227729835
869
227729845
869
227729855
869
227729865
869
227729875
869
227729885
869
227729895
869
227729905
869
227729915
869
227729925
869
227729935
869
227729945
869
227729955
869
227729965
869
227729975
869
227729985
869
227729995
869
227730005
869
227730015
869
227730025
869
227730035
869
227730045
869
227730055
869
227730065
869
227730075
869
227730085
869
227730095
869
227730105
869
227730115
869
227730125
869
227730135
869
227730145
869
227730155
869
227730165
869
227730175
869
227730185
869
227730195
869
227730205
869
227730215
869
227730225
869
227730235
869
227730245
869
227730255
869
227730265
869
227730275
869
227730285
869
227730295
869
227730305
869
227730315
869
227730325
869
227730335
869
227730345
869
227730355
869
227730365
869
227730375
869
227730385
869
227730395
869
227730405
869
227730415
869
227730425
869
227730435
869
227730445
869
227730455
869
227730465
869
227730475
869
227730485
869
227730495
869
227730505
869
227730515
869
227730525
869
227730535
869
227730545
869
227730555
869
227730565
869
227730575
869
227730585
869
227730595
869
227730605
869
227730615
869
227730625
869
227730635
869
227730645
869
227730655
869
227730665
869
227730675
869
227730685
869
227730695
869
227730705
869
227730715
869
227730725
869
227730735
869
227730745
869
227730755
869
227730765
869
227730775
869
227730785
869
227730795
869
227730805
869
227730815
869
227730825
869
227730835
869
227730845
869
227730855
869
227730865
869
227730875
869
227730885
869
227730895
869
227730905
869
227730915
869
227730925
869
227730935
869
227730945
869
227730955
869
227730965
869
227730975
869
227730985
869
227730995
869
227731005
869
227731015
869
227731025
869
227731035
869
227731045
869
227731055
869
227731065
869
227731075
869
227731085
869
227731095
869
227731105
869
227731115
869
227731125
869
227731135
869
227731145
869
227731155
869
227731165
869
227731175
869
227731185
869
227731195
869
227731205
869
227731215
869
227731225
869
227731235
869
227731245
869
227731255
869
227731265
869
227731275
869
227731285
869
227731295
869
227731305
869
227731315
869
227731325
869
227731335
869
227731345
869
227731355
869
227731365
869
227731375
869
227731385
869
227731395
869
227731405
869
227731415
869
227731425
869
227731435
869
227731445
869
227731455
869
227731465
869
227731475
869
227731485
869
227731495
869
227731505
869
227731515
869
227731525
869
227731535
869
227731545
869
227731555
869
227731565
869
227731575
869
227731585
869
227731595
869
227731605
869
227731615
869
227731625
869
227731635
869
227731645
869
227731655
869
227731665
869
227731675
869
227731685
869
227731695
869
227731705
869
227731715
869
227731725
869
227731735
869
227731745
869
227731755
869
227731765
869
227731775
869
227731785
869
227731795
869
227731805
869
227731815
869
227731825
869
227731835
869
227731845
869
227731855
869
227731865
869
227731875
869
227731885
869
227731895
869
227731905
869
227731915
869
227731925
869
227731935
869
227731945
869
227731955
869
227731965
869
227731975
869
227731985
869
227731995
869
227732005
869
227732015
869
227732025
869
227732035
869
227732045
869
227732055
869
227732065
869
227732075
869
227732085
869
227732095
869
227732105
869
227732115
869
227732125
869
227732135
869
227732145
869
227732155
869
227732165
869
227732175
869
227732185
869
227732195
869
227732205
869
227732215
869
227732225
869
227732235
869
227732245
869
227732255
869
227732265
869
227732275
869
227732285
869
227732295
869
227732305
869
227732315
869
227732325
869
227732335
869
227732345
869
227732355
869
227732365
869
227732375
869
227732385
869
227732395
869
227732405
869
227732415
869
227732425
869
227732435
869
227732445
869
227732455
869
227732465
869
227732475
869
227732485
869
227732495
869
227732505
869
227732515
869
227732525
869
227732535
869
227732545
869
227732555
869
227732565
869
227732575
869
227732585
869
227732595
869
227732605
869
227732615
869
227732625
869
227732635
869
227732645
869
227732655
869
227732665
869
227732675
869
227732685
869
227732695
869
227732705
869
227732715
869
227732725
869
227732735
869
227732745
869
227732755
869
227732765
869
227732775
869
227732785
869
227732795
869
227732805
869
227732815
869
227732825
869
227732835
869
227732845
869
227732855
869
227732865
869
227732875
869
227732885
869
227732895
869
227732905
869
227732915
869
227732925
869
227732935
869
227732945
869
227732955
869
227732965
869
227732975
869
227732985
869
227732995
869
227733005
869
227733015
869
227733025
869
227733035
869
227733045
869
227733055
869
227733065
869
227733075
869
227733085
869
227733095
869
227733105
869
227733115
869
227733125
869
227733135
869
227733145
869
227733155
869
227733165
869
227733175
869
227733185
869
227733195
869
227733205
869
227733215
869
227733225
869
227733235
869
227733245
869
227733255
869
227733265
869
227733275
869
227733285
869
227733295
869
227733305
869
227733315
869
227733325
869
227733335
869
227733345
869
227733355
869
227733365
869
227733375
869
227733385
869
227733395
869
227733405
869
227733415
869
227733425
869
227733435
869
227733445
869
227733455
869
227733465
869
227733475
869
227733485
869
227733495
869
227557379
869
227557389
869
227557399
869
227557409
869
227557419
869
227557429
869
227557439
869
227557449
869
227557459
869
227557469
869
227557479
869
227557489
869
227557499
869
227557509
869
227557519
869
227557529
869
227557539
869
227557549
869
227557559
869
227557569
869
227557579
869
227557589
869
227557599
869
227557609
869
227557619
869
227557629
869
227557639
869
227557649
869
227557659
869
227557669
869
227557679
869
227557689
869
227557699
869
227557709
869
227557719
869
227557729
869
227557739
869
227557749
869
227557759
869
227557769
869
227557779
869
227557789
869
227557799
869
227557809
869
227557819
869
227557829
869
227557839
869
227557849
869
227557859
869
227557869
869
227557879
869
227557889
869
227557899
869
227557909
869
227557919
869
227557929
869
227557939
869
227557949
869
227557959
869
227557969
869
227557979
869
227557989
869
227557999
869
227558009
869
227558019
869
227558029
869
227558039
869
227558049
869
227558059
869
227558069
869
227558079
869
227558089
869
227558099
869
227558109
869
227558119
869
227558129
869
227558139
869
227558149
869
227558159
869
227558169
869
227558179
869
227558189
869
227558199
869
227558209
869
227558219
869
227558229
869
227558239
869
227558249
869
227558259
869
227558269
869
227558279
869
227558289
869
227558299
869
227558309
869
227558319
869
227558329
869
227558339
869
227558349
869
227558359
869
227558369
869
227558379
869
227558389
869
227558399
869
227558409
869
227558419
869
227558429
869
227558439
869
227558449
869
227558459
869
227558469
869
227558479
869
227558489
869
227558499
869
227558509
869
227558519
869
227558529
869
227558539
869
227558549
869
227558559
869
227558569
869
227558579
869
227558589
869
227558599
869
227558609
869
227558619
869
227558629
869
227558639
869
227558649
869
227558659
869
227558669
869
227558679
869
227558689
869
227558699
869
227558709
869
227558719
869
227558729
869
227558739
869
227558749
869
227558759
869
227558769
869
227558779
869
227558789
869
227558799
869
227558809
869
227558819
869
227558829
869
227558839
869
227558849
869
227558859
869
227558869
869
227558879
869
227558889
869
227558899
869
227558909
869
227558919
869
227558929
869
227558939
869
227558949
869
227558959
869
227558969
869
227558979
869
227558989
869
227558999
869
227559009
869
227559019
869
227559029
869
227559039
869
227559049
869
227559059
869
227559069
869
227559079
869
227559089
869
227559099
869
227559109
869
227559119
869
227559129
869
227559139
869
227559149
869
227559159
869
227559169
869
227559179
869
227559189
869
227559199
869
227559209
869
227559219
869
227559229
869
227559239
869
227559249
869
227559259
869
227559269
869
227559279
869
227559289
869
227559299
869
227559309
869
227559319
869
227559329
869
227559339
869
227559349
869
227559359
869
227559369
869
227559379
869
227559389
869
227559399
869
227559409
869
227559419
869
227559429
869
227559439
869
227559449
869
227559459
869
227559469
869
227559479
869
227559489
869
227559499
869
227559509
869
227559519
869
227559529
869
227559539
869
227559549
869
227559559
869
227559569
869
227559579
869
227559589
869
227559599
869
227559609
869
227559619
869
227559629
869
227559639
869
227559649
869
227559659
869
227559669
869
227559679
869
227559689
869
227559699
869
227559709
869
227559719
869
227559729
869
227559739
869
227559749
869
227559759
869
227559769
869
227559779
869
227559789
869
227559799
869
227559809
869
227559819
869
227559829
869
227559839
869
227559849
869
227559859
869
227559869
869
227559879
869
227559889
869
227559899
869
227559909
869
227559919
869
227559929
869
227559939
869
227559949
869
227559959
869
227559969
869
227559979
869
227559989
869
227559999
869
227560009
869
227560019
869
227560029
869
227560039
869
227560049
869
227560059
869
227560069
869
227560079
869
227560089
869
227560099
869
227560109
869
227560119
869
227560129
869
227560139
869
227560149
869
227560159
869
227560169
869
227560179
869
227560189
869
227560199
869
227560209
869
227560219
869
227560229
869
227560239
869
227560249
869
227560259
869
227560269
869
227560279
869
227560289
869
227560299
869
227560309
869
227560319
869
227560329
869
227560339
869
227560349
869
227560359
869
227560369
869
227560379
869
227560389
869
227560399
869
227560409
869
227560419
869
227560429
869
227560439
869
227560449
869
227560459
869
227560469
869
227560479
869
227560489
869
227560499
869
227560509
869
227560519
869
227560529
869
227560539
869
227560549
869
227560559
869
227560569
869
227560579
869
227560589
869
227560599
869
227560609
869
227560619
869
227560629
869
227560639
869
227560649
869
227560659
869
227560669
869
227560679
869
227560689
869
227560699
869
227560709
869
227560719
869
227560729
869
227560739
869
227560749
869
227560759
869
227560769
869
227560779
869
227560789
869
227560799
869
227560809
869
227560819
869
227560829
869
227560839
869
227560849
869
227560859
869
227560869
869
227560879
869
227560889
869
227560899
869
227560909
869
227560919
869
227560929
869
227560939
869
227560949
869
227560959
869
227560969
869
227560979
869
227560989
869
227560999
869
227561009
869
227561019
869
227561029
869
227561039
869
227561049
869
227561059
869
227561069
869
227561079
869
227561089
869
227561099
869
227561109
869
227561119
869
227561129
869
227561139
869
227561149
869
227561159
869
227561169
869
227561179
869
227561189
869
227561199
869
227561209
869
227561219
869
227561229
869
227561239
869
227561249
869
227561259
869
227561269
869
227561279
869
227561289
869
227561299
869
227561309
869
227561319
869
227561329
869
227561339
869
227561349
869
227561359
869
227561369
869
227561379
869
227561389
869
227561399
869
227561409
869
227561419
869
227561429
869
227561439
869
227561449
869
227561459
869
227561469
869
227635207
869
227635217
869
227635227
869
227635237
869
227635247
869
227635257
869
227635267
869
227635277
869
227635287
869
227635297
869
227635307
869
227635317
869
227635327
869
227635337
869
227635347
869
227635357
869
227635367
869
227635377
869
227635387
869
227635397
869
227635407
869
227635417
869
227635427
869
227635437
869
227635447
869
227635457
869
227635467
869
227635477
869
227635487
869
227635497
869
227635507
869
227635517
869
227635527
869
227635537
869
227635547
869
227635557
869
227635567
869
227635577
869
227635587
869
227635597
869
227635607
869
227635617
869
227635627
869
227635637
869
227635647
869
227635657
869
227635667
869
227635677
869
227635687
869
227635697
869
227635707
869
227635717
869
227635727
869
227635737
869
227635747
869
227635757
869
227635767
869
227635777
869
227635787
869
227635797
869
227635807
869
227635817
869
227635827
869
227635837
869
227635847
869
227635857
869
227635867
869
227635877
869
227635887
869
227635897
869
227635907
869
227635917
869
227635927
869
227635937
869
227635947
869
227635957
869
227635967
869
227635977
869
227635987
869
227635997
869
227636007
869
227636017
869
227636027
869
227636037
869
227636047
869
227636057
869
227636067
869
227636077
869
227636087
869
227636097
869
227636107
869
227636117
869
227636127
869
227636137
869
227636147
869
227636157
869
227636167
869
227636177
869
227636187
869
227636197
869
227636207
869
227636217
869
227636227
869
227636237
869
227636247
869
227636257
869
227636267
869
227636277
869
227636287
869
227636297
869
227636307
869
227636317
869
227636327
869
227636337
869
227636347
869
227636357
869
227636367
869
227636377
869
227636387
869
227636397
869
227636407
869
227636417
869
227636427
869
227636437
869
227636447
869
227636457
869
227636467
869
227636477
869
227636487
869
227636497
869
227636507
869
227636517
869
227636527
869
227636537
869
227636547
869
227636557
869
227636567
869
227636577
869
227636587
869
227636597
869
227636607
869
227636617
869
227636627
869
227636637
869
227636647
869
227636657
869
227636667
869
227636677
869
227636687
869
227636697
869
227636707
869
227636717
869
227636727
869
227636737
869
227636747
869
227636757
869
227636767
869
227636777
869
227636787
869
227636797
869
227636807
869
227636817
869
227636827
869
227636837
869
227636847
869
227636857
869
227636867
869
227636877
869
227636887
869
227636897
869
227636907
869
227636917
869
227636927
869
227636937
869
227636947
869
227636957
869
227636967
869
227636977
869
227636987
869
227636997
869
227637007
869
227637017
869
227637027
869
227637037
869
227637047
869
227637057
869
227637067
869
227637077
869
227637087
869
227637097
869
227637107
869
227637117
869
227637127
869
227637137
869
227637147
869
227637157
869
227637167
869
227637177
869
227637187
869
227637197
869
227637207
869
227637217
869
227637227
869
227637237
869
227637247
869
227637257
869
227637267
869
227637277
869
227637287
869
227637297
869
227637307
869
227637317
869
227637327
869
227637337
869
227637347
869
227637357
869
227637367
869
227637377
869
227637387
869
227637397
869
227637407
869
227637417
869
227637427
869
227637437
869
227637447
869
227637457
869
227637467
869
227637477
869
227637487
869
227637497
869
227637507
869
227637517
869
227637527
869
227637537
869
227637547
869
227637557
869
227637567
869
227637577
869
227637587
869
227637597
869
227637607
869
227637617
869
227637627
869
227637637
869
227637647
869
227637657
869
227637667
869
227637677
869
227637687
869
227637697
869
227637707
869
227637717
869
227637727
869
227637737
869
227637747
869
227637757
869
227637767
869
227637777
869
227637787
869
227637797
869
227637807
869
227637817
869
227637827
869
227637837
869
227637847
869
227637857
869
227637867
869
227637877
869
227637887
869
227637897
869
227637907
869
227637917
869
227637927
869
227637937
869
227637947
869
227637957
869
227637967
869
227637977
869
227637987
869
227637997
869
227638007
869
227638017
869
227638027
869
227638037
869
227638047
869
227638057
869
227638067
869
227638077
869
227638087
869
227638097
869
227638107
869
227638117
869
227638127
869
227638137
869
227638147
869
227638157
869
227638167
869
227638177
869
227638187
869
227638197
869
227638207
869
227638217
869
227638227
869
227638237
869
227638247
869
227638257
869
227638267
869
227638277
869
227638287
869
227638297
869
227638307
869
227638317
869
227638327
869
227638337
869
227638347
869
227638357
869
227638367
869
227638377
869
227638387
869
227638397
869
227638407
869
227638417
869
227638427
869
227638437
869
227638447
869
227638457
869
227638467
869
227638477
869
227638487
869
227638497
869
227638507
869
227638517
869
227638527
869
227638537
869
227638547
869
227638557
869
227638567
869
227638577
869
227638587
869
227638597
869
227638607
869
227638617
869
227638627
869
227638637
869
227638647
869
227638657
869
227638667
869
227638677
869
227638687
869
227638697
869
227638707
869
227638717
869
227638727
869
227638737
869
227638747
869
227638757
869
227638767
869
227638777
869
227638787
869
227638797
869
227638807
869
227638817
869
227638827
869
227638837
869
227638847
869
227638857
869
227638867
869
227638877
869
227638887
869
227638897
869
227638907
869
227638917
869
227638927
869
227638937
869
227638947
869
227638957
869
227638967
869
227638977
869
227638987
869
227638997
869
227639007
869
227639017
869
227639027
869
227639037
869
227639047
869
227639057
869
227639067
869
227639077
869
227639087
869
227639097
869
227639107
869
227639117
869
227639127
869
227639137
869
227639147
869
227639157
869
227639167
869
227639177
869
227639187
869
227639197
869
227639207
869
227639217
869
227639227
869
227639237
869
227639247
869
227639257
869
227639267
869
227639277
869
227639287
869
227643393
869
227643403
869
227643413
869
227643423
869
227643433
869
227643443
869
227643453
869
227643463
869
227643473
869
227643483
869
227643493
869
227643503
869
227643513
869
227643523
869
227643533
869
227643543
869
227643553
869
227643563
869
227643573
869
227643583
869
227643593
869
227643603
869
227643613
869
227643623
869
227643633
869
227643643
869
227643653
869
227643663
869
227643673
869
227643683
869
227643693
869
227643703
869
227643713
869
227643723
869
227643733
869
227643743
869
227643753
869
227643763
869
227643773
869
227643783
869
227643793
869
227643803
869
227643813
869
227643823
869
227643833
869
227643843
869
227643853
869
227643863
869
227643873
869
227643883
869
227643893
869
227643903
869
227643913
869
227643923
869
227643933
869
227643943
869
227643953
869
227643963
869
227643973
869
227643983
869
227643993
869
227644003
869
227644013
869
227644023
869
227644033
869
227644043
869
227644053
869
227644063
869
227644073
869
227644083
869
227644093
869
227644103
869
227644113
869
227644123
869
227644133
869
227644143
869
227644153
869
227644163
869
227644173
869
227644183
869
227644193
869
227644203
869
227644213
869
227644223
869
227644233
869
227644243
869
227644253
869
227644263
869
227644273
869
227644283
869
227644293
869
227644303
869
227644313
869
227644323
869
227644333
869
227644343
869
227644353
869
227644363
869
227644373
869
227644383
869
227644393
869
227644403
869
227644413
869
227644423
869
227644433
869
227644443
869
227644453
869
227644463
869
227644473
869
227644483
869
227644493
869
227644503
869
227644513
869
227644523
869
227644533
869
227644543
869
227644553
869
227644563
869
227644573
869
227644583
869
227644593
869
227644603
869
227644613
869
227644623
869
227644633
869
227644643
869
227644653
869
227644663
869
227644673
869
227644683
869
227644693
869
227644703
869
227644713
869
227644723
869
227644733
869
227644743
869
227644753
869
227644763
869
227644773
869
227644783
869
227644793
869
227644803
869
227644813
869
227644823
869
227644833
869
227644843
869
227644853
869
227644863
869
227644873
869
227644883
869
227644893
869
227644903
869
227644913
869
227644923
869
227644933
869
227644943
869
227644953
869
227644963
869
227644973
869
227644983
869
227644993
869
227645003
869
227645013
869
227645023
869
227645033
869
227645043
869
227645053
869
227645063
869
227645073
869
227645083
869
227645093
869
227645103
869
227645113
869
227645123
869
227645133
869
227645143
869
227645153
869
227645163
869
227645173
869
227645183
869
227645193
869
227645203
869
227645213
869
227645223
869
227645233
869
227645243
869
227645253
869
227645263
869
227645273
869
227645283
869
227645293
869
227645303
869
227645313
869
227645323
869
227645333
869
227645343
869
227645353
869
227645363
869
227645373
869
227645383
869
227645393
869
227645403
869
227645413
869
227645423
869
227645433
869
227645443
869
227645453
869
227645463
869
227645473
869
227645483
869
227645493
869
227645503
869
227645513
869
227645523
869
227645533
869
227645543
869
227645553
869
227645563
869
227645573
869
227645583
869
227645593
869
227645603
869
227645613
869
227645623
869
227645633
869
227645643
869
227645653
869
227645663
869
227645673
869
227645683
869
227645693
869
227645703
869
227645713
869
227645723
869
227645733
869
227645743
869
227645753
869
227645763
869
227645773
869
227645783
869
227645793
869
227645803
869
227645813
869
227645823
869
227645833
869
227645843
869
227645853
869
227645863
869
227645873
869
227645883
869
227645893
869
227645903
869
227645913
869
227645923
869
227645933
869
227645943
869
227645953
869
227645963
869
227645973
869
227645983
869
227645993
869
227646003
869
227646013
869
227646023
869
227646033
869
227646043
869
227646053
869
227646063
869
227646073
869
227646083
869
227646093
869
227646103
869
227646113
869
227646123
869
227646133
869
227646143
869
227646153
869
227646163
869
227646173
869
227646183
869
227646193
869
227646203
869
227646213
869
227646223
869
227646233
869
227646243
869
227646253
869
227646263
869
227646273
869
227646283
869
227646293
869
227646303
869
227646313
869
227646323
869
227646333
869
227646343
869
227646353
869
227646363
869
227646373
869
227646383
869
227646393
869
227646403
869
227646413
869
227646423
869
227646433
869
227646443
869
227646453
869
227646463
869
227646473
869
227646483
869
227646493
869
227646503
869
227646513
869
227646523
869
227646533
869
227646543
869
227646553
869
227646563
869
227646573
869
227646583
869
227646593
869
227646603
869
227646613
869
227646623
869
227646633
869
227646643
869
227646653
869
227646663
869
227646673
869
227646683
869
227646693
869
227646703
869
227646713
869
227646723
869
227646733
869
227646743
869
227646753
869
227646763
869
227646773
869
227646783
869
227646793
869
227646803
869
227646813
869
227646823
869
227646833
869
227646843
869
227646853
869
227646863
869
227646873
869
227646883
869
227646893
869
227646903
869
227646913
869
227646923
869
227646933
869
227646943
869
227646953
869
227646963
869
227646973
869
227646983
869
227646993
869
227647003
869
227647013
869
227647023
869
227647033
869
227647043
869
227647053
869
227647063
869
227647073
869
227647083
869
227647093
869
227647103
869
227647113
869
227647123
869
227647133
869
227647143
869
227647153
869
227647163
869
227647173
869
227647183
869
227647193
869
227647203
869
227647213
869
227647223
869
227647233
869
227647243
869
227647253
869
227647263
869
227647273
869
227647283
869
227647293
869
227647303
869
227647313
869
227647323
869
227647333
869
227647343
869
227647353
869
227647363
869
227647373
869
227647383
869
227647393
869
227647403
869
227647413
869
227647423
869
227647433
869
227647443
869
227647453
869
227647463
869
227647473
869
227647483
869
227573763
869
227573773
869
227573783
869
227573793
869
227573803
869
227573813
869
227573823
869
227573833
869
227573843
869
227573853
869
227573863
869
227573873
869
227573883
869
227573893
869
227573903
869
227573913
869
227573923
869
227573933
869
227573943
869
227573953
869
227573963
869
227573973
869
227573982
869
227573993
869
227574003
869
227574013
869
227574023
869
227574033
869
227574043
869
227574053
869
227574063
869
227574073
869
227574083
869
227574093
869
227574103
869
227574113
869
227574123
869
227574133
869
227574143
869
227574153
869
227574163
869
227574173
869
227574183
869
227574193
869
227574203
869
227574213
869
227574223
869
227574233
869
227574243
869
227574253
869
227574263
869
227574273
869
227574283
869
227574293
869
227574303
869
227574313
869
227574323
869
227574333
869
227574343
869
227574353
869
227574363
869
227574373
869
227574383
869
227574393
869
227574403
869
227574413
869
227574423
869
227574433
869
227574443
869
227574453
869
227574463
869
227574473
869
227574483
869
227574493
869
227574503
869
227574513
869
227574523
869
227574533
869
227574543
869
227574553
869
227574563
869
227574573
869
227574583
869
227574593
869
227574603
869
227574613
869
227574623
869
227574633
869
227574643
869
227574653
869
227574663
869
227574673
869
227574683
869
227574693
869
227574703
869
227574713
869
227574723
869
227574733
869
227574743
869
227574753
869
227574763
869
227574773
869
227574783
869
227574793
869
227574803
869
227574813
869
227574823
869
227574833
869
227574843
869
227574853
869
227574863
869
227574873
869
227574883
869
227574893
869
227574903
869
227574913
869
227574923
869
227574933
869
227574943
869
227574953
869
227574963
869
227574973
869
227574983
869
227574993
869
227575003
869
227575013
869
227575023
869
227575033
869
227575043
869
227575053
869
227575063
869
227575073
869
227575083
869
227575093
869
227575103
869
227575113
869
227575123
869
227575133
869
227575143
869
227575153
869
227575163
869
227575173
869
227575183
869
227575193
869
227575203
869
227575213
869
227575223
869
227575233
869
227575243
869
227575253
869
227575263
869
227575273
869
227575283
869
227575293
869
227575303
869
227575313
869
227575323
869
227575333
869
227575343
869
227575353
869
227575363
869
227575373
869
227575383
869
227575393
869
227575403
869
227575413
869
227575423
869
227575433
869
227575443
869
227575453
869
227575463
869
227575473
869
227575483
869
227575493
869
227575503
869
227575513
869
227575523
869
227575533
869
227575543
869
227575553
869
227575563
869
227575573
869
227575583
869
227575593
869
227575603
869
227575613
869
227575623
869
227575633
869
227575643
869
227575653
869
227575663
869
227575673
869
227575683
869
227575693
869
227575703
869
227575713
869
227575723
869
227575733
869
227575743
869
227575753
869
227575763
869
227575773
869
227575783
869
227575793
869
227575803
869
227575813
869
227575823
869
227575833
869
227575843
869
227575853
869
227575863
869
227575873
869
227575883
869
227575893
869
227575903
869
227575913
869
227575923
869
227575933
869
227575943
869
227575953
869
227575963
869
227575973
869
227575983
869
227575993
869
227576003
869
227576013
869
227576023
869
227576033
869
227576043
869
227576053
869
227576063
869
227576073
869
227576083
869
227576093
869
227576103
869
227576113
869
227576123
869
227576133
869
227576143
869
227576153
869
227576163
869
227576173
869
227576183
869
227576193
869
227576203
869
227576213
869
227576223
869
227576233
869
227576243
869
227576253
869
227576263
869
227576273
869
227576283
869
227576293
869
227576303
869
227576313
869
227576323
869
227576333
869
227576343
869
227576353
869
227576363
869
227576373
869
227576383
869
227576393
869
227576403
869
227576413
869
227576423
869
227576433
869
227576443
869
227576453
869
227576463
869
227576473
869
227576483
869
227576493
869
227576503
869
227576513
869
227576523
869
227576533
869
227576543
869
227576553
869
227576563
869
227576573
869
227576583
869
227576593
869
227576603
869
227576613
869
227576623
869
227576633
869
227576643
869
227576653
869
227576663
869
227576673
869
227576683
869
227576693
869
227576703
869
227576713
869
227576723
869
227576733
869
227576743
869
227576753
869
227576763
869
227576773
869
227576783
869
227576793
869
227576803
869
227576813
869
227576823
869
227576833
869
227576843
869
227576853
869
227576863
869
227576873
869
227576883
869
227576893
869
227576903
869
227576913
869
227576923
869
227576933
869
227576943
869
227576953
869
227576963
869
227576973
869
227576983
869
227576993
869
227577003
869
227577013
869
227577023
869
227577033
869
227577043
869
227577053
869
227577063
869
227577073
869
227577083
869
227577093
869
227577103
869
227577113
869
227577123
869
227577133
869
227577143
869
227577153
869
227577163
869
227577173
869
227577183
869
227577193
869
227577203
869
227577213
869
227577223
869
227577233
869
227577243
869
227577253
869
227577263
869
227577273
869
227577283
869
227577293
869
227577303
869
227577313
869
227577323
869
227577333
869
227577343
869
227577353
869
227577363
869
227577373
869
227577383
869
227577393
869
227577403
869
227577413
869
227577423
869
227577433
869
227577443
869
227577453
869
227577463
869
227577473
869
227577483
869
227577493
869
227577503
869
227577513
869
227577523
869
227577533
869
227577543
869
227577553
869
227577563
869
227577573
869
227577583
869
227577593
869
227577603
869
227577613
869
227577623
869
227577633
869
227577643
869
227577653
869
227577663
869
227577673
869
227577683
869
227577693
869
227577703
869
227577713
869
227577723
869
227577733
869
227577743
869
227577753
869
227577763
869
227577773
869
227577783
869
227577793
869
227577803
869
227577813
869
227577823
869
227577833
869
227577843
869
227577853
869
227590151
869
227590161
869
227590171
869
227590181
869
227590191
869
227590201
869
227590211
869
227590221
869
227590231
869
227590241
869
227590251
869
227590261
869
227590271
869
227590281
869
227590291
869
227590301
869
227590311
869
227590321
869
227590331
869
227590341
869
227590351
869
227590361
869
227590371
869
227590381
869
227590391
869
227590401
869
227590411
869
227590421
869
227590431
869
227590441
869
227590451
869
227590461
869
227590471
869
227590481
869
227590491
869
227590501
869
227590511
869
227590521
869
227590531
869
227590541
869
227590551
869
227590561
869
227590571
869
227590581
869
227590591
869
227590601
869
227590611
869
227590621
869
227590631
869
227590641
869
227590651
869
227590661
869
227590671
869
227590681
869
227590691
869
227590701
869
227590711
869
227590721
869
227590731
869
227590741
869
227590751
869
227590761
869
227590771
869
227590781
869
227590791
869
227590801
869
227590811
869
227590821
869
227590831
869
227590841
869
227590851
869
227590861
869
227590871
869
227590881
869
227590891
869
227590901
869
227590911
869
227590921
869
227590931
869
227590941
869
227590951
869
227590961
869
227590971
869
227590981
869
227590991
869
227591001
869
227591011
869
227591021
869
227591031
869
227591041
869
227591051
869
227591061
869
227591071
869
227591081
869
227591091
869
227591101
869
227591111
869
227591121
869
227591131
869
227591141
869
227591151
869
227591161
869
227591171
869
227591181
869
227591191
869
227591201
869
227591211
869
227591221
869
227591231
869
227591241
869
227591251
869
227591261
869
227591271
869
227591281
869
227591291
869
227591301
869
227591311
869
227591321
869
227591331
869
227591341
869
227591351
869
227591361
869
227591371
869
227591381
869
227591391
869
227591401
869
227591411
869
227591421
869
227591431
869
227591441
869
227591451
869
227591461
869
227591471
869
227591481
869
227591491
869
227591501
869
227591511
869
227591521
869
227591531
869
227591541
869
227591551
869
227591561
869
227591571
869
227591581
869
227591591
869
227591601
869
227591611
869
227591621
869
227591631
869
227591641
869
227591651
869
227591661
869
227591671
869
227591681
869
227591691
869
227591701
869
227591711
869
227591721
869
227591731
869
227591741
869
227591751
869
227591761
869
227591771
869
227591781
869
227591791
869
227591801
869
227591811
869
227591821
869
227591831
869
227591841
869
227591851
869
227591861
869
227591871
869
227591881
869
227591891
869
227591901
869
227591911
869
227591921
869
227591931
869
227591941
869
227591951
869
227591961
869
227591971
869
227591981
869
227591991
869
227592001
869
227592011
869
227592021
869
227592031
869
227592041
869
227592051
869
227592061
869
227592071
869
227592081
869
227592091
869
227592101
869
227592111
869
227592121
869
227592131
869
227592141
869
227592151
869
227592161
869
227592171
869
227592181
869
227592191
869
227592201
869
227592211
869
227592221
869
227592231
869
227592241
869
227592251
869
227592261
869
227592271
869
227592281
869
227592291
869
227592301
869
227592311
869
227592321
869
227592331
869
227592341
869
227592351
869
227592361
869
227592371
869
227592381
869
227592391
869
227592401
869
227592411
869
227592421
869
227592431
869
227592441
869
227592451
869
227592461
869
227592471
869
227592481
869
227592491
869
227592501
869
227592511
869
227592521
869
227592531
869
227592541
869
227592551
869
227592561
869
227592571
869
227592581
869
227592591
869
227592601
869
227592611
869
227592621
869
227592631
869
227592641
869
227592651
869
227592661
869
227592671
869
227592681
869
227592691
869
227592701
869
227592711
869
227592721
869
227592731
869
227592741
869
227592751
869
227592761
869
227592771
869
227592781
869
227592791
869
227592801
869
227592811
869
227592821
869
227592831
869
227592841
869
227592851
869
227592861
869
227592871
869
227592881
869
227592891
869
227592901
869
227592911
869
227592921
869
227592931
869
227592941
869
227592951
869
227592961
869
227592971
869
227592981
869
227592991
869
227593001
869
227593011
869
227593021
869
227593031
869
227593041
869
227593051
869
227593061
869
227593071
869
227593081
869
227593091
869
227593101
869
227593111
869
227593121
869
227593131
869
227593141
869
227593151
869
227593161
869
227593171
869
227593181
869
227593191
869
227593201
869
227593211
869
227593221
869
227593231
869
227593241
869
227593251
869
227593261
869
227593271
869
227593281
869
227593291
869
227593301
869
227593311
869
227593321
869
227593331
869
227593341
869
227593351
869
227593361
869
227593371
869
227593381
869
227593391
869
227593401
869
227593411
869
227593421
869
227593431
869
227593441
869
227593451
869
227593461
869
227593471
869
227593481
869
227593491
869
227593501
869
227593511
869
227593521
869
227593531
869
227593541
869
227593551
869
227593561
869
227593571
869
227593581
869
227593591
869
227593601
869
227593611
869
227593621
869
227593631
869
227593641
869
227593651
869
227593661
869
227593671
869
227593681
869
227593691
869
227593701
869
227593711
869
227593721
869
227593731
869
227593741
869
227593751
869
227593761
869
227593771
869
227593781
869
227593791
869
227593801
869
227593811
869
227593821
869
227593831
869
227593841
869
227593851
869
227593861
869
227593871
869
227593881
869
227593891
869
227593901
869
227593911
869
227593921
869
227593931
869
227593941
869
227593951
869
227593961
869
227593971
869
227593981
869
227593991
869
227594001
869
227594011
869
227594021
869
227594031
869
227594041
869
227594051
869
227594061
869
227594071
869
227594081
869
227594091
869
227594101
869
227594111
869
227594121
869
227594131
869
227594141
869
227594151
869
227594161
869
227594171
869
227594181
869
227594191
869
227594201
869
227594211
869
227594221
869
227594231
869
227680257
869
227680267
869
227680277
869
227680287
869
227680297
869
227680307
869
227680317
869
227680327
869
227680337
869
227680347
869
227680357
869
227680367
869
227680377
869
227680387
869
227680397
869
227680407
869
227680417
869
227680427
869
227680437
869
227680447
869
227680457
869
227680467
869
227680477
869
227680487
869
227680497
869
227680507
869
227680517
869
227680527
869
227680537
869
227680547
869
227680557
869
227680567
869
227680577
869
227680587
869
227680597
869
227680607
869
227680617
869
227680627
869
227680637
869
227680647
869
227680657
869
227680667
869
227680677
869
227680687
869
227680697
869
227680707
869
227680717
869
227680727
869
227680737
869
227680747
869
227680757
869
227680767
869
227680777
869
227680787
869
227680797
869
227680807
869
227680817
869
227680827
869
227680837
869
227680847
869
227680857
869
227680867
869
227680877
869
227680887
869
227680897
869
227680907
869
227680917
869
227680927
869
227680937
869
227680947
869
227680957
869
227680967
869
227680977
869
227680987
869
227680997
869
227681007
869
227681017
869
227681027
869
227681037
869
227681047
869
227681057
869
227681067
869
227681077
869
227681087
869
227681097
869
227681107
869
227681117
869
227681127
869
227681137
869
227681147
869
227681157
869
227681167
869
227681177
869
227681187
869
227681197
869
227681207
869
227681217
869
227681227
869
227681237
869
227681247
869
227681257
869
227681267
869
227681277
869
227681287
869
227681297
869
227681307
869
227681317
869
227681327
869
227681337
869
227681347
869
227681357
869
227681367
869
227681377
869
227681387
869
227681397
869
227681407
869
227681417
869
227681427
869
227681437
869
227681447
869
227681457
869
227681467
869
227681477
869
227681487
869
227681497
869
227681507
869
227681517
869
227681527
869
227681537
869
227681547
869
227681557
869
227681567
869
227681577
869
227681587
869
227681597
869
227681607
869
227681617
869
227681627
869
227681637
869
227681647
869
227681657
869
227681667
869
227681677
869
227681687
869
227681697
869
227681707
869
227681717
869
227681727
869
227681737
869
227681747
869
227681757
869
227681767
869
227681777
869
227681787
869
227681797
869
227681807
869
227681817
869
227681827
869
227681837
869
227681847
869
227681857
869
227681867
869
227681877
869
227681887
869
227681897
869
227681907
869
227681917
869
227681927
869
227681937
869
227681947
869
227681957
869
227681967
869
227681977
869
227681987
869
227681997
869
227682007
869
227682017
869
227682027
869
227682037
869
227682047
869
227682057
869
227682067
869
227682077
869
227682087
869
227682097
869
227682107
869
227682117
869
227682127
869
227682137
869
227682147
869
227682157
869
227682167
869
227682177
869
227682187
869
227682197
869
227682207
869
227682217
869
227682227
869
227682237
869
227682247
869
227682257
869
227682267
869
227682277
869
227682287
869
227682297
869
227682307
869
227682317
869
227682327
869
227682337
869
227682347
869
227682357
869
227682367
869
227682377
869
227682387
869
227682397
869
227682407
869
227682417
869
227682427
869
227682437
869
227682447
869
227682457
869
227682467
869
227682477
869
227682487
869
227682497
869
227682507
869
227682517
869
227682527
869
227682537
869
227682547
869
227682557
869
227682567
869
227682577
869
227682587
869
227682597
869
227682607
869
227682617
869
227682627
869
227682637
869
227682647
869
227682657
869
227682667
869
227682677
869
227682687
869
227682697
869
227682707
869
227682717
869
227682727
869
227682737
869
227682747
869
227682757
869
227682767
869
227682777
869
227682787
869
227682797
869
227682807
869
227682817
869
227682827
869
227682837
869
227682847
869
227682857
869
227682867
869
227682877
869
227682887
869
227682897
869
227682907
869
227682917
869
227682927
869
227682937
869
227682947
869
227682957
869
227682967
869
227682977
869
227682987
869
227682997
869
227683007
869
227683017
869
227683027
869
227683037
869
227683047
869
227683057
869
227683067
869
227683077
869
227683087
869
227683097
869
227683107
869
227683117
869
227683127
869
227683137
869
227683147
869
227683157
869
227683167
869
227683177
869
227683187
869
227683197
869
227683207
869
227683217
869
227683227
869
227683237
869
227683247
869
227683257
869
227683267
869
227683277
869
227683287
869
227683297
869
227683307
869
227683317
869
227683327
869
227683337
869
227683347
869
227683357
869
227683367
869
227683377
869
227683387
869
227683397
869
227683407
869
227683417
869
227683427
869
227683437
869
227683447
869
227683457
869
227683467
869
227683477
869
227683487
869
227683497
869
227683507
869
227683517
869
227683527
869
227683537
869
227683547
869
227683557
869
227683567
869
227683577
869
227683587
869
227683597
869
227683607
869
227683617
869
227683627
869
227683637
869
227683647
869
227683657
869
227683667
869
227683677
869
227683687
869
227683697
869
227683707
869
227683717
869
227683727
869
227683737
869
227683747
869
227683757
869
227683767
869
227683777
869
227683787
869
227683797
869
227683807
869
227683817
869
227683827
869
227683837
869
227683847
869
227683857
869
227683867
869
227683877
869
227683887
869
227683897
869
227683907
869
227683917
869
227683927
869
227683937
869
227683947
869
227683957
869
227683967
869
227683977
869
227683987
869
227683997
869
227684007
869
227684017
869
227684027
869
227684037
869
227684047
869
227684057
869
227684067
869
227684077
869
227684087
869
227684097
869
227684107
869
227684117
869
227684127
869
227684137
869
227684147
869
227684157
869
227684167
869
227684177
869
227684187
869
227684197
869
227684207
869
227684217
869
227684227
869
227684237
869
227684247
869
227684257
869
227684267
869
227684277
869
227684287
869
227684297
869
227684307
869
227684317
869
227684327
869
227684337
869
227684347
869
227733509
869
227733519
869
227733529
869
227733539
869
227733549
869
227733559
869
227733569
869
227733579
869
227733589
869
227733599
869
227733609
869
227733619
869
227733629
869
227733639
869
227733649
869
227733659
869
227733669
869
227733679
869
227733689
869
227733699
869
227733709
869
227733719
869
227733729
869
227733739
869
227733749
869
227733759
869
227733769
869
227733779
869
227733789
869
227733799
869
227733809
869
227733819
869
227733829
869
227733839
869
227733849
869
227733859
869
227733869
869
227733879
869
227733889
869
227733899
869
227733909
869
227733919
869
227733929
869
227733939
869
227733949
869
227733959
869
227733969
869
227733979
869
227733989
869
227733999
869
227734009
869
227734019
869
227734029
869
227734039
869
227734049
869
227734059
869
227734069
869
227734079
869
227734089
869
227734099
869
227734109
869
227734119
869
227734129
869
227734139
869
227734149
869
227734159
869
227734169
869
227734179
869
227734189
869
227734199
869
227734209
869
227734219
869
227734229
869
227734239
869
227734249
869
227734259
869
227734269
869
227734279
869
227734289
869
227734299
869
227734309
869
227734319
869
227734329
869
227734339
869
227734349
869
227734359
869
227734369
869
227734379
869
227734389
869
227734399
869
227734409
869
227734419
869
227734429
869
227734439
869
227734449
869
227734459
869
227734469
869
227734479
869
227734489
869
227734499
869
227734509
869
227734519
869
227734529
869
227734539
869
227734549
869
227734559
869
227734569
869
227734579
869
227734589
869
227734599
869
227734609
869
227734619
869
227734629
869
227734639
869
227734649
869
227734659
869
227734669
869
227734679
869
227734689
869
227734699
869
227734709
869
227734719
869
227734729
869
227734739
869
227734749
869
227734759
869
227734769
869
227734779
869
227734789
869
227734799
869
227734809
869
227734819
869
227734829
869
227734839
869
227734849
869
227734859
869
227734869
869
227734879
869
227734889
869
227734899
869
227734909
869
227734919
869
227734929
869
227734939
869
227734949
869
227734959
869
227734969
869
227734979
869
227734989
869
227734999
869
227735009
869
227735019
869
227735029
869
227735039
869
227735049
869
227735059
869
227735069
869
227735079
869
227735089
869
227735099
869
227735109
869
227735119
869
227735129
869
227735139
869
227735149
869
227735159
869
227735169
869
227735179
869
227735189
869
227735199
869
227735209
869
227735219
869
227735229
869
227735239
869
227735249
869
227735259
869
227735269
869
227735279
869
227735289
869
227735299
869
227735309
869
227735319
869
227735329
869
227735339
869
227735349
869
227735359
869
227735369
869
227735379
869
227735389
869
227735399
869
227735409
869
227735419
869
227735429
869
227735439
869
227735449
869
227735459
869
227735469
869
227735479
869
227735489
869
227735499
869
227735509
869
227735519
869
227735529
869
227735539
869
227735549
869
227735559
869
227735569
869
227735579
869
227735589
869
227735599
869
227735609
869
227735619
869
227735629
869
227735639
869
227735649
869
227735659
869
227735669
869
227735679
869
227735689
869
227735699
869
227735709
869
227735719
869
227735729
869
227735739
869
227735749
869
227735759
869
227735769
869
227735779
869
227735789
869
227735799
869
227735809
869
227735819
869
227735829
869
227735839
869
227735849
869
227735859
869
227735869
869
227735879
869
227735889
869
227735899
869
227735909
869
227735919
869
227735929
869
227735939
869
227735949
869
227735959
869
227735969
869
227735979
869
227735989
869
227735999
869
227736009
869
227736019
869
227736029
869
227736039
869
227736049
869
227736059
869
227736069
869
227736079
869
227736089
869
227736099
869
227736109
869
227736119
869
227736129
869
227736139
869
227736149
869
227736159
869
227736169
869
227736179
869
227736189
869
227736199
869
227736209
869
227736219
869
227736229
869
227736239
869
227736249
869
227736259
869
227736269
869
227736279
869
227736289
869
227736299
869
227736309
869
227736319
869
227736329
869
227736339
869
227736349
869
227736359
869
227736369
869
227736379
869
227736389
869
227736399
869
227736409
869
227736419
869
227736429
869
227736439
869
227736449
869
227736459
869
227736469
869
227736479
869
227736489
869
227736499
869
227736509
869
227736519
869
227736529
869
227736539
869
227736549
869
227736559
869
227736569
869
227736579
869
227736589
869
227736599
869
227736609
869
227736619
869
227736629
869
227736639
869
227736649
869
227736659
869
227736669
869
227736679
869
227736689
869
227736699
869
227736709
869
227736719
869
227736729
869
227736739
869
227736749
869
227736759
869
227736769
869
227736779
869
227736789
869
227736799
869
227736809
869
227736819
869
227736829
869
227736839
869
227736849
869
227736859
869
227736869
869
227736879
869
227736889
869
227736899
869
227736909
869
227736919
869
227736929
869
227736939
869
227736949
869
227736959
869
227736969
869
227736979
869
227736989
869
227736999
869
227737009
869
227737019
869
227737029
869
227737039
869
227737049
869
227737059
869
227737069
869
227737079
869
227737089
869
227737099
869
227737109
869
227737119
869
227737129
869
227737139
869
227737149
869
227737159
869
227737169
869
227737179
869
227737189
869
227737199
869
227737209
869
227737219
869
227737229
869
227737239
869
227737249
869
227737259
869
227737269
869
227737279
869
227737289
869
227737299
869
227737309
869
227737319
869
227737329
869
227737339
869
227737349
869
227737359
869
227737369
869
227737379
869
227737389
869
227737399
869
227737409
869
227737419
869
227737429
869
227737439
869
227737449
869
227737459
869
227737469
869
227737479
869
227737489
869
227737499
869
227737509
869
227737519
869
227737529
869
227737539
869
227737549
869
227737559
869
227737569
869
227737579
869
227737589
869
227737599
869
227782659
869
227782669
869
227782679
869
227782689
869
227782699
869
227782709
869
227782719
869
227782729
869
227782739
869
227782749
869
227782759
869
227782769
869
227782779
869
227782789
869
227782799
869
227782809
869
227782819
869
227782829
869
227782839
869
227782849
869
227782859
869
227782869
869
227782879
869
227782889
869
227782899
869
227782909
869
227782919
869
227782929
869
227782939
869
227782949
869
227782959
869
227782969
869
227782979
869
227782989
869
227782999
869
227783009
869
227783019
869
227783029
869
227783039
869
227783049
869
227783059
869
227783069
869
227783079
869
227783089
869
227783099
869
227783109
869
227783119
869
227783129
869
227783139
869
227783149
869
227783159
869
227783169
869
227783179
869
227783189
869
227783199
869
227783209
869
227783219
869
227783229
869
227783239
869
227783249
869
227783259
869
227783269
869
227783279
869
227783289
869
227783299
869
227783309
869
227783319
869
227783329
869
227783339
869
227783349
869
227783359
869
227783369
869
227783379
869
227783389
869
227783399
869
227783409
869
227783419
869
227783429
869
227783439
869
227783449
869
227783459
869
227783469
869
227783479
869
227783489
869
227783499
869
227783509
869
227783519
869
227783529
869
227783539
869
227783549
869
227783559
869
227783569
869
227783579
869
227783589
869
227783599
869
227783609
869
227783619
869
227783629
869
227783639
869
227783649
869
227783659
869
227783669
869
227783679
869
227783689
869
227783699
869
227783709
869
227783719
869
227783729
869
227783739
869
227783749
869
227783759
869
227783769
869
227783779
869
227783789
869
227783799
869
227783809
869
227783819
869
227783829
869
227783839
869
227783849
869
227783859
869
227783869
869
227783879
869
227783889
869
227783899
869
227783909
869
227783919
869
227783929
869
227783939
869
227783949
869
227783959
869
227783969
869
227783979
869
227783989
869
227783999
869
227784009
869
227784019
869
227784029
869
227784039
869
227784049
869
227784059
869
227784069
869
227784079
869
227784089
869
227784099
869
227784109
869
227784119
869
227784129
869
227784139
869
227784149
869
227784159
869
227784169
869
227784179
869
227784189
869
227784199
869
227784209
869
227784219
869
227784229
869
227784239
869
227784249
869
227784259
869
227784269
869
227784279
869
227784289
869
227784299
869
227784309
869
227784319
869
227784329
869
227784339
869
227784349
869
227784359
869
227784369
869
227784379
869
227784389
869
227784399
869
227784409
869
227784419
869
227784429
869
227784439
869
227784449
869
227784459
869
227784469
869
227784479
869
227784489
869
227784499
869
227784509
869
227784519
869
227784529
869
227784539
869
227784549
869
227784559
869
227784569
869
227784579
869
227784589
869
227784599
869
227784609
869
227784619
869
227784629
869
227784639
869
227784649
869
227784659
869
227784669
869
227784679
869
227784689
869
227784699
869
227784709
869
227784719
869
227784729
869
227784739
869
227784749
869
227784759
869
227784769
869
227784779
869
227784789
869
227784799
869
227784809
869
227784819
869
227784829
869
227784839
869
227784849
869
227784859
869
227784869
869
227784879
869
227784889
869
227784899
869
227784909
869
227784919
869
227784929
869
227784939
869
227784949
869
227784959
869
227784969
869
227784979
869
227784989
869
227784999
869
227785009
869
227785019
869
227785029
869
227785039
869
227785049
869
227785059
869
227785069
869
227785079
869
227785089
869
227785099
869
227785109
869
227785119
869
227785129
869
227785139
869
227785149
869
227785159
869
227785169
869
227785179
869
227785189
869
227785199
869
227785209
869
227785219
869
227785229
869
227785239
869
227785249
869
227785259
869
227785269
869
227785279
869
227785289
869
227785299
869
227785309
869
227785319
869
227785329
869
227785339
869
227785349
869
227785359
869
227785369
869
227785379
869
227785389
869
227785399
869
227785409
869
227785419
869
227785429
869
227785439
869
227785449
869
227785459
869
227785469
869
227785479
869
227785489
869
227785499
869
227785509
869
227785519
869
227785529
869
227785539
869
227785549
869
227785559
869
227785569
869
227785579
869
227785589
869
227785599
869
227785609
869
227785619
869
227785629
869
227785639
869
227785649
869
227785659
869
227785669
869
227785679
869
227785689
869
227785699
869
227785709
869
227785719
869
227785729
869
227785739
869
227785749
869
227785759
869
227785769
869
227785779
869
227785789
869
227785799
869
227785809
869
227785819
869
227785829
869
227785839
869
227785849
869
227785859
869
227785869
869
227785879
869
227785889
869
227785899
869
227785909
869
227785919
869
227785929
869
227785939
869
227785949
869
227785959
869
227785969
869
227785979
869
227785989
869
227785999
869
227786009
869
227786019
869
227786029
869
227786039
869
227786049
869
227786059
869
227786069
869
227786079
869
227786089
869
227786099
869
227786109
869
227786119
869
227786129
869
227786139
869
227786149
869
227786159
869
227786169
869
227786179
869
227786189
869
227786199
869
227786209
869
227786219
869
227786229
869
227786239
869
227786249
869
227786259
869
227786269
869
227786279
869
227786289
869
227786299
869
227786309
869
227786319
869
227786329
869
227786339
869
227786349
869
227786359
869
227786369
869
227786379
869
227786389
869
227786399
869
227786409
869
227786419
869
227786429
869
227786439
869
227786449
869
227786459
869
227786469
869
227786479
869
227786489
869
227786499
869
227786509
869
227786519
869
227786529
869
227786539
869
227786549
869
227786559
869
227786569
869
227786579
869
227786589
869
227786599
869
227786609
869
227786619
869
227786629
869
227786639
869
227786649
869
227786659
869
227786669
869
227786679
869
227786689
869
227786699
869
227786709
869
227786719
869
227786729
869
227786739
869
227786749
869
227667977
869
227667987
869
227667997
869
227668007
869
227668017
869
227668027
869
227668037
869
227668047
869
227668057
869
227668067
869
227668077
869
227668087
869
227668097
869
227668107
869
227668117
869
227668127
869
227668137
869
227668147
869
227668157
869
227668167
869
227668177
869
227668187
869
227668197
869
227668207
869
227668217
869
227668227
869
227668237
869
227668247
869
227668257
869
227668267
869
227668277
869
227668287
869
227668297
869
227668307
869
227668317
869
227668327
869
227668337
869
227668347
869
227668357
869
227668367
869
227668377
869
227668387
869
227668397
869
227668407
869
227668417
869
227668427
869
227668437
869
227668447
869
227668457
869
227668467
869
227668477
869
227668487
869
227668497
869
227668507
869
227668517
869
227668527
869
227668537
869
227668547
869
227668557
869
227668567
869
227668577
869
227668587
869
227668597
869
227668607
869
227668617
869
227668627
869
227668637
869
227668647
869
227668657
869
227668667
869
227668677
869
227668687
869
227668697
869
227668707
869
227668717
869
227668727
869
227668737
869
227668747
869
227668757
869
227668767
869
227668777
869
227668787
869
227668797
869
227668807
869
227668817
869
227668827
869
227668837
869
227668847
869
227668857
869
227668867
869
227668877
869
227668887
869
227668897
869
227668907
869
227668917
869
227668927
869
227668937
869
227668947
869
227668957
869
227668967
869
227668977
869
227668987
869
227668997
869
227669007
869
227669017
869
227669027
869
227669037
869
227669047
869
227669057
869
227669067
869
227669077
869
227669087
869
227669097
869
227669107
869
227669117
869
227669127
869
227669137
869
227669147
869
227669157
869
227669167
869
227669177
869
227669187
869
227669197
869
227669207
869
227669217
869
227669227
869
227669237
869
227669247
869
227669257
869
227669267
869
227669277
869
227669287
869
227669297
869
227669307
869
227669317
869
227669327
869
227669337
869
227669347
869
227669357
869
227669367
869
227669377
869
227669387
869
227669397
869
227669407
869
227669417
869
227669427
869
227669437
869
227669447
869
227669457
869
227669467
869
227669477
869
227669487
869
227669497
869
227669507
869
227669517
869
227669527
869
227669537
869
227669547
869
227669557
869
227669567
869
227669577
869
227669587
869
227669597
869
227669607
869
227669617
869
227669627
869
227669637
869
227669647
869
227669657
869
227669667
869
227669677
869
227669687
869
227669697
869
227669707
869
227669717
869
227669727
869
227669737
869
227669747
869
227669757
869
227669767
869
227669777
869
227669787
869
227669797
869
227669807
869
227669817
869
227669827
869
227669837
869
227669847
869
227669857
869
227669867
869
227669877
869
227669887
869
227669897
869
227669907
869
227669917
869
227669927
869
227669937
869
227669947
869
227669957
869
227669967
869
227669977
869
227669987
869
227669997
869
227670007
869
227670017
869
227670027
869
227670037
869
227670047
869
227670057
869
227670067
869
227670077
869
227670087
869
227670097
869
227670107
869
227670117
869
227670127
869
227670137
869
227670147
869
227670157
869
227670167
869
227670177
869
227670187
869
227670197
869
227670207
869
227670217
869
227670227
869
227670237
869
227670247
869
227670257
869
227670267
869
227670277
869
227670287
869
227670297
869
227670307
869
227670317
869
227670327
869
227670337
869
227670347
869
227670357
869
227670367
869
227670377
869
227670387
869
227670397
869
227670407
869
227670417
869
227670427
869
227670437
869
227670447
869
227670457
869
227670467
869
227670477
869
227670487
869
227670497
869
227670507
869
227670517
869
227670527
869
227670537
869
227670547
869
227670557
869
227670567
869
227670577
869
227670587
869
227670597
869
227670607
869
227670617
869
227670627
869
227670637
869
227670647
869
227670657
869
227670667
869
227670677
869
227670687
869
227670697
869
227670707
869
227670717
869
227670727
869
227670737
869
227670747
869
227670757
869
227670767
869
227670777
869
227670787
869
227670797
869
227670807
869
227670817
869
227670827
869
227670837
869
227670847
869
227670857
869
227670867
869
227670877
869
227670887
869
227670897
869
227670907
869
227670917
869
227670927
869
227670937
869
227670947
869
227670957
869
227670967
869
227670977
869
227670987
869
227670997
869
227671007
869
227671017
869
227671027
869
227671037
869
227671047
869
227671057
869
227671067
869
227671077
869
227671087
869
227671097
869
227671107
869
227671117
869
227671127
869
227671137
869
227671147
869
227671157
869
227671177
869
227671167
869
227671187
869
227671197
869
227671207
869
227671217
869
227671227
869
227671247
869
227671237
869
227671257
869
227671267
869
227671277
869
227671287
869
227671297
869
227671307
869
227671317
869
227671327
869
227671337
869
227671347
869
227671357
869
227671367
869
227671377
869
227671387
869
227671397
869
227671407
869
227671417
869
227671427
869
227671437
869
227671447
869
227671457
869
227671467
869
227671477
869
227671487
869
227671497
869
227671507
869
227671517
869
227671527
869
227671537
869
227671547
869
227671557
869
227671567
869
227671577
869
227671587
869
227671597
869
227671607
869
227671617
869
227671627
869
227671637
869
227671647
869
227671657
869
227671667
869
227671677
869
227671687
869
227671698
869
227671707
869
227671717
869
227671727
869
227671737
869
227671747
869
227671757
869
227671767
869
227671777
869
227671787
869
227671797
869
227671807
869
227671817
869
227671827
869
227671837
869
227671847
869
227671857
869
227671867
869
227671877
869
227671887
869
227671897
869
227671907
869
227671917
869
227671927
869
227671937
869
227671947
869
227671957
869
227671967
869
227671977
869
227671987
869
227671997
869
227672007
869
227672017
869
227672027
869
227672037
869
227672047
869
227672057
869
227618825
869
227618835
869
227618845
869
227618855
869
227618865
869
227618875
869
227618885
869
227618895
869
227618905
869
227618915
869
227618925
869
227618935
869
227618945
869
227618955
869
227618965
869
227618975
869
227618985
869
227618995
869
227619005
869
227619015
869
227619025
869
227619035
869
227619045
869
227619055
869
227619065
869
227619075
869
227619085
869
227619095
869
227619105
869
227619115
869
227619125
869
227619135
869
227619145
869
227619155
869
227619165
869
227619175
869
227619185
869
227619195
869
227619205
869
227619215
869
227619225
869
227619235
869
227619245
869
227619255
869
227619265
869
227619275
869
227619285
869
227619295
869
227619305
869
227619315
869
227619325
869
227619335
869
227619345
869
227619355
869
227619365
869
227619375
869
227619385
869
227619395
869
227619405
869
227619415
869
227619425
869
227619435
869
227619445
869
227619455
869
227619465
869
227619475
869
227619485
869
227619495
869
227619505
869
227619515
869
227619525
869
227619535
869
227619545
869
227619555
869
227619565
869
227619575
869
227619585
869
227619595
869
227619605
869
227619615
869
227619625
869
227619635
869
227619645
869
227619655
869
227619665
869
227619675
869
227619685
869
227619695
869
227619705
869
227619715
869
227619725
869
227619735
869
227619745
869
227619755
869
227619765
869
227619775
869
227619785
869
227619795
869
227619805
869
227619815
869
227619825
869
227619835
869
227619845
869
227619855
869
227619865
869
227619875
869
227619885
869
227619895
869
227619905
869
227619915
869
227619925
869
227619935
869
227619945
869
227619955
869
227619965
869
227619975
869
227619985
869
227619995
869
227620005
869
227620015
869
227620025
869
227620035
869
227620045
869
227620055
869
227620065
869
227620075
869
227620085
869
227620095
869
227620105
869
227620115
869
227620125
869
227620135
869
227620145
869
227620155
869
227620165
869
227620175
869
227620185
869
227620195
869
227620205
869
227620215
869
227620225
869
227620235
869
227620245
869
227620255
869
227620265
869
227620275
869
227620285
869
227620295
869
227620305
869
227620315
869
227620325
869
227620335
869
227620345
869
227620355
869
227620365
869
227620375
869
227620385
869
227620395
869
227620405
869
227620415
869
227620425
869
227620435
869
227620445
869
227620455
869
227620465
869
227620475
869
227620485
869
227620495
869
227620505
869
227620515
869
227620525
869
227620535
869
227620545
869
227620555
869
227620565
869
227620575
869
227620585
869
227620595
869
227620605
869
227620615
869
227620625
869
227620635
869
227620645
869
227620655
869
227620665
869
227620675
869
227620685
869
227620695
869
227620705
869
227620715
869
227620725
869
227620735
869
227620745
869
227620755
869
227620765
869
227620775
869
227620785
869
227620795
869
227620805
869
227620815
869
227620825
869
227620835
869
227620845
869
227620855
869
227620865
869
227620875
869
227620885
869
227620895
869
227620905
869
227620915
869
227620925
869
227620935
869
227620945
869
227620955
869
227620965
869
227620975
869
227620985
869
227620995
869
227621005
869
227621015
869
227621025
869
227621035
869
227621045
869
227621055
869
227621065
869
227621075
869
227621085
869
227621095
869
227621105
869
227621115
869
227621125
869
227621135
869
227621145
869
227621155
869
227621165
869
227621175
869
227621185
869
227621195
869
227621205
869
227621215
869
227621225
869
227621235
869
227621245
869
227621255
869
227621265
869
227621275
869
227621285
869
227621295
869
227621305
869
227621315
869
227621325
869
227621335
869
227621345
869
227621355
869
227621365
869
227621375
869
227621385
869
227621395
869
227621405
869
227621415
869
227621425
869
227621435
869
227621445
869
227621455
869
227621465
869
227621475
869
227621485
869
227621495
869
227621505
869
227621515
869
227621525
869
227621535
869
227621545
869
227621555
869
227621565
869
227621575
869
227621585
869
227621595
869
227621605
869
227621615
869
227621625
869
227621635
869
227621645
869
227621655
869
227621665
869
227621675
869
227621685
869
227621695
869
227621705
869
227621715
869
227621725
869
227621735
869
227621745
869
227621755
869
227621765
869
227621775
869
227621785
869
227621795
869
227621805
869
227621815
869
227621825
869
227621835
869
227621845
869
227621855
869
227621865
869
227621875
869
227621885
869
227621895
869
227621905
869
227621915
869
227621925
869
227621935
869
227621945
869
227621955
869
227621965
869
227621975
869
227621985
869
227621995
869
227622005
869
227622015
869
227622025
869
227622035
869
227622045
869
227622055
869
227622065
869
227622075
869
227622085
869
227622095
869
227622105
869
227622115
869
227622125
869
227622135
869
227622145
869
227622155
869
227622165
869
227622175
869
227622185
869
227622195
869
227622205
869
227622215
869
227622225
869
227622235
869
227622245
869
227622255
869
227622265
869
227622275
869
227622285
869
227622295
869
227622305
869
227622315
869
227622325
869
227622335
869
227622345
869
227622355
869
227622365
869
227622375
869
227622385
869
227622395
869
227622405
869
227622415
869
227622425
869
227622435
869
227622445
869
227622455
869
227622465
869
227622475
869
227622485
869
227622495
869
227622505
869
227622515
869
227622525
869
227622535
869
227622545
869
227622555
869
227622565
869
227622575
869
227622585
869
227622595
869
227622605
869
227622615
869
227622625
869
227622635
869
227622645
869
227622655
869
227622665
869
227622675
869
227622685
869
227622695
869
227622705
869
227622715
869
227622725
869
227622735
869
227622745
869
227622755
869
227622765
869
227622775
869
227622785
869
227622795
869
227622805
869
227622815
869
227622825
869
227622835
869
227622845
869
227622855
869
227622865
869
227622875
869
227622885
869
227622895
869
227622905
869
227676161
869
227676171
869
227676181
869
227676191
869
227676201
869
227676211
869
227676221
869
227676231
869
227676241
869
227676251
869
227676261
869
227676271
869
227676281
869
227676291
869
227676301
869
227676311
869
227676321
869
227676331
869
227676341
869
227676351
869
227676361
869
227676371
869
227676381
869
227676391
869
227676401
869
227676411
869
227676421
869
227676431
869
227676441
869
227676451
869
227676461
869
227676471
869
227676481
869
227676491
869
227676501
869
227676511
869
227676521
869
227676531
869
227676541
869
227676551
869
227676561
869
227676571
869
227676581
869
227676591
869
227676601
869
227676611
869
227676621
869
227676631
869
227676641
869
227676651
869
227676661
869
227676671
869
227676681
869
227676691
869
227676701
869
227676711
869
227676721
869
227676731
869
227676741
869
227676751
869
227676761
869
227676771
869
227676781
869
227676791
869
227676801
869
227676811
869
227676821
869
227676831
869
227676841
869
227676851
869
227676861
869
227676871
869
227676881
869
227676891
869
227676901
869
227676911
869
227676921
869
227676931
869
227676941
869
227676951
869
227676961
869
227676971
869
227676981
869
227676991
869
227677001
869
227677011
869
227677021
869
227677031
869
227677041
869
227677051
869
227677061
869
227677071
869
227677081
869
227677091
869
227677101
869
227677111
869
227677121
869
227677131
869
227677141
869
227677151
869
227677161
869
227677171
869
227677181
869
227677191
869
227677201
869
227677211
869
227677221
869
227677231
869
227677241
869
227677251
869
227677261
869
227677271
869
227677281
869
227677291
869
227677301
869
227677311
869
227677321
869
227677331
869
227677341
869
227677351
869
227677361
869
227677371
869
227677381
869
227677391
869
227677401
869
227677411
869
227677421
869
227677431
869
227677441
869
227677451
869
227677461
869
227677471
869
227677481
869
227677491
869
227677501
869
227677511
869
227677521
869
227677531
869
227677541
869
227677551
869
227677561
869
227677571
869
227677581
869
227677591
869
227677601
869
227677611
869
227677621
869
227677631
869
227677641
869
227677651
869
227677661
869
227677671
869
227677681
869
227677691
869
227677701
869
227677711
869
227677721
869
227677731
869
227677741
869
227677751
869
227677761
869
227677771
869
227677781
869
227677791
869
227677801
869
227677811
869
227677821
869
227677831
869
227677841
869
227677851
869
227677861
869
227677871
869
227677881
869
227677891
869
227677901
869
227677911
869
227677921
869
227677931
869
227677941
869
227677951
869
227677961
869
227677971
869
227677981
869
227677991
869
227678001
869
227678011
869
227678021
869
227678031
869
227678041
869
227678051
869
227678061
869
227678071
869
227678081
869
227678091
869
227678101
869
227678111
869
227678121
869
227678131
869
227678141
869
227678151
869
227678161
869
227678171
869
227678181
869
227678191
869
227678201
869
227678211
869
227678221
869
227678231
869
227678241
869
227678251
869
227678261
869
227678271
869
227678281
869
227678291
869
227678301
869
227678311
869
227678321
869
227678331
869
227678341
869
227678351
869
227678361
869
227678371
869
227678381
869
227678391
869
227678401
869
227678411
869
227678421
869
227678431
869
227678441
869
227678451
869
227678461
869
227678471
869
227678481
869
227678491
869
227678501
869
227678511
869
227678521
869
227678531
869
227678541
869
227678551
869
227678561
869
227678571
869
227678581
869
227678591
869
227678601
869
227678611
869
227678621
869
227678631
869
227678641
869
227678651
869
227678661
869
227678671
869
227678681
869
227678691
869
227678701
869
227678711
869
227678721
869
227678731
869
227678741
869
227678751
869
227678761
869
227678771
869
227678781
869
227678791
869
227678801
869
227678811
869
227678821
869
227678831
869
227678841
869
227678851
869
227678861
869
227678871
869
227678881
869
227678891
869
227678901
869
227678911
869
227678921
869
227678931
869
227678941
869
227678951
869
227678961
869
227678971
869
227678981
869
227678991
869
227679001
869
227679011
869
227679021
869
227679031
869
227679041
869
227679051
869
227679061
869
227679071
869
227679081
869
227679091
869
227679101
869
227679111
869
227679121
869
227679131
869
227679141
869
227679151
869
227679161
869
227679171
869
227679181
869
227679191
869
227679201
869
227679211
869
227679221
869
227679231
869
227679241
869
227679251
869
227679261
869
227679271
869
227679281
869
227679291
869
227679301
869
227679311
869
227679321
869
227679331
869
227679341
869
227679351
869
227679361
869
227679371
869
227679381
869
227679391
869
227679401
869
227679411
869
227679421
869
227679431
869
227679441
869
227679451
869
227679461
869
227679471
869
227679481
869
227679491
869
227679501
869
227679511
869
227679521
869
227679531
869
227679541
869
227679551
869
227679561
869
227679571
869
227679581
869
227679591
869
227679601
869
227679611
869
227679621
869
227679631
869
227679641
869
227679651
869
227679661
869
227679671
869
227679681
869
227679691
869
227679701
869
227679711
869
227679721
869
227679731
869
227679741
869
227679751
869
227679761
869
227679771
869
227679781
869
227679791
869
227679801
869
227679811
869
227679821
869
227679831
869
227679841
869
227679851
869
227679861
869
227679871
869
227679881
869
227679891
869
227679901
869
227679911
869
227679921
869
227679931
869
227679941
869
227679951
869
227679961
869
227679971
869
227679981
869
227679991
869
227680001
869
227680011
869
227680021
869
227680031
869
227680041
869
227680051
869
227680061
869
227680071
869
227680081
869
227680091
869
227680101
869
227680111
869
227680121
869
227680131
869
227680141
869
227680151
869
227680161
869
227680171
869
227680181
869
227680191
869
227680201
869
227680211
869
227680221
869
227680231
869
227680241
869
227680251
869
227753989
869
227753999
869
227754009
869
227754019
869
227754029
869
227754039
869
227754049
869
227754059
869
227754069
869
227754079
869
227754089
869
227754099
869
227754109
869
227754119
869
227754129
869
227754139
869
227754149
869
227754159
869
227754169
869
227754179
869
227754189
869
227754199
869
227754209
869
227754219
869
227754229
869
227754239
869
227754249
869
227754259
869
227754269
869
227754279
869
227754289
869
227754299
869
227754309
869
227754319
869
227754329
869
227754339
869
227754349
869
227754359
869
227754369
869
227754379
869
227754389
869
227754399
869
227754409
869
227754419
869
227754429
869
227754439
869
227754449
869
227754459
869
227754469
869
227754479
869
227754489
869
227754499
869
227754509
869
227754519
869
227754529
869
227754539
869
227754549
869
227754559
869
227754569
869
227754579
869
227754589
869
227754599
869
227754609
869
227754619
869
227754629
869
227754639
869
227754649
869
227754659
869
227754669
869
227754679
869
227754689
869
227754699
869
227754709
869
227754719
869
227754729
869
227754739
869
227754749
869
227754759
869
227754769
869
227754779
869
227754789
869
227754799
869
227754809
869
227754819
869
227754829
869
227754839
869
227754849
869
227754859
869
227754869
869
227754879
869
227754889
869
227754899
869
227754909
869
227754919
869
227754929
869
227754939
869
227754949
869
227754959
869
227754969
869
227754979
869
227754989
869
227754999
869
227755009
869
227755019
869
227755029
869
227755039
869
227755049
869
227755059
869
227755069
869
227755079
869
227755089
869
227755099
869
227755109
869
227755119
869
227755129
869
227755139
869
227755149
869
227755159
869
227755169
869
227755179
869
227755189
869
227755199
869
227755209
869
227755219
869
227755229
869
227755239
869
227755249
869
227755259
869
227755269
869
227755279
869
227755289
869
227755299
869
227755309
869
227755319
869
227755329
869
227755339
869
227755349
869
227755359
869
227755369
869
227755379
869
227755389
869
227755399
869
227755409
869
227755419
869
227755429
869
227755439
869
227755449
869
227755459
869
227755469
869
227755479
869
227755489
869
227755499
869
227755509
869
227755519
869
227755529
869
227755539
869
227755549
869
227755559
869
227755569
869
227755579
869
227755589
869
227755599
869
227755609
869
227755619
869
227755629
869
227755639
869
227755649
869
227755659
869
227755669
869
227755679
869
227755689
869
227755699
869
227755709
869
227755719
869
227755729
869
227755739
869
227755749
869
227755759
869
227755769
869
227755779
869
227755789
869
227755799
869
227755809
869
227755819
869
227755829
869
227755839
869
227755849
869
227755859
869
227755869
869
227755879
869
227755889
869
227755899
869
227755909
869
227755919
869
227755929
869
227755939
869
227755949
869
227755959
869
227755969
869
227755979
869
227755989
869
227755999
869
227756009
869
227756019
869
227756029
869
227756039
869
227756049
869
227756059
869
227756069
869
227756079
869
227756089
869
227756099
869
227756109
869
227756119
869
227756129
869
227756139
869
227756149
869
227756159
869
227756169
869
227756179
869
227756189
869
227756199
869
227756209
869
227756219
869
227756229
869
227756239
869
227756249
869
227756259
869
227756269
869
227756279
869
227756289
869
227756299
869
227756309
869
227756319
869
227756329
869
227756339
869
227756349
869
227756359
869
227756369
869
227756379
869
227756389
869
227756399
869
227756409
869
227756419
869
227756429
869
227756439
869
227756449
869
227756459
869
227756469
869
227756479
869
227756489
869
227756499
869
227756509
869
227756519
869
227756529
869
227756539
869
227756549
869
227756559
869
227756569
869
227756579
869
227756589
869
227756599
869
227756609
869
227756619
869
227756629
869
227756639
869
227756649
869
227756659
869
227756669
869
227756679
869
227756689
869
227756699
869
227756709
869
227756719
869
227756729
869
227756739
869
227756749
869
227756759
869
227756769
869
227756779
869
227756789
869
227756799
869
227756809
869
227756819
869
227756829
869
227756839
869
227756849
869
227756859
869
227756869
869
227756879
869
227756889
869
227756899
869
227756909
869
227756919
869
227756929
869
227756939
869
227756949
869
227756959
869
227756969
869
227756979
869
227756989
869
227756999
869
227757009
869
227757019
869
227757029
869
227757039
869
227757049
869
227757059
869
227757069
869
227757079
869
227757089
869
227757099
869
227757109
869
227757119
869
227757129
869
227757139
869
227757149
869
227757159
869
227757169
869
227757179
869
227757189
869
227757199
869
227757209
869
227757219
869
227757229
869
227757239
869
227757249
869
227757259
869
227757269
869
227757279
869
227757289
869
227757299
869
227757309
869
227757319
869
227757329
869
227757339
869
227757349
869
227757359
869
227757369
869
227757379
869
227757389
869
227757399
869
227757409
869
227757419
869
227757429
869
227757439
869
227757449
869
227757459
869
227757469
869
227757479
869
227757489
869
227757499
869
227757509
869
227757519
869
227757529
869
227757539
869
227757549
869
227757559
869
227757569
869
227757579
869
227757589
869
227757599
869
227757609
869
227757619
869
227757629
869
227757639
869
227757649
869
227757659
869
227757669
869
227757679
869
227757689
869
227757699
869
227757709
869
227757719
869
227757729
869
227757739
869
227757749
869
227757759
869
227757769
869
227757779
869
227757789
869
227757799
869
227757809
869
227757819
869
227757829
869
227757839
869
227757849
869
227757859
869
227757869
869
227757879
869
227757889
869
227757899
869
227757909
869
227757919
869
227757929
869
227757939
869
227757949
869
227757959
869
227757969
869
227757979
869
227757989
869
227757999
869
227758009
869
227758019
869
227758029
869
227758039
869
227758049
869
227758059
869
227758069
869
227758079
869
227586051
869
227586061
869
227586071
869
227586081
869
227586091
869
227586101
869
227586111
869
227586121
869
227586131
869
227586141
869
227586151
869
227586161
869
227586171
869
227586181
869
227586191
869
227586201
869
227586211
869
227586221
869
227586231
869
227586241
869
227586251
869
227586261
869
227586271
869
227586281
869
227586291
869
227586301
869
227586311
869
227586321
869
227586331
869
227586341
869
227586351
869
227586361
869
227586371
869
227586381
869
227586391
869
227586401
869
227586411
869
227586421
869
227586431
869
227586441
869
227586451
869
227586461
869
227586471
869
227586481
869
227586491
869
227586501
869
227586511
869
227586521
869
227586531
869
227586541
869
227586551
869
227586561
869
227586571
869
227586581
869
227586591
869
227586601
869
227586611
869
227586621
869
227586631
869
227586641
869
227586651
869
227586661
869
227586671
869
227586681
869
227586691
869
227586701
869
227586711
869
227586721
869
227586731
869
227586741
869
227586751
869
227586761
869
227586771
869
227586781
869
227586791
869
227586801
869
227586811
869
227586821
869
227586831
869
227586841
869
227586851
869
227586861
869
227586871
869
227586881
869
227586891
869
227586901
869
227586911
869
227586921
869
227586931
869
227586941
869
227586951
869
227586961
869
227586971
869
227586981
869
227586991
869
227587001
869
227587011
869
227587021
869
227587031
869
227587041
869
227587051
869
227587061
869
227587071
869
227587081
869
227587091
869
227587101
869
227587111
869
227587121
869
227587131
869
227587141
869
227587151
869
227587161
869
227587171
869
227587181
869
227587191
869
227587201
869
227587211
869
227587221
869
227587231
869
227587241
869
227587251
869
227587261
869
227587271
869
227587281
869
227587291
869
227587301
869
227587311
869
227587321
869
227587331
869
227587341
869
227587351
869
227587361
869
227587371
869
227587381
869
227587391
869
227587401
869
227587411
869
227587421
869
227587431
869
227587441
869
227587451
869
227587461
869
227587471
869
227587481
869
227587491
869
227587501
869
227587511
869
227587521
869
227587531
869
227587541
869
227587551
869
227587561
869
227587571
869
227587581
869
227587591
869
227587601
869
227587611
869
227587621
869
227587631
869
227587641
869
227587651
869
227587661
869
227587671
869
227587681
869
227587691
869
227587701
869
227587711
869
227587721
869
227587731
869
227587741
869
227587751
869
227587761
869
227587771
869
227587781
869
227587791
869
227587801
869
227587811
869
227587821
869
227587831
869
227587841
869
227587851
869
227587861
869
227587871
869
227587881
869
227587891
869
227587901
869
227587911
869
227587921
869
227587931
869
227587941
869
227587951
869
227587961
869
227587971
869
227587981
869
227587991
869
227588001
869
227588011
869
227588021
869
227588031
869
227588041
869
227588051
869
227588061
869
227588071
869
227588081
869
227588091
869
227588101
869
227588111
869
227588121
869
227588131
869
227588141
869
227588151
869
227588161
869
227588171
869
227588181
869
227588191
869
227588201
869
227588211
869
227588221
869
227588231
869
227588241
869
227588251
869
227588261
869
227588271
869
227588281
869
227588291
869
227588301
869
227588311
869
227588321
869
227588331
869
227588341
869
227588351
869
227588361
869
227588371
869
227588381
869
227588391
869
227588401
869
227588411
869
227588421
869
227588431
869
227588441
869
227588451
869
227588461
869
227588471
869
227588481
869
227588491
869
227588501
869
227588511
869
227588521
869
227588531
869
227588541
869
227588551
869
227588561
869
227588571
869
227588581
869
227588591
869
227588601
869
227588611
869
227588621
869
227588631
869
227588641
869
227588651
869
227588661
869
227588671
869
227588681
869
227588691
869
227588701
869
227588711
869
227588721
869
227588731
869
227588741
869
227588751
869
227588761
869
227588771
869
227588781
869
227588791
869
227588801
869
227588811
869
227588821
869
227588831
869
227588841
869
227588851
869
227588861
869
227588871
869
227588881
869
227588891
869
227588901
869
227588911
869
227588921
869
227588931
869
227588941
869
227588951
869
227588961
869
227588971
869
227588981
869
227588991
869
227589001
869
227589011
869
227589021
869
227589031
869
227589041
869
227589051
869
227589061
869
227589071
869
227589081
869
227589091
869
227589101
869
227589111
869
227589121
869
227589131
869
227589141
869
227589151
869
227589161
869
227589171
869
227589181
869
227589191
869
227589201
869
227589211
869
227589221
869
227589231
869
227589241
869
227589251
869
227589261
869
227589271
869
227589281
869
227589291
869
227589301
869
227589311
869
227589321
869
227589331
869
227589341
869
227589351
869
227589361
869
227589371
869
227589381
869
227589391
869
227589401
869
227589411
869
227589421
869
227589431
869
227589441
869
227589451
869
227589461
869
227589471
869
227589481
869
227589491
869
227589501
869
227589511
869
227589521
869
227589531
869
227589541
869
227589551
869
227589561
869
227589571
869
227589581
869
227589591
869
227589601
869
227589611
869
227589621
869
227589631
869
227589641
869
227589651
869
227589661
869
227589671
869
227589681
869
227589691
869
227589701
869
227589711
869
227589721
869
227589731
869
227589741
869
227589751
869
227589761
869
227589771
869
227589781
869
227589791
869
227589801
869
227589811
869
227589821
869
227589831
869
227589841
869
227589851
869
227589861
869
227589871
869
227589881
869
227589891
869
227589901
869
227589911
869
227589921
869
227589931
869
227589941
869
227589951
869
227589961
869
227589971
869
227589981
869
227589991
869
227590001
869
227590011
869
227590021
869
227590031
869
227590041
869
227590051
869
227590061
869
227590071
869
227590081
869
227590091
869
227590101
869
227590111
869
227590121
869
227590131
869
227590141
869
227700743
869
227700753
869
227700763
869
227700773
869
227700783
869
227700793
869
227700803
869
227700813
869
227700823
869
227700833
869
227700843
869
227700853
869
227700863
869
227700873
869
227700883
869
227700893
869
227700903
869
227700913
869
227700923
869
227700933
869
227700943
869
227700953
869
227700963
869
227700973
869
227700983
869
227700993
869
227701003
869
227701013
869
227701023
869
227701033
869
227701043
869
227701053
869
227701063
869
227701073
869
227701083
869
227701093
869
227701103
869
227701113
869
227701123
869
227701133
869
227701143
869
227701153
869
227701163
869
227701173
869
227701183
869
227701193
869
227701203
869
227701213
869
227701223
869
227701233
869
227701243
869
227701253
869
227701263
869
227701273
869
227701283
869
227701293
869
227701303
869
227701313
869
227701323
869
227701333
869
227701343
869
227701353
869
227701363
869
227701373
869
227701383
869
227701393
869
227701403
869
227701413
869
227701423
869
227701433
869
227701443
869
227701453
869
227701463
869
227701473
869
227701483
869
227701493
869
227701503
869
227701513
869
227701523
869
227701533
869
227701543
869
227701553
869
227701563
869
227701573
869
227701583
869
227701593
869
227701603
869
227701613
869
227701623
869
227701633
869
227701643
869
227701653
869
227701663
869
227701673
869
227701683
869
227701693
869
227701703
869
227701713
869
227701723
869
227701733
869
227701743
869
227701753
869
227701763
869
227701773
869
227701783
869
227701793
869
227701803
869
227701813
869
227701823
869
227701833
869
227701843
869
227701853
869
227701863
869
227701873
869
227701883
869
227701893
869
227701903
869
227701913
869
227701923
869
227701933
869
227701943
869
227701953
869
227701963
869
227701973
869
227701983
869
227701993
869
227702003
869
227702013
869
227702023
869
227702033
869
227702043
869
227702053
869
227702063
869
227702073
869
227702083
869
227702093
869
227702103
869
227702113
869
227702123
869
227702133
869
227702143
869
227702153
869
227702163
869
227702173
869
227702183
869
227702193
869
227702203
869
227702213
869
227702223
869
227702233
869
227702243
869
227702253
869
227702263
869
227702273
869
227702283
869
227702293
869
227702303
869
227702313
869
227702323
869
227702333
869
227702343
869
227702353
869
227702363
869
227702373
869
227702383
869
227702393
869
227702403
869
227702413
869
227702423
869
227702433
869
227702443
869
227702453
869
227702463
869
227702473
869
227702483
869
227702493
869
227702503
869
227702513
869
227702523
869
227702533
869
227702543
869
227702553
869
227702563
869
227702573
869
227702583
869
227702593
869
227702603
869
227702613
869
227702623
869
227702633
869
227702643
869
227702653
869
227702663
869
227702673
869
227702683
869
227702693
869
227702703
869
227702713
869
227702723
869
227702733
869
227702743
869
227702753
869
227702763
869
227702773
869
227702783
869
227702793
869
227702803
869
227702813
869
227702823
869
227702833
869
227702843
869
227702853
869
227702863
869
227702873
869
227702883
869
227702893
869
227702903
869
227702913
869
227702923
869
227702933
869
227702943
869
227702953
869
227702963
869
227702973
869
227702983
869
227702993
869
227703003
869
227703013
869
227703023
869
227703033
869
227703043
869
227703053
869
227703063
869
227703073
869
227703083
869
227703093
869
227703103
869
227703113
869
227703123
869
227703133
869
227703143
869
227703153
869
227703163
869
227703173
869
227703183
869
227703193
869
227703203
869
227703213
869
227703223
869
227703233
869
227703243
869
227703253
869
227703263
869
227703273
869
227703283
869
227703293
869
227703303
869
227703313
869
227703323
869
227703333
869
227703343
869
227703353
869
227703363
869
227703373
869
227703383
869
227703393
869
227703403
869
227703413
869
227703423
869
227703433
869
227703443
869
227703453
869
227703463
869
227703473
869
227703483
869
227703493
869
227703503
869
227703513
869
227703523
869
227703533
869
227703543
869
227703553
869
227703563
869
227703573
869
227703583
869
227703593
869
227703603
869
227703613
869
227703623
869
227703633
869
227703643
869
227703653
869
227703663
869
227703673
869
227703683
869
227703693
869
227703703
869
227703713
869
227703723
869
227703733
869
227703743
869
227703753
869
227703763
869
227703773
869
227703783
869
227703793
869
227703803
869
227703813
869
227703823
869
227703833
869
227703843
869
227703853
869
227703863
869
227703873
869
227703883
869
227703893
869
227703903
869
227703913
869
227703923
869
227703933
869
227703943
869
227703953
869
227703963
869
227703973
869
227703983
869
227703993
869
227704003
869
227704013
869
227704023
869
227704033
869
227704043
869
227704053
869
227704063
869
227704073
869
227704083
869
227704093
869
227704103
869
227704113
869
227704123
869
227704133
869
227704143
869
227704153
869
227704163
869
227704173
869
227704183
869
227704193
869
227704203
869
227704213
869
227704223
869
227704233
869
227704243
869
227704253
869
227704263
869
227704273
869
227704283
869
227704293
869
227704303
869
227704313
869
227704323
869
227704333
869
227704343
869
227704353
869
227704363
869
227704373
869
227704383
869
227704393
869
227704403
869
227704413
869
227704423
869
227704433
869
227704443
869
227704453
869
227704463
869
227704473
869
227704483
869
227704493
869
227704503
869
227704513
869
227704523
869
227704533
869
227704543
869
227704553
869
227704563
869
227704573
869
227704583
869
227704593
869
227704603
869
227704613
869
227704623
869
227704633
869
227704643
869
227704653
869
227704663
869
227704673
869
227704683
869
227704693
869
227704703
869
227704713
869
227704723
869
227704733
869
227704743
869
227704753
869
227704763
869
227704773
869
227704783
869
227704793
869
227704803
869
227704813
869
227704823
869
227540997
869
227541007
869
227541017
869
227541027
869
227541037
869
227541047
869
227541057
869
227541067
869
227541077
869
227541087
869
227541097
869
227541107
869
227541117
869
227541127
869
227541137
869
227541147
869
227541157
869
227541167
869
227541177
869
227541187
869
227541197
869
227541207
869
227541217
869
227541227
869
227541237
869
227541247
869
227541257
869
227541267
869
227541277
869
227541287
869
227541297
869
227541307
869
227541317
869
227541327
869
227541337
869
227541347
869
227541357
869
227541367
869
227541377
869
227541387
869
227541397
869
227541407
869
227541417
869
227541427
869
227541437
869
227541447
869
227541457
869
227541467
869
227541477
869
227541487
869
227541497
869
227541507
869
227541517
869
227541527
869
227541537
869
227541547
869
227541557
869
227541567
869
227541577
869
227541587
869
227541597
869
227541607
869
227541617
869
227541627
869
227541637
869
227541647
869
227541657
869
227541667
869
227541677
869
227541687
869
227541697
869
227541707
869
227541717
869
227541727
869
227541737
869
227541747
869
227541757
869
227541767
869
227541777
869
227541787
869
227541797
869
227541807
869
227541817
869
227541827
869
227541837
869
227541847
869
227541857
869
227541867
869
227541877
869
227541887
869
227541897
869
227541907
869
227541917
869
227541927
869
227541937
869
227541947
869
227541957
869
227541967
869
227541977
869
227541987
869
227541997
869
227542007
869
227542017
869
227542027
869
227542037
869
227542047
869
227542057
869
227542067
869
227542077
869
227542087
869
227542097
869
227542107
869
227542117
869
227542127
869
227542137
869
227542147
869
227542157
869
227542167
869
227542177
869
227542187
869
227542197
869
227542207
869
227542217
869
227542227
869
227542237
869
227542247
869
227542257
869
227542267
869
227542277
869
227542287
869
227542297
869
227542307
869
227542317
869
227542327
869
227542337
869
227542347
869
227542357
869
227542367
869
227542377
869
227542387
869
227542397
869
227542407
869
227542417
869
227542427
869
227542437
869
227542447
869
227542457
869
227542467
869
227542477
869
227542487
869
227542497
869
227542507
869
227542517
869
227542527
869
227542537
869
227542547
869
227542557
869
227542567
869
227542577
869
227542587
869
227542597
869
227542607
869
227542617
869
227542627
869
227542637
869
227542647
869
227542657
869
227542667
869
227542677
869
227542687
869
227542697
869
227542707
869
227542717
869
227542727
869
227542737
869
227542747
869
227542757
869
227542767
869
227542777
869
227542787
869
227542797
869
227542807
869
227542817
869
227542827
869
227542837
869
227542847
869
227542857
869
227542867
869
227542877
869
227542887
869
227542897
869
227542907
869
227542917
869
227542927
869
227542937
869
227542947
869
227542957
869
227542967
869
227542977
869
227542987
869
227542997
869
227543007
869
227543017
869
227543027
869
227543037
869
227543047
869
227543057
869
227543067
869
227543077
869
227543087
869
227543097
869
227543107
869
227543117
869
227543127
869
227543137
869
227543147
869
227543157
869
227543167
869
227543177
869
227543187
869
227543197
869
227543207
869
227543217
869
227543227
869
227543237
869
227543247
869
227543257
869
227543267
869
227543277
869
227543287
869
227543297
869
227543307
869
227543317
869
227543327
869
227543337
869
227543347
869
227543357
869
227543367
869
227543377
869
227543387
869
227543397
869
227543407
869
227543417
869
227543427
869
227543437
869
227543447
869
227543457
869
227543467
869
227543477
869
227543487
869
227543497
869
227543507
869
227543517
869
227543527
869
227543537
869
227543547
869
227543557
869
227543567
869
227543577
869
227543587
869
227543597
869
227543607
869
227543617
869
227543627
869
227543637
869
227543647
869
227543657
869
227543667
869
227543677
869
227543687
869
227543697
869
227543707
869
227543717
869
227543727
869
227543737
869
227543747
869
227543757
869
227543767
869
227543777
869
227543787
869
227543797
869
227543807
869
227543817
869
227543827
869
227543837
869
227543847
869
227543857
869
227543867
869
227543877
869
227543887
869
227543897
869
227543907
869
227543917
869
227543927
869
227543937
869
227543947
869
227543957
869
227543967
869
227543977
869
227543987
869
227543997
869
227544007
869
227544017
869
227544027
869
227544037
869
227544047
869
227544057
869
227544067
869
227544077
869
227544087
869
227544097
869
227544107
869
227544117
869
227544127
869
227544137
869
227544147
869
227544157
869
227544167
869
227544177
869
227544187
869
227544197
869
227544207
869
227544217
869
227544227
869
227544237
869
227544247
869
227544257
869
227544267
869
227544277
869
227544287
869
227544297
869
227544307
869
227544317
869
227544327
869
227544337
869
227544347
869
227544357
869
227544367
869
227544377
869
227544387
869
227544397
869
227544407
869
227544417
869
227544427
869
227544437
869
227544447
869
227544457
869
227544467
869
227544477
869
227544487
869
227544497
869
227544507
869
227544517
869
227544527
869
227544537
869
227544547
869
227544557
869
227544567
869
227544577
869
227544587
869
227544597
869
227544607
869
227544617
869
227544627
869
227544637
869
227544647
869
227544657
869
227544667
869
227544677
869
227544687
869
227544697
869
227544707
869
227544717
869
227544727
869
227544737
869
227544747
869
227544757
869
227544767
869
227544777
869
227544787
869
227544797
869
227544807
869
227544817
869
227544827
869
227544837
869
227544847
869
227544857
869
227544867
869
227544877
869
227544887
869
227544897
869
227544907
869
227544917
869
227544927
869
227544937
869
227544947
869
227544957
869
227544967
869
227544977
869
227544987
869
227544997
869
227545007
869
227545017
869
227545027
869
227545037
869
227545047
869
227545057
869
227545067
869
227545077
869
227545087
869
227790853
869
227790863
869
227790873
869
227790883
869
227790893
869
227790903
869
227790913
869
227790923
869
227790933
869
227790943
869
227790953
869
227790963
869
227790973
869
227790983
869
227790993
869
227791003
869
227791013
869
227791023
869
227791033
869
227791043
869
227791053
869
227791063
869
227791073
869
227791083
869
227791093
869
227791103
869
227791113
869
227791123
869
227791133
869
227791143
869
227791153
869
227791163
869
227791173
869
227791183
869
227791193
869
227791203
869
227791213
869
227791223
869
227791233
869
227791243
869
227791253
869
227791263
869
227791273
869
227791283
869
227791293
869
227791303
869
227791313
869
227791323
869
227791333
869
227791343
869
227791353
869
227791363
869
227791373
869
227791383
869
227791393
869
227791403
869
227791413
869
227791423
869
227791433
869
227791443
869
227791453
869
227791463
869
227791473
869
227791483
869
227791493
869
227791503
869
227791513
869
227791523
869
227791533
869
227791543
869
227791553
869
227791563
869
227791573
869
227791583
869
227791593
869
227791603
869
227791613
869
227791623
869
227791633
869
227791643
869
227791653
869
227791663
869
227791673
869
227791683
869
227791693
869
227791703
869
227791713
869
227791723
869
227791733
869
227791743
869
227791753
869
227791763
869
227791773
869
227791783
869
227791793
869
227791803
869
227791813
869
227791823
869
227791833
869
227791843
869
227791853
869
227791863
869
227791873
869
227791883
869
227791893
869
227791903
869
227791913
869
227791923
869
227791933
869
227791943
869
227791953
869
227791963
869
227791973
869
227791983
869
227791993
869
227792003
869
227792013
869
227792023
869
227792033
869
227792043
869
227792053
869
227792063
869
227792073
869
227792083
869
227792093
869
227792103
869
227792113
869
227792123
869
227792133
869
227792143
869
227792153
869
227792163
869
227792173
869
227792183
869
227792193
869
227792203
869
227792213
869
227792223
869
227792233
869
227792243
869
227792253
869
227792263
869
227792273
869
227792283
869
227792293
869
227792303
869
227792313
869
227792323
869
227792333
869
227792343
869
227792353
869
227792363
869
227792373
869
227792383
869
227792393
869
227792403
869
227792413
869
227792423
869
227792433
869
227792443
869
227792453
869
227792463
869
227792473
869
227792483
869
227792493
869
227792503
869
227792513
869
227792523
869
227792533
869
227792543
869
227792553
869
227792563
869
227792573
869
227792583
869
227792593
869
227792603
869
227792613
869
227792623
869
227792633
869
227792643
869
227792653
869
227792663
869
227792673
869
227792683
869
227792693
869
227792703
869
227792713
869
227792723
869
227792733
869
227792743
869
227792753
869
227792763
869
227792773
869
227792783
869
227792793
869
227792803
869
227792813
869
227792823
869
227792833
869
227792843
869
227792853
869
227792863
869
227792873
869
227792883
869
227792893
869
227792903
869
227792913
869
227792923
869
227792933
869
227792943
869
227792953
869
227792963
869
227792973
869
227792983
869
227792993
869
227793003
869
227793013
869
227793023
869
227793033
869
227793043
869
227793053
869
227793063
869
227793073
869
227793083
869
227793093
869
227793103
869
227793113
869
227793123
869
227793133
869
227793143
869
227793153
869
227793163
869
227793173
869
227793183
869
227793193
869
227793203
869
227793213
869
227793223
869
227793233
869
227793243
869
227793253
869
227793263
869
227793273
869
227793283
869
227793293
869
227793303
869
227793313
869
227793323
869
227793333
869
227793343
869
227793353
869
227793363
869
227793373
869
227793383
869
227793393
869
227793403
869
227793413
869
227793423
869
227793433
869
227793443
869
227793453
869
227793463
869
227793473
869
227793483
869
227793493
869
227793503
869
227793513
869
227793523
869
227793533
869
227793543
869
227793553
869
227793563
869
227793573
869
227793583
869
227793593
869
227793603
869
227793613
869
227793623
869
227793633
869
227793643
869
227793653
869
227793663
869
227793673
869
227793683
869
227793693
869
227793703
869
227793713
869
227793723
869
227793733
869
227793743
869
227793753
869
227793763
869
227793773
869
227793783
869
227793793
869
227793803
869
227793813
869
227793823
869
227793833
869
227793843
869
227793853
869
227793863
869
227793873
869
227793883
869
227793893
869
227793903
869
227793913
869
227793923
869
227793933
869
227793943
869
227793953
869
227793963
869
227793973
869
227793983
869
227793993
869
227794003
869
227794013
869
227794023
869
227794033
869
227794043
869
227794053
869
227794063
869
227794073
869
227794083
869
227794093
869
227794103
869
227794113
869
227794123
869
227794133
869
227794143
869
227794153
869
227794163
869
227794173
869
227794183
869
227794193
869
227794203
869
227794213
869
227794223
869
227794233
869
227794243
869
227794253
869
227794263
869
227794273
869
227794283
869
227794293
869
227794303
869
227794313
869
227794323
869
227794333
869
227794343
869
227794353
869
227794363
869
227794373
869
227794383
869
227794393
869
227794403
869
227794413
869
227794423
869
227794433
869
227794443
869
227794453
869
227794463
869
227794473
869
227794483
869
227794493
869
227794503
869
227794513
869
227794523
869
227794533
869
227794543
869
227794553
869
227794563
869
227794573
869
227794583
869
227794593
869
227794603
869
227794613
869
227794623
869
227794633
869
227794643
869
227794653
869
227794663
869
227794673
869
227794683
869
227794693
869
227794703
869
227794713
869
227794723
869
227794733
869
227794743
869
227794753
869
227794763
869
227794773
869
227794783
869
227794793
869
227794803
869
227794813
869
227794823
869
227794833
869
227794843
869
227794853
869
227794863
869
227794873
869
227794883
869
227794893
869
227794903
869
227794913
869
227794923
869
227794933
869
227794943
869
227799041
869
227799051
869
227799061
869
227799071
869
227799081
869
227799091
869
227799101
869
227799111
869
227799121
869
227799131
869
227799141
869
227799151
869
227799161
869
227799171
869
227799181
869
227799191
869
227799201
869
227799211
869
227799221
869
227799231
869
227799241
869
227799251
869
227799261
869
227799271
869
227799281
869
227799291
869
227799301
869
227799311
869
227799321
869
227799331
869
227799341
869
227799351
869
227799361
869
227799371
869
227799381
869
227799391
869
227799401
869
227799411
869
227799421
869
227799431
869
227799441
869
227799451
869
227799461
869
227799471
869
227799481
869
227799491
869
227799501
869
227799511
869
227799521
869
227799531
869
227799541
869
227799551
869
227799561
869
227799571
869
227799581
869
227799591
869
227799601
869
227799611
869
227799621
869
227799631
869
227799641
869
227799651
869
227799661
869
227799671
869
227799681
869
227799691
869
227799701
869
227799711
869
227799721
869
227799731
869
227799741
869
227799751
869
227799761
869
227799771
869
227799781
869
227799791
869
227799801
869
227799811
869
227799821
869
227799831
869
227799841
869
227799851
869
227799861
869
227799871
869
227799881
869
227799891
869
227799901
869
227799911
869
227799921
869
227799931
869
227799941
869
227799951
869
227799961
869
227799971
869
227799981
869
227799991
869
227800001
869
227800011
869
227800021
869
227800031
869
227800041
869
227800051
869
227800061
869
227800071
869
227800081
869
227800091
869
227800101
869
227800111
869
227800121
869
227800131
869
227800141
869
227800151
869
227800161
869
227800171
869
227800181
869
227800191
869
227800201
869
227800211
869
227800221
869
227800231
869
227800241
869
227800251
869
227800261
869
227800271
869
227800281
869
227800291
869
227800301
869
227800311
869
227800321
869
227800331
869
227800341
869
227800351
869
227800361
869
227800371
869
227800381
869
227800391
869
227800401
869
227800411
869
227800421
869
227800431
869
227800441
869
227800451
869
227800461
869
227800471
869
227800481
869
227800491
869
227800501
869
227800511
869
227800521
869
227800531
869
227800541
869
227800551
869
227800561
869
227800571
869
227800581
869
227800591
869
227800601
869
227800611
869
227800621
869
227800631
869
227800641
869
227800651
869
227800661
869
227800671
869
227800681
869
227800691
869
227800701
869
227800711
869
227800721
869
227800731
869
227800741
869
227800751
869
227800761
869
227800771
869
227800781
869
227800791
869
227800801
869
227800811
869
227800821
869
227800831
869
227800841
869
227800851
869
227800861
869
227800871
869
227800881
869
227800891
869
227800901
869
227800911
869
227800921
869
227800931
869
227800941
869
227800951
869
227800961
869
227800971
869
227800981
869
227800991
869
227801001
869
227801011
869
227801021
869
227801031
869
227801041
869
227801051
869
227801061
869
227801071
869
227801081
869
227801091
869
227801101
869
227801111
869
227801121
869
227801131
869
227801141
869
227801151
869
227801161
869
227801171
869
227801181
869
227801191
869
227801201
869
227801211
869
227801221
869
227801231
869
227801241
869
227801251
869
227801261
869
227801271
869
227801281
869
227801291
869
227801301
869
227801311
869
227801321
869
227801331
869
227801341
869
227801351
869
227801361
869
227801371
869
227801381
869
227801391
869
227801401
869
227801411
869
227801421
869
227801431
869
227801441
869
227801451
869
227801461
869
227801471
869
227801481
869
227801491
869
227801501
869
227801511
869
227801521
869
227801531
869
227801541
869
227801551
869
227801561
869
227801571
869
227801581
869
227801591
869
227801601
869
227801611
869
227801621
869
227801631
869
227801641
869
227801651
869
227801661
869
227801671
869
227801681
869
227801691
869
227801701
869
227801711
869
227801721
869
227801731
869
227801741
869
227801751
869
227801761
869
227801771
869
227801781
869
227801791
869
227801801
869
227801811
869
227801821
869
227801831
869
227801841
869
227801851
869
227801861
869
227801871
869
227801881
869
227801891
869
227801901
869
227801911
869
227801921
869
227801931
869
227801941
869
227801951
869
227801961
869
227801971
869
227801981
869
227801991
869
227802001
869
227802011
869
227802021
869
227802031
869
227802041
869
227802051
869
227802061
869
227802071
869
227802081
869
227802091
869
227802101
869
227802111
869
227802121
869
227802131
869
227802141
869
227802151
869
227802161
869
227802171
869
227802181
869
227802191
869
227802201
869
227802211
869
227802221
869
227802231
869
227802241
869
227802251
869
227802261
869
227802271
869
227802281
869
227802291
869
227802301
869
227802311
869
227802321
869
227802331
869
227802341
869
227802351
869
227802361
869
227802371
869
227802381
869
227802391
869
227802401
869
227802411
869
227802421
869
227802431
869
227802441
869
227802451
869
227802461
869
227802471
869
227802481
869
227802491
869
227802501
869
227802511
869
227802521
869
227802531
869
227802541
869
227802551
869
227802561
869
227802571
869
227802581
869
227802591
869
227802601
869
227802611
869
227802621
869
227802631
869
227802641
869
227802651
869
227802661
869
227802671
869
227802681
869
227802691
869
227802701
869
227802711
869
227802721
869
227802731
869
227802741
869
227802751
869
227802761
869
227802771
869
227802781
869
227802791
869
227802801
869
227802811
869
227802821
869
227802831
869
227802841
869
227802851
869
227802861
869
227802871
869
227802881
869
227802891
869
227802901
869
227802911
869
227802921
869
227802931
869
227802941
869
227802951
869
227802961
869
227802971
869
227802981
869
227802991
869
227803001
869
227803011
869
227803021
869
227803031
869
227803041
869
227803051
869
227803061
869
227803071
869
227803081
869
227803091
869
227803101
869
227803111
869
227803121
869
227803131
869
227594243
869
227594253
869
227594263
869
227594273
869
227594283
869
227594293
869
227594303
869
227594313
869
227594323
869
227594333
869
227594343
869
227594353
869
227594363
869
227594373
869
227594383
869
227594393
869
227594403
869
227594413
869
227594423
869
227594433
869
227594443
869
227594453
869
227594463
869
227594473
869
227594483
869
227594493
869
227594503
869
227594513
869
227594523
869
227594533
869
227594543
869
227594553
869
227594563
869
227594573
869
227594583
869
227594593
869
227594603
869
227594613
869
227594623
869
227594633
869
227594643
869
227594653
869
227594663
869
227594673
869
227594683
869
227594693
869
227594703
869
227594713
869
227594723
869
227594733
869
227594743
869
227594753
869
227594763
869
227594773
869
227594783
869
227594793
869
227594803
869
227594813
869
227594823
869
227594833
869
227594843
869
227594853
869
227594863
869
227594873
869
227594883
869
227594893
869
227594903
869
227594913
869
227594923
869
227594933
869
227594943
869
227594953
869
227594963
869
227594973
869
227594983
869
227594993
869
227595003
869
227595013
869
227595023
869
227595033
869
227595043
869
227595053
869
227595063
869
227595073
869
227595083
869
227595093
869
227595103
869
227595113
869
227595123
869
227595133
869
227595143
869
227595153
869
227595163
869
227595173
869
227595183
869
227595193
869
227595203
869
227595213
869
227595223
869
227595233
869
227595243
869
227595253
869
227595263
869
227595273
869
227595283
869
227595293
869
227595303
869
227595313
869
227595323
869
227595333
869
227595343
869
227595353
869
227595363
869
227595373
869
227595383
869
227595393
869
227595403
869
227595413
869
227595423
869
227595433
869
227595443
869
227595453
869
227595463
869
227595473
869
227595483
869
227595493
869
227595503
869
227595513
869
227595523
869
227595533
869
227595543
869
227595553
869
227595563
869
227595573
869
227595583
869
227595593
869
227595603
869
227595613
869
227595623
869
227595633
869
227595643
869
227595653
869
227595663
869
227595673
869
227595683
869
227595693
869
227595703
869
227595713
869
227595723
869
227595733
869
227595743
869
227595753
869
227595763
869
227595773
869
227595783
869
227595793
869
227595803
869
227595813
869
227595823
869
227595833
869
227595843
869
227595853
869
227595863
869
227595873
869
227595883
869
227595893
869
227595903
869
227595913
869
227595923
869
227595933
869
227595943
869
227595953
869
227595963
869
227595973
869
227595983
869
227595993
869
227596003
869
227596013
869
227596023
869
227596033
869
227596043
869
227596053
869
227596063
869
227596073
869
227596083
869
227596093
869
227596103
869
227596113
869
227596123
869
227596133
869
227596143
869
227596153
869
227596163
869
227596173
869
227596183
869
227596193
869
227596203
869
227596213
869
227596223
869
227596233
869
227596243
869
227596253
869
227596263
869
227596273
869
227596283
869
227596293
869
227596303
869
227596313
869
227596323
869
227596333
869
227596343
869
227596353
869
227596363
869
227596373
869
227596383
869
227596393
869
227596403
869
227596413
869
227596423
869
227596433
869
227596443
869
227596453
869
227596463
869
227596473
869
227596483
869
227596493
869
227596503
869
227596513
869
227596523
869
227596533
869
227596543
869
227596553
869
227596563
869
227596573
869
227596583
869
227596593
869
227596603
869
227596613
869
227596623
869
227596633
869
227596643
869
227596653
869
227596663
869
227596673
869
227596683
869
227596693
869
227596703
869
227596713
869
227596723
869
227596733
869
227596743
869
227596753
869
227596763
869
227596773
869
227596783
869
227596793
869
227596803
869
227596813
869
227596823
869
227596833
869
227596843
869
227596853
869
227596863
869
227596873
869
227596883
869
227596893
869
227596903
869
227596913
869
227596923
869
227596933
869
227596943
869
227596953
869
227596963
869
227596973
869
227596983
869
227596993
869
227597003
869
227597013
869
227597023
869
227597033
869
227597043
869
227597053
869
227597063
869
227597073
869
227597083
869
227597093
869
227597103
869
227597113
869
227597123
869
227597133
869
227597143
869
227597153
869
227597163
869
227597173
869
227597183
869
227597193
869
227597203
869
227597213
869
227597223
869
227597233
869
227597243
869
227597253
869
227597263
869
227597273
869
227597283
869
227597293
869
227597303
869
227597313
869
227597323
869
227597333
869
227597343
869
227597353
869
227597363
869
227597373
869
227597383
869
227597393
869
227597403
869
227597413
869
227597423
869
227597433
869
227597443
869
227597453
869
227597463
869
227597473
869
227597483
869
227597493
869
227597503
869
227597513
869
227597523
869
227597533
869
227597543
869
227597553
869
227597563
869
227597573
869
227597583
869
227597593
869
227597603
869
227597613
869
227597623
869
227597633
869
227597643
869
227597653
869
227597663
869
227597673
869
227597683
869
227597693
869
227597703
869
227597713
869
227597723
869
227597733
869
227597743
869
227597753
869
227597763
869
227597773
869
227597783
869
227597793
869
227597803
869
227597813
869
227597823
869
227597833
869
227597843
869
227597853
869
227597863
869
227597873
869
227597883
869
227597893
869
227597903
869
227597913
869
227597923
869
227597933
869
227597943
869
227597953
869
227597963
869
227597973
869
227597983
869
227597993
869
227598003
869
227598013
869
227598023
869
227598033
869
227598043
869
227598053
869
227598063
869
227598073
869
227598083
869
227598093
869
227598103
869
227598113
869
227598123
869
227598133
869
227598143
869
227598153
869
227598163
869
227598173
869
227598183
869
227598193
869
227598203
869
227598213
869
227598223
869
227598233
869
227598243
869
227598253
869
227598263
869
227598273
869
227598283
869
227598293
869
227598303
869
227598313
869
227598323
869
227598333
869
227713029
869
227713039
869
227713049
869
227713059
869
227713069
869
227713079
869
227713089
869
227713099
869
227713109
869
227713119
869
227713129
869
227713139
869
227713149
869
227713159
869
227713169
869
227713179
869
227713189
869
227713199
869
227713209
869
227713219
869
227713229
869
227713239
869
227713249
869
227713259
869
227713269
869
227713279
869
227713289
869
227713299
869
227713309
869
227713319
869
227713329
869
227713339
869
227713349
869
227713359
869
227713369
869
227713379
869
227713389
869
227713399
869
227713409
869
227713419
869
227713429
869
227713439
869
227713449
869
227713459
869
227713469
869
227713479
869
227713489
869
227713499
869
227713509
869
227713519
869
227713529
869
227713539
869
227713549
869
227713559
869
227713569
869
227713579
869
227713589
869
227713599
869
227713609
869
227713619
869
227713629
869
227713639
869
227713649
869
227713659
869
227713669
869
227713679
869
227713689
869
227713699
869
227713709
869
227713719
869
227713729
869
227713739
869
227713749
869
227713759
869
227713769
869
227713779
869
227713789
869
227713799
869
227713809
869
227713819
869
227713829
869
227713839
869
227713849
869
227713859
869
227713869
869
227713879
869
227713889
869
227713899
869
227713909
869
227713919
869
227713929
869
227713939
869
227713949
869
227713959
869
227713969
869
227713979
869
227713989
869
227713999
869
227714009
869
227714019
869
227714029
869
227714039
869
227714049
869
227714059
869
227714069
869
227714079
869
227714089
869
227714099
869
227714109
869
227714119
869
227714129
869
227714139
869
227714149
869
227714159
869
227714169
869
227714179
869
227714189
869
227714199
869
227714209
869
227714219
869
227714229
869
227714239
869
227714249
869
227714259
869
227714269
869
227714279
869
227714289
869
227714299
869
227714309
869
227714319
869
227714329
869
227714339
869
227714349
869
227714359
869
227714369
869
227714379
869
227714389
869
227714399
869
227714409
869
227714419
869
227714429
869
227714439
869
227714449
869
227714459
869
227714469
869
227714479
869
227714489
869
227714499
869
227714509
869
227714519
869
227714529
869
227714539
869
227714549
869
227714559
869
227714569
869
227714579
869
227714589
869
227714599
869
227714609
869
227714619
869
227714629
869
227714639
869
227714649
869
227714659
869
227714669
869
227714679
869
227714689
869
227714699
869
227714709
869
227714719
869
227714729
869
227714739
869
227714749
869
227714759
869
227714769
869
227714779
869
227714789
869
227714799
869
227714809
869
227714819
869
227714829
869
227714839
869
227714849
869
227714859
869
227714869
869
227714879
869
227714889
869
227714899
869
227714909
869
227714919
869
227714929
869
227714939
869
227714949
869
227714959
869
227714969
869
227714979
869
227714989
869
227714999
869
227715009
869
227715019
869
227715029
869
227715039
869
227715049
869
227715059
869
227715069
869
227715079
869
227715089
869
227715099
869
227715109
869
227715119
869
227715129
869
227715139
869
227715149
869
227715159
869
227715169
869
227715179
869
227715189
869
227715199
869
227715209
869
227715219
869
227715229
869
227715239
869
227715249
869
227715259
869
227715269
869
227715279
869
227715289
869
227715299
869
227715309
869
227715319
869
227715329
869
227715339
869
227715349
869
227715359
869
227715369
869
227715379
869
227715389
869
227715399
869
227715409
869
227715419
869
227715429
869
227715439
869
227715449
869
227715459
869
227715469
869
227715479
869
227715489
869
227715499
869
227715509
869
227715519
869
227715529
869
227715539
869
227715549
869
227715559
869
227715569
869
227715579
869
227715589
869
227715599
869
227715609
869
227715619
869
227715629
869
227715639
869
227715649
869
227715659
869
227715669
869
227715679
869
227715689
869
227715699
869
227715709
869
227715719
869
227715729
869
227715739
869
227715749
869
227715759
869
227715769
869
227715779
869
227715789
869
227715799
869
227715809
869
227715819
869
227715829
869
227715839
869
227715849
869
227715859
869
227715869
869
227715879
869
227715889
869
227715899
869
227715909
869
227715919
869
227715929
869
227715939
869
227715949
869
227715959
869
227715969
869
227715979
869
227715989
869
227715999
869
227716009
869
227716019
869
227716029
869
227716039
869
227716049
869
227716059
869
227716069
869
227716079
869
227716089
869
227716099
869
227716109
869
227716119
869
227716129
869
227716139
869
227716149
869
227716159
869
227716169
869
227716179
869
227716189
869
227716199
869
227716209
869
227716229
869
227716219
869
227716239
869
227716249
869
227716259
869
227716269
869
227716279
869
227716289
869
227716299
869
227716309
869
227716319
869
227716329
869
227716339
869
227716349
869
227716359
869
227716369
869
227716379
869
227716389
869
227716399
869
227716409
869
227716419
869
227716429
869
227716439
869
227716449
869
227716459
869
227716469
869
227716479
869
227716489
869
227716499
869
227716509
869
227716519
869
227716529
869
227716539
869
227716549
869
227716559
869
227716569
869
227716579
869
227716589
869
227716599
869
227716609
869
227716619
869
227716629
869
227716639
869
227716649
869
227716659
869
227716669
869
227716679
869
227716689
869
227716699
869
227716709
869
227716719
869
227716729
869
227716739
869
227716749
869
227716759
869
227716769
869
227716779
869
227716789
869
227716799
869
227716809
869
227716819
869
227716829
869
227716839
869
227716849
869
227716859
869
227716869
869
227716879
869
227716889
869
227716899
869
227716909
869
227716919
869
227716929
869
227716939
869
227716949
869
227716959
869
227716969
869
227716979
869
227716989
869
227716999
869
227717009
869
227717019
869
227717029
869
227717039
869
227717049
869
227717059
869
227717069
869
227717079
869
227717089
869
227717099
869
227717109
869
227717119
869
227721225
869
227721235
869
227721245
869
227721255
869
227721265
869
227721275
869
227721285
869
227721295
869
227721305
869
227721315
869
227721325
869
227721335
869
227721345
869
227721355
869
227721365
869
227721375
869
227721385
869
227721395
869
227721405
869
227721415
869
227721425
869
227721435
869
227721445
869
227721455
869
227721465
869
227721475
869
227721485
869
227721495
869
227721505
869
227721515
869
227721525
869
227721535
869
227721545
869
227721555
869
227721565
869
227721575
869
227721585
869
227721595
869
227721605
869
227721615
869
227721625
869
227721635
869
227721645
869
227721655
869
227721665
869
227721675
869
227721685
869
227721695
869
227721705
869
227721715
869
227721725
869
227721735
869
227721745
869
227721755
869
227721765
869
227721775
869
227721785
869
227721795
869
227721805
869
227721815
869
227721825
869
227721835
869
227721845
869
227721855
869
227721865
869
227721875
869
227721885
869
227721895
869
227721905
869
227721915
869
227721925
869
227721935
869
227721945
869
227721955
869
227721965
869
227721975
869
227721985
869
227721995
869
227722005
869
227722015
869
227722025
869
227722035
869
227722045
869
227722055
869
227722065
869
227722075
869
227722085
869
227722095
869
227722105
869
227722115
869
227722125
869
227722135
869
227722145
869
227722155
869
227722165
869
227722175
869
227722185
869
227722195
869
227722205
869
227722215
869
227722225
869
227722235
869
227722245
869
227722255
869
227722265
869
227722275
869
227722285
869
227722295
869
227722305
869
227722315
869
227722325
869
227722335
869
227722345
869
227722355
869
227722365
869
227722375
869
227722385
869
227722395
869
227722405
869
227722415
869
227722425
869
227722435
869
227722445
869
227722455
869
227722465
869
227722475
869
227722485
869
227722495
869
227722505
869
227722515
869
227722525
869
227722535
869
227722545
869
227722555
869
227722565
869
227722575
869
227722585
869
227722595
869
227722605
869
227722615
869
227722625
869
227722635
869
227722645
869
227722655
869
227722665
869
227722675
869
227722685
869
227722695
869
227722705
869
227722715
869
227722725
869
227722735
869
227722745
869
227722755
869
227722765
869
227722775
869
227722785
869
227722795
869
227722805
869
227722815
869
227722825
869
227722835
869
227722845
869
227722855
869
227722865
869
227722875
869
227722885
869
227722895
869
227722905
869
227722915
869
227722925
869
227722935
869
227722945
869
227722955
869
227722965
869
227722975
869
227722985
869
227722995
869
227723005
869
227723015
869
227723025
869
227723035
869
227723045
869
227723055
869
227723065
869
227723075
869
227723085
869
227723095
869
227723105
869
227723115
869
227723125
869
227723135
869
227723145
869
227723155
869
227723165
869
227723175
869
227723185
869
227723195
869
227723205
869
227723215
869
227723225
869
227723235
869
227723245
869
227723255
869
227723265
869
227723275
869
227723285
869
227723295
869
227723305
869
227723315
869
227723325
869
227723335
869
227723345
869
227723355
869
227723365
869
227723375
869
227723385
869
227723395
869
227723405
869
227723415
869
227723425
869
227723435
869
227723445
869
227723455
869
227723465
869
227723475
869
227723485
869
227723495
869
227723505
869
227723515
869
227723525
869
227723535
869
227723545
869
227723555
869
227723565
869
227723575
869
227723585
869
227723595
869
227723605
869
227723615
869
227723625
869
227723635
869
227723645
869
227723655
869
227723665
869
227723675
869
227723685
869
227723695
869
227723705
869
227723715
869
227723725
869
227723735
869
227723745
869
227723755
869
227723765
869
227723775
869
227723785
869
227723795
869
227723805
869
227723815
869
227723825
869
227723835
869
227723845
869
227723855
869
227723865
869
227723875
869
227723885
869
227723895
869
227723905
869
227723915
869
227723925
869
227723935
869
227723945
869
227723955
869
227723965
869
227723975
869
227723985
869
227723995
869
227724005
869
227724015
869
227724025
869
227724035
869
227724045
869
227724055
869
227724065
869
227724075
869
227724085
869
227724095
869
227724105
869
227724115
869
227724125
869
227724135
869
227724145
869
227724155
869
227724165
869
227724175
869
227724185
869
227724195
869
227724205
869
227724215
869
227724225
869
227724235
869
227724245
869
227724255
869
227724265
869
227724275
869
227724285
869
227724295
869
227724305
869
227724315
869
227724325
869
227724335
869
227724345
869
227724355
869
227724365
869
227724375
869
227724385
869
227724395
869
227724405
869
227724415
869
227724425
869
227724435
869
227724445
869
227724455
869
227724465
869
227724475
869
227724485
869
227724495
869
227724505
869
227724515
869
227724525
869
227724535
869
227724545
869
227724555
869
227724565
869
227724575
869
227724585
869
227724595
869
227724605
869
227724615
869
227724625
869
227724635
869
227724645
869
227724655
869
227724665
869
227724675
869
227724685
869
227724695
869
227724705
869
227724715
869
227724725
869
227724735
869
227724745
869
227724755
869
227724765
869
227724775
869
227724785
869
227724795
869
227724805
869
227724815
869
227724825
869
227724835
869
227724845
869
227724855
869
227724865
869
227724875
869
227724885
869
227724895
869
227724905
869
227724915
869
227724925
869
227724935
869
227724945
869
227724955
869
227724965
869
227724975
869
227724985
869
227724995
869
227725005
869
227725015
869
227725025
869
227725035
869
227725045
869
227725055
869
227725065
869
227725075
869
227725085
869
227725095
869
227725105
869
227725115
869
227725125
869
227725135
869
227725145
869
227725155
869
227725165
869
227725175
869
227725185
869
227725195
869
227725205
869
227725215
869
227725225
869
227725235
869
227725245
869
227725255
869
227725265
869
227725275
869
227725285
869
227725295
869
227725305
869
227598339
869
227598349
869
227598359
869
227598369
869
227598379
869
227598389
869
227598399
869
227598409
869
227598419
869
227598429
869
227598439
869
227598449
869
227598459
869
227598469
869
227598479
869
227598489
869
227598499
869
227598509
869
227598519
869
227598529
869
227598539
869
227598549
869
227598559
869
227598569
869
227598579
869
227598589
869
227598599
869
227598609
869
227598619
869
227598629
869
227598639
869
227598649
869
227598659
869
227598669
869
227598679
869
227598689
869
227598699
869
227598709
869
227598719
869
227598729
869
227598739
869
227598749
869
227598759
869
227598769
869
227598779
869
227598789
869
227598799
869
227598809
869
227598819
869
227598829
869
227598839
869
227598849
869
227598859
869
227598869
869
227598879
869
227598889
869
227598899
869
227598909
869
227598919
869
227598929
869
227598939
869
227598949
869
227598959
869
227598969
869
227598979
869
227598989
869
227598999
869
227599009
869
227599019
869
227599029
869
227599039
869
227599049
869
227599059
869
227599069
869
227599079
869
227599089
869
227599099
869
227599109
869
227599119
869
227599129
869
227599139
869
227599149
869
227599159
869
227599169
869
227599179
869
227599189
869
227599199
869
227599209
869
227599219
869
227599229
869
227599239
869
227599249
869
227599259
869
227599269
869
227599279
869
227599289
869
227599299
869
227599309
869
227599319
869
227599329
869
227599339
869
227599349
869
227599359
869
227599369
869
227599379
869
227599389
869
227599399
869
227599409
869
227599419
869
227599429
869
227599439
869
227599449
869
227599459
869
227599469
869
227599479
869
227599489
869
227599499
869
227599509
869
227599519
869
227599529
869
227599539
869
227599549
869
227599559
869
227599569
869
227599579
869
227599589
869
227599599
869
227599609
869
227599619
869
227599629
869
227599639
869
227599649
869
227599659
869
227599669
869
227599679
869
227599689
869
227599699
869
227599709
869
227599719
869
227599729
869
227599739
869
227599749
869
227599759
869
227599769
869
227599779
869
227599789
869
227599799
869
227599809
869
227599819
869
227599829
869
227599839
869
227599849
869
227599859
869
227599869
869
227599879
869
227599889
869
227599899
869
227599909
869
227599919
869
227599929
869
227599939
869
227599949
869
227599959
869
227599969
869
227599979
869
227599989
869
227599999
869
227600009
869
227600019
869
227600029
869
227600039
869
227600049
869
227600059
869
227600069
869
227600079
869
227600089
869
227600099
869
227600109
869
227600119
869
227600129
869
227600139
869
227600149
869
227600159
869
227600169
869
227600179
869
227600189
869
227600199
869
227600209
869
227600219
869
227600229
869
227600239
869
227600249
869
227600259
869
227600269
869
227600279
869
227600289
869
227600299
869
227600309
869
227600319
869
227600329
869
227600339
869
227600349
869
227600359
869
227600369
869
227600379
869
227600389
869
227600399
869
227600409
869
227600419
869
227600429
869
227600439
869
227600449
869
227600459
869
227600469
869
227600479
869
227600489
869
227600499
869
227600509
869
227600519
869
227600529
869
227600539
869
227600549
869
227600559
869
227600569
869
227600579
869
227600589
869
227600599
869
227600609
869
227600619
869
227600629
869
227600639
869
227600649
869
227600659
869
227600669
869
227600679
869
227600689
869
227600699
869
227600709
869
227600719
869
227600729
869
227600739
869
227600749
869
227600759
869
227600769
869
227600779
869
227600789
869
227600799
869
227600809
869
227600819
869
227600829
869
227600839
869
227600849
869
227600859
869
227600869
869
227600879
869
227600889
869
227600899
869
227600909
869
227600919
869
227600929
869
227600939
869
227600949
869
227600959
869
227600969
869
227600979
869
227600989
869
227600999
869
227601009
869
227601019
869
227601029
869
227601039
869
227601049
869
227601059
869
227601069
869
227601079
869
227601089
869
227601099
869
227601109
869
227601119
869
227601129
869
227601139
869
227601149
869
227601159
869
227601169
869
227601179
869
227601189
869
227601199
869
227601209
869
227601219
869
227601229
869
227601239
869
227601249
869
227601259
869
227601269
869
227601279
869
227601289
869
227601299
869
227601309
869
227601319
869
227601329
869
227601339
869
227601349
869
227601359
869
227601369
869
227601379
869
227601389
869
227601399
869
227601409
869
227601419
869
227601429
869
227601439
869
227601449
869
227601459
869
227601469
869
227601479
869
227601489
869
227601499
869
227601509
869
227601519
869
227601529
869
227601539
869
227601549
869
227601559
869
227601569
869
227601579
869
227601589
869
227601599
869
227601609
869
227601619
869
227601629
869
227601639
869
227601649
869
227601659
869
227601669
869
227601679
869
227601689
869
227601699
869
227601709
869
227601719
869
227601729
869
227601739
869
227601749
869
227601759
869
227601769
869
227601779
869
227601789
869
227601799
869
227601809
869
227601819
869
227601829
869
227601839
869
227601849
869
227601859
869
227601869
869
227601879
869
227601889
869
227601899
869
227601909
869
227601919
869
227601929
869
227601939
869
227601949
869
227601960
869
227601969
869
227601979
869
227601989
869
227601999
869
227602009
869
227602019
869
227602029
869
227602039
869
227602049
869
227602059
869
227602069
869
227602079
869
227602089
869
227602099
869
227602109
869
227602119
869
227602129
869
227602139
869
227602149
869
227602159
869
227602169
869
227602179
869
227602189
869
227602199
869
227602209
869
227602219
869
227602229
869
227602239
869
227602249
869
227602259
869
227602269
869
227602279
869
227602289
869
227602299
869
227602309
869
227602319
869
227602329
869
227602339
869
227602349
869
227602359
869
227602369
869
227602379
869
227602389
869
227602399
869
227602409
869
227602419
869
227602429
869
227549191
869
227549201
869
227549211
869
227549221
869
227549231
869
227549241
869
227549251
869
227549261
869
227549271
869
227549281
869
227549291
869
227549301
869
227549311
869
227549321
869
227549331
869
227549341
869
227549351
869
227549361
869
227549371
869
227549381
869
227549391
869
227549401
869
227549411
869
227549421
869
227549431
869
227549441
869
227549451
869
227549461
869
227549471
869
227549481
869
227549491
869
227549501
869
227549511
869
227549521
869
227549531
869
227549541
869
227549551
869
227549561
869
227549571
869
227549581
869
227549591
869
227549601
869
227549611
869
227549621
869
227549631
869
227549641
869
227549651
869
227549661
869
227549671
869
227549681
869
227549691
869
227549701
869
227549711
869
227549721
869
227549731
869
227549741
869
227549751
869
227549761
869
227549771
869
227549781
869
227549791
869
227549801
869
227549811
869
227549821
869
227549831
869
227549841
869
227549851
869
227549861
869
227549871
869
227549881
869
227549891
869
227549901
869
227549911
869
227549921
869
227549931
869
227549941
869
227549951
869
227549961
869
227549971
869
227549981
869
227549991
869
227550001
869
227550011
869
227550021
869
227550031
869
227550041
869
227550051
869
227550061
869
227550071
869
227550081
869
227550091
869
227550101
869
227550111
869
227550121
869
227550131
869
227550141
869
227550151
869
227550161
869
227550171
869
227550181
869
227550191
869
227550201
869
227550211
869
227550221
869
227550231
869
227550241
869
227550251
869
227550261
869
227550271
869
227550281
869
227550291
869
227550301
869
227550311
869
227550321
869
227550331
869
227550341
869
227550351
869
227550361
869
227550371
869
227550381
869
227550391
869
227550401
869
227550411
869
227550421
869
227550431
869
227550441
869
227550451
869
227550461
869
227550471
869
227550481
869
227550491
869
227550501
869
227550511
869
227550521
869
227550531
869
227550541
869
227550551
869
227550561
869
227550571
869
227550581
869
227550591
869
227550601
869
227550611
869
227550621
869
227550631
869
227550641
869
227550651
869
227550661
869
227550671
869
227550681
869
227550691
869
227550701
869
227550711
869
227550721
869
227550731
869
227550741
869
227550751
869
227550761
869
227550771
869
227550781
869
227550791
869
227550801
869
227550811
869
227550821
869
227550831
869
227550841
869
227550851
869
227550861
869
227550871
869
227550881
869
227550891
869
227550901
869
227550911
869
227550921
869
227550931
869
227550941
869
227550951
869
227550961
869
227550971
869
227550981
869
227550991
869
227551001
869
227551011
869
227551021
869
227551031
869
227551041
869
227551051
869
227551061
869
227551071
869
227551081
869
227551091
869
227551101
869
227551111
869
227551121
869
227551131
869
227551141
869
227551151
869
227551161
869
227551171
869
227551181
869
227551191
869
227551201
869
227551211
869
227551221
869
227551231
869
227551241
869
227551251
869
227551261
869
227551271
869
227551281
869
227551291
869
227551301
869
227551311
869
227551321
869
227551331
869
227551341
869
227551351
869
227551361
869
227551371
869
227551381
869
227551391
869
227551401
869
227551411
869
227551421
869
227551431
869
227551441
869
227551451
869
227551461
869
227551471
869
227551481
869
227551491
869
227551501
869
227551511
869
227551521
869
227551531
869
227551541
869
227551551
869
227551561
869
227551571
869
227551581
869
227551591
869
227551601
869
227551611
869
227551621
869
227551631
869
227551641
869
227551651
869
227551661
869
227551671
869
227551681
869
227551691
869
227551701
869
227551711
869
227551721
869
227551731
869
227551741
869
227551751
869
227551761
869
227551771
869
227551781
869
227551791
869
227551801
869
227551811
869
227551821
869
227551831
869
227551841
869
227551851
869
227551861
869
227551871
869
227551881
869
227551891
869
227551901
869
227551911
869
227551921
869
227551931
869
227551941
869
227551951
869
227551961
869
227551971
869
227551981
869
227551991
869
227552001
869
227552011
869
227552021
869
227552031
869
227552041
869
227552051
869
227552061
869
227552071
869
227552081
869
227552091
869
227552101
869
227552111
869
227552121
869
227552131
869
227552141
869
227552151
869
227552161
869
227552171
869
227552181
869
227552191
869
227552201
869
227552211
869
227552221
869
227552231
869
227552241
869
227552251
869
227552261
869
227552271
869
227552281
869
227552291
869
227552301
869
227552311
869
227552321
869
227552331
869
227552341
869
227552351
869
227552361
869
227552371
869
227552381
869
227552391
869
227552401
869
227552411
869
227552421
869
227552431
869
227552441
869
227552451
869
227552461
869
227552471
869
227552481
869
227552491
869
227552501
869
227552511
869
227552521
869
227552531
869
227552541
869
227552551
869
227552561
869
227552571
869
227552581
869
227552591
869
227552601
869
227552611
869
227552621
869
227552631
869
227552641
869
227552651
869
227552661
869
227552671
869
227552681
869
227552691
869
227552701
869
227552711
869
227552721
869
227552731
869
227552741
869
227552751
869
227552761
869
227552771
869
227552781
869
227552791
869
227552801
869
227552811
869
227552821
869
227552831
869
227552841
869
227552851
869
227552861
869
227552871
869
227552881
869
227552891
869
227552901
869
227552911
869
227552921
869
227552931
869
227552941
869
227552951
869
227552961
869
227552971
869
227552981
869
227552991
869
227553001
869
227553011
869
227553021
869
227553031
869
227553041
869
227553051
869
227553061
869
227553071
869
227553081
869
227553091
869
227553101
869
227553111
869
227553121
869
227553131
869
227553141
869
227553151
869
227553161
869
227553171
869
227553181
869
227553191
869
227553201
869
227553211
869
227553221
869
227553231
869
227553241
869
227553251
869
227553261
869
227553271
869
227696649
869
227696659
869
227696669
869
227696679
869
227696689
869
227696699
869
227696709
869
227696719
869
227696729
869
227696739
869
227696749
869
227696759
869
227696769
869
227696779
869
227696789
869
227696799
869
227696809
869
227696819
869
227696829
869
227696839
869
227696849
869
227696859
869
227696869
869
227696879
869
227696889
869
227696899
869
227696909
869
227696919
869
227696929
869
227696939
869
227696949
869
227696959
869
227696969
869
227696979
869
227696989
869
227696999
869
227697009
869
227697019
869
227697029
869
227697039
869
227697049
869
227697059
869
227697069
869
227697079
869
227697089
869
227697099
869
227697109
869
227697119
869
227697129
869
227697139
869
227697149
869
227697159
869
227697169
869
227697179
869
227697189
869
227697199
869
227697209
869
227697219
869
227697229
869
227697239
869
227697249
869
227697259
869
227697269
869
227697279
869
227697289
869
227697299
869
227697309
869
227697319
869
227697329
869
227697339
869
227697349
869
227697359
869
227697369
869
227697379
869
227697389
869
227697399
869
227697409
869
227697419
869
227697429
869
227697439
869
227697449
869
227697459
869
227697469
869
227697479
869
227697489
869
227697499
869
227697509
869
227697519
869
227697529
869
227697539
869
227697549
869
227697559
869
227697569
869
227697579
869
227697589
869
227697599
869
227697609
869
227697619
869
227697629
869
227697639
869
227697649
869
227697659
869
227697669
869
227697679
869
227697689
869
227697699
869
227697709
869
227697719
869
227697729
869
227697739
869
227697749
869
227697759
869
227697769
869
227697779
869
227697789
869
227697799
869
227697809
869
227697819
869
227697829
869
227697839
869
227697849
869
227697859
869
227697869
869
227697879
869
227697889
869
227697899
869
227697909
869
227697919
869
227697929
869
227697939
869
227697949
869
227697959
869
227697969
869
227697979
869
227697989
869
227697999
869
227698009
869
227698019
869
227698029
869
227698039
869
227698049
869
227698059
869
227698069
869
227698079
869
227698089
869
227698099
869
227698109
869
227698119
869
227698129
869
227698139
869
227698149
869
227698159
869
227698169
869
227698179
869
227698189
869
227698199
869
227698209
869
227698219
869
227698229
869
227698239
869
227698249
869
227698259
869
227698269
869
227698279
869
227698289
869
227698299
869
227698309
869
227698319
869
227698329
869
227698339
869
227698349
869
227698359
869
227698369
869
227698379
869
227698389
869
227698399
869
227698409
869
227698419
869
227698429
869
227698439
869
227698449
869
227698459
869
227698469
869
227698479
869
227698489
869
227698499
869
227698509
869
227698519
869
227698529
869
227698539
869
227698549
869
227698559
869
227698569
869
227698579
869
227698589
869
227698599
869
227698609
869
227698619
869
227698629
869
227698639
869
227698649
869
227698659
869
227698669
869
227698679
869
227698689
869
227698699
869
227698709
869
227698719
869
227698729
869
227698739
869
227698749
869
227698759
869
227698769
869
227698779
869
227698789
869
227698799
869
227698809
869
227698819
869
227698829
869
227698839
869
227698849
869
227698859
869
227698869
869
227698879
869
227698889
869
227698899
869
227698909
869
227698919
869
227698929
869
227698939
869
227698949
869
227698959
869
227698969
869
227698979
869
227698989
869
227698999
869
227699009
869
227699019
869
227699029
869
227699039
869
227699049
869
227699059
869
227699069
869
227699079
869
227699089
869
227699099
869
227699109
869
227699119
869
227699129
869
227699139
869
227699149
869
227699159
869
227699169
869
227699179
869
227699189
869
227699199
869
227699209
869
227699219
869
227699229
869
227699239
869
227699249
869
227699259
869
227699269
869
227699279
869
227699289
869
227699299
869
227699309
869
227699319
869
227699329
869
227699339
869
227699349
869
227699359
869
227699369
869
227699379
869
227699389
869
227699399
869
227699409
869
227699419
869
227699429
869
227699439
869
227699449
869
227699459
869
227699469
869
227699479
869
227699489
869
227699499
869
227699509
869
227699519
869
227699529
869
227699539
869
227699549
869
227699559
869
227699569
869
227699579
869
227699589
869
227699599
869
227699609
869
227699619
869
227699629
869
227699639
869
227699649
869
227699659
869
227699669
869
227699679
869
227699689
869
227699699
869
227699709
869
227699719
869
227699729
869
227699739
869
227699749
869
227699759
869
227699769
869
227699779
869
227699789
869
227699799
869
227699809
869
227699819
869
227699829
869
227699839
869
227699849
869
227699859
869
227699869
869
227699879
869
227699889
869
227699899
869
227699909
869
227699919
869
227699929
869
227699939
869
227699949
869
227699959
869
227699969
869
227699979
869
227699989
869
227699999
869
227700009
869
227700019
869
227700029
869
227700039
869
227700049
869
227700059
869
227700069
869
227700079
869
227700089
869
227700099
869
227700109
869
227700119
869
227700129
869
227700139
869
227700149
869
227700159
869
227700169
869
227700179
869
227700189
869
227700199
869
227700209
869
227700219
869
227700229
869
227700239
869
227700249
869
227700259
869
227700269
869
227700279
869
227700289
869
227700299
869
227700309
869
227700319
869
227700329
869
227700339
869
227700349
869
227700359
869
227700369
869
227700379
869
227700389
869
227700399
869
227700409
869
227700419
869
227700429
869
227700439
869
227700449
869
227700459
869
227700469
869
227700479
869
227700489
869
227700499
869
227700509
869
227700519
869
227700529
869
227700539
869
227700549
869
227700559
869
227700569
869
227700579
869
227700589
869
227700599
869
227700609
869
227700619
869
227700629
869
227700639
869
227700649
869
227700659
869
227700669
869
227700679
869
227700689
869
227700699
869
227700709
869
227700719
869
227700729
869
227631105
869
227631115
869
227631125
869
227631135
869
227631145
869
227631155
869
227631165
869
227631175
869
227631185
869
227631195
869
227631205
869
227631215
869
227631225
869
227631235
869
227631245
869
227631255
869
227631265
869
227631275
869
227631285
869
227631295
869
227631305
869
227631315
869
227631325
869
227631335
869
227631345
869
227631355
869
227631365
869
227631375
869
227631385
869
227631395
869
227631405
869
227631415
869
227631425
869
227631435
869
227631445
869
227631455
869
227631465
869
227631475
869
227631485
869
227631495
869
227631505
869
227631515
869
227631525
869
227631535
869
227631545
869
227631555
869
227631565
869
227631575
869
227631585
869
227631595
869
227631605
869
227631615
869
227631625
869
227631635
869
227631645
869
227631655
869
227631665
869
227631675
869
227631685
869
227631695
869
227631705
869
227631715
869
227631725
869
227631735
869
227631745
869
227631755
869
227631765
869
227631775
869
227631785
869
227631795
869
227631805
869
227631815
869
227631825
869
227631835
869
227631845
869
227631855
869
227631865
869
227631875
869
227631885
869
227631895
869
227631905
869
227631915
869
227631925
869
227631935
869
227631945
869
227631955
869
227631965
869
227631975
869
227631985
869
227631995
869
227632005
869
227632015
869
227632025
869
227632035
869
227632045
869
227632055
869
227632065
869
227632075
869
227632085
869
227632095
869
227632105
869
227632115
869
227632125
869
227632135
869
227632145
869
227632155
869
227632165
869
227632175
869
227632185
869
227632195
869
227632205
869
227632215
869
227632225
869
227632235
869
227632245
869
227632255
869
227632265
869
227632275
869
227632285
869
227632295
869
227632305
869
227632315
869
227632325
869
227632335
869
227632345
869
227632355
869
227632365
869
227632375
869
227632385
869
227632395
869
227632405
869
227632415
869
227632425
869
227632435
869
227632445
869
227632455
869
227632465
869
227632475
869
227632485
869
227632495
869
227632505
869
227632515
869
227632525
869
227632535
869
227632545
869
227632555
869
227632565
869
227632575
869
227632585
869
227632595
869
227632605
869
227632615
869
227632625
869
227632635
869
227632645
869
227632655
869
227632665
869
227632675
869
227632685
869
227632695
869
227632705
869
227632715
869
227632725
869
227632735
869
227632745
869
227632755
869
227632765
869
227632775
869
227632785
869
227632795
869
227632805
869
227632815
869
227632825
869
227632835
869
227632845
869
227632855
869
227632865
869
227632875
869
227632885
869
227632895
869
227632905
869
227632915
869
227632925
869
227632935
869
227632945
869
227632955
869
227632965
869
227632975
869
227632985
869
227632995
869
227633005
869
227633015
869
227633025
869
227633035
869
227633045
869
227633055
869
227633065
869
227633075
869
227633085
869
227633095
869
227633105
869
227633115
869
227633125
869
227633135
869
227633145
869
227633155
869
227633165
869
227633175
869
227633185
869
227633195
869
227633205
869
227633215
869
227633225
869
227633235
869
227633245
869
227633255
869
227633265
869
227633275
869
227633285
869
227633295
869
227633305
869
227633315
869
227633325
869
227633335
869
227633345
869
227633355
869
227633365
869
227633375
869
227633385
869
227633395
869
227633405
869
227633415
869
227633425
869
227633435
869
227633445
869
227633455
869
227633465
869
227633475
869
227633485
869
227633495
869
227633505
869
227633515
869
227633525
869
227633535
869
227633545
869
227633555
869
227633565
869
227633575
869
227633585
869
227633595
869
227633605
869
227633615
869
227633625
869
227633635
869
227633645
869
227633655
869
227633665
869
227633675
869
227633685
869
227633695
869
227633705
869
227633715
869
227633725
869
227633735
869
227633745
869
227633755
869
227633765
869
227633775
869
227633785
869
227633795
869
227633805
869
227633815
869
227633825
869
227633835
869
227633845
869
227633855
869
227633865
869
227633875
869
227633885
869
227633895
869
227633905
869
227633915
869
227633925
869
227633935
869
227633945
869
227633955
869
227633965
869
227633975
869
227633985
869
227633995
869
227634005
869
227634015
869
227634025
869
227634035
869
227634045
869
227634055
869
227634065
869
227634075
869
227634085
869
227634095
869
227634105
869
227634115
869
227634125
869
227634135
869
227634145
869
227634155
869
227634165
869
227634175
869
227634185
869
227634195
869
227634205
869
227634215
869
227634225
869
227634235
869
227634245
869
227634255
869
227634265
869
227634275
869
227634285
869
227634295
869
227634305
869
227634315
869
227634325
869
227634335
869
227634345
869
227634355
869
227634365
869
227634375
869
227634385
869
227634395
869
227634405
869
227634415
869
227634425
869
227634435
869
227634445
869
227634455
869
227634465
869
227634475
869
227634485
869
227634495
869
227634505
869
227634515
869
227634525
869
227634535
869
227634545
869
227634555
869
227634565
869
227634575
869
227634585
869
227634595
869
227634605
869
227634615
869
227634625
869
227634635
869
227634645
869
227634655
869
227634665
869
227634675
869
227634685
869
227634695
869
227634705
869
227634715
869
227634725
869
227634735
869
227634745
869
227634755
869
227634765
869
227634775
869
227634785
869
227634795
869
227634805
869
227634815
869
227634825
869
227634835
869
227634845
869
227634855
869
227634865
869
227634875
869
227634885
869
227634895
869
227634905
869
227634915
869
227634925
869
227634935
869
227634945
869
227634955
869
227634965
869
227634975
869
227634985
869
227634995
869
227635005
869
227635015
869
227635025
869
227635035
869
227635045
869
227635055
869
227635065
869
227635075
869
227635085
869
227635095
869
227635105
869
227635115
869
227635125
869
227635135
869
227635145
869
227635155
869
227635165
869
227635175
869
227635185
869
227635195
869
227655685
869
227655695
869
227655705
869
227655715
869
227655725
869
227655735
869
227655745
869
227655755
869
227655765
869
227655775
869
227655785
869
227655795
869
227655805
869
227655815
869
227655825
869
227655835
869
227655845
869
227655855
869
227655865
869
227655875
869
227655885
869
227655895
869
227655905
869
227655915
869
227655925
869
227655935
869
227655945
869
227655955
869
227655965
869
227655975
869
227655985
869
227655995
869
227656005
869
227656015
869
227656025
869
227656035
869
227656045
869
227656055
869
227656065
869
227656075
869
227656085
869
227656095
869
227656105
869
227656115
869
227656125
869
227656135
869
227656145
869
227656155
869
227656165
869
227656175
869
227656185
869
227656195
869
227656205
869
227656215
869
227656225
869
227656235
869
227656245
869
227656255
869
227656265
869
227656275
869
227656285
869
227656295
869
227656305
869
227656315
869
227656325
869
227656335
869
227656345
869
227656355
869
227656365
869
227656375
869
227656385
869
227656395
869
227656405
869
227656415
869
227656425
869
227656435
869
227656445
869
227656455
869
227656465
869
227656475
869
227656485
869
227656495
869
227656505
869
227656515
869
227656525
869
227656535
869
227656545
869
227656555
869
227656565
869
227656575
869
227656585
869
227656595
869
227656605
869
227656615
869
227656625
869
227656635
869
227656645
869
227656655
869
227656665
869
227656675
869
227656685
869
227656695
869
227656705
869
227656715
869
227656725
869
227656735
869
227656745
869
227656755
869
227656765
869
227656775
869
227656785
869
227656795
869
227656805
869
227656815
869
227656825
869
227656835
869
227656845
869
227656855
869
227656865
869
227656875
869
227656885
869
227656895
869
227656905
869
227656915
869
227656925
869
227656935
869
227656945
869
227656955
869
227656965
869
227656975
869
227656985
869
227656995
869
227657005
869
227657015
869
227657025
869
227657035
869
227657045
869
227657055
869
227657065
869
227657075
869
227657085
869
227657095
869
227657105
869
227657115
869
227657125
869
227657135
869
227657145
869
227657155
869
227657165
869
227657175
869
227657185
869
227657195
869
227657205
869
227657215
869
227657225
869
227657235
869
227657245
869
227657255
869
227657265
869
227657275
869
227657285
869
227657295
869
227657305
869
227657315
869
227657325
869
227657335
869
227657345
869
227657355
869
227657365
869
227657375
869
227657385
869
227657395
869
227657405
869
227657415
869
227657425
869
227657435
869
227657445
869
227657455
869
227657465
869
227657475
869
227657485
869
227657495
869
227657505
869
227657515
869
227657525
869
227657535
869
227657545
869
227657555
869
227657565
869
227657575
869
227657585
869
227657595
869
227657605
869
227657615
869
227657625
869
227657635
869
227657645
869
227657655
869
227657665
869
227657675
869
227657685
869
227657695
869
227657705
869
227657715
869
227657725
869
227657735
869
227657745
869
227657755
869
227657765
869
227657775
869
227657785
869
227657795
869
227657805
869
227657815
869
227657825
869
227657835
869
227657845
869
227657855
869
227657865
869
227657875
869
227657885
869
227657895
869
227657905
869
227657915
869
227657925
869
227657935
869
227657945
869
227657955
869
227657965
869
227657975
869
227657985
869
227657995
869
227658005
869
227658015
869
227658025
869
227658035
869
227658045
869
227658055
869
227658065
869
227658075
869
227658085
869
227658095
869
227658105
869
227658115
869
227658125
869
227658135
869
227658145
869
227658155
869
227658165
869
227658175
869
227658185
869
227658195
869
227658205
869
227658215
869
227658225
869
227658235
869
227658245
869
227658255
869
227658265
869
227658275
869
227658285
869
227658295
869
227658305
869
227658315
869
227658325
869
227658335
869
227658345
869
227658355
869
227658365
869
227658375
869
227658385
869
227658395
869
227658405
869
227658415
869
227658425
869
227658435
869
227658445
869
227658455
869
227658465
869
227658475
869
227658485
869
227658495
869
227658505
869
227658515
869
227658525
869
227658535
869
227658545
869
227658555
869
227658565
869
227658575
869
227658585
869
227658595
869
227658605
869
227658615
869
227658625
869
227658635
869
227658645
869
227658655
869
227658665
869
227658675
869
227658685
869
227658695
869
227658705
869
227658715
869
227658725
869
227658735
869
227658745
869
227658755
869
227658765
869
227658775
869
227658785
869
227658795
869
227658805
869
227658815
869
227658825
869
227658835
869
227658845
869
227658855
869
227658865
869
227658875
869
227658885
869
227658895
869
227658905
869
227658915
869
227658925
869
227658935
869
227658945
869
227658955
869
227658965
869
227658975
869
227658985
869
227658995
869
227659005
869
227659015
869
227659025
869
227659035
869
227659045
869
227659055
869
227659065
869
227659075
869
227659085
869
227659095
869
227659105
869
227659115
869
227659125
869
227659135
869
227659145
869
227659155
869
227659165
869
227659175
869
227659185
869
227659195
869
227659205
869
227659215
869
227659225
869
227659235
869
227659245
869
227659255
869
227659265
869
227659275
869
227659285
869
227659295
869
227659305
869
227659315
869
227659325
869
227659335
869
227659345
869
227659355
869
227659365
869
227659375
869
227659385
869
227659395
869
227659405
869
227659415
869
227659425
869
227659435
869
227659445
869
227659455
869
227659465
869
227659475
869
227659485
869
227659495
869
227659505
869
227659515
869
227659525
869
227659535
869
227659545
869
227659555
869
227659565
869
227659575
869
227659585
869
227659595
869
227659605
869
227659615
869
227659625
869
227659635
869
227659645
869
227659655
869
227659665
869
227659675
869
227659685
869
227659695
869
227659705
869
227659715
869
227659725
869
227659735
869
227659745
869
227659755
869
227659765
869
227659775
869
227577857
869
227577867
869
227577877
869
227577887
869
227577897
869
227577907
869
227577917
869
227577927
869
227577937
869
227577947
869
227577957
869
227577967
869
227577977
869
227577987
869
227577997
869
227578007
869
227578017
869
227578027
869
227578037
869
227578047
869
227578057
869
227578067
869
227578077
869
227578087
869
227578097
869
227578107
869
227578117
869
227578127
869
227578137
869
227578147
869
227578157
869
227578167
869
227578177
869
227578187
869
227578197
869
227578207
869
227578217
869
227578227
869
227578237
869
227578247
869
227578257
869
227578267
869
227578277
869
227578287
869
227578297
869
227578307
869
227578317
869
227578327
869
227578337
869
227578347
869
227578357
869
227578367
869
227578377
869
227578387
869
227578397
869
227578407
869
227578417
869
227578427
869
227578437
869
227578447
869
227578457
869
227578467
869
227578477
869
227578487
869
227578497
869
227578507
869
227578517
869
227578527
869
227578537
869
227578547
869
227578557
869
227578567
869
227578577
869
227578587
869
227578597
869
227578607
869
227578617
869
227578627
869
227578637
869
227578647
869
227578657
869
227578667
869
227578677
869
227578687
869
227578697
869
227578707
869
227578717
869
227578727
869
227578737
869
227578747
869
227578757
869
227578767
869
227578777
869
227578787
869
227578797
869
227578807
869
227578817
869
227578827
869
227578837
869
227578847
869
227578857
869
227578867
869
227578877
869
227578887
869
227578897
869
227578907
869
227578917
869
227578927
869
227578937
869
227578947
869
227578957
869
227578967
869
227578977
869
227578987
869
227578997
869
227579007
869
227579017
869
227579027
869
227579037
869
227579047
869
227579057
869
227579067
869
227579077
869
227579087
869
227579097
869
227579107
869
227579117
869
227579127
869
227579137
869
227579147
869
227579157
869
227579167
869
227579177
869
227579187
869
227579197
869
227579207
869
227579217
869
227579227
869
227579237
869
227579247
869
227579257
869
227579267
869
227579277
869
227579287
869
227579297
869
227579307
869
227579317
869
227579327
869
227579337
869
227579347
869
227579357
869
227579367
869
227579377
869
227579387
869
227579397
869
227579407
869
227579417
869
227579427
869
227579437
869
227579447
869
227579457
869
227579467
869
227579477
869
227579487
869
227579497
869
227579507
869
227579517
869
227579527
869
227579537
869
227579547
869
227579557
869
227579567
869
227579577
869
227579587
869
227579597
869
227579607
869
227579617
869
227579627
869
227579637
869
227579647
869
227579657
869
227579667
869
227579677
869
227579687
869
227579697
869
227579707
869
227579717
869
227579727
869
227579737
869
227579747
869
227579757
869
227579767
869
227579777
869
227579787
869
227579797
869
227579807
869
227579817
869
227579827
869
227579837
869
227579847
869
227579857
869
227579867
869
227579877
869
227579887
869
227579897
869
227579907
869
227579917
869
227579927
869
227579937
869
227579947
869
227579957
869
227579967
869
227579977
869
227579987
869
227579997
869
227580007
869
227580017
869
227580027
869
227580037
869
227580047
869
227580057
869
227580067
869
227580077
869
227580087
869
227580097
869
227580107
869
227580117
869
227580127
869
227580137
869
227580147
869
227580157
869
227580167
869
227580177
869
227580187
869
227580197
869
227580207
869
227580217
869
227580227
869
227580237
869
227580247
869
227580257
869
227580267
869
227580277
869
227580287
869
227580297
869
227580307
869
227580317
869
227580327
869
227580337
869
227580347
869
227580357
869
227580367
869
227580377
869
227580387
869
227580397
869
227580407
869
227580417
869
227580427
869
227580437
869
227580447
869
227580457
869
227580467
869
227580477
869
227580487
869
227580497
869
227580507
869
227580517
869
227580527
869
227580537
869
227580547
869
227580557
869
227580567
869
227580577
869
227580587
869
227580597
869
227580607
869
227580617
869
227580627
869
227580637
869
227580647
869
227580657
869
227580667
869
227580677
869
227580687
869
227580697
869
227580707
869
227580717
869
227580727
869
227580737
869
227580747
869
227580757
869
227580767
869
227580777
869
227580787
869
227580797
869
227580807
869
227580817
869
227580827
869
227580837
869
227580847
869
227580857
869
227580867
869
227580877
869
227580887
869
227580897
869
227580907
869
227580917
869
227580927
869
227580937
869
227580947
869
227580957
869
227580967
869
227580977
869
227580987
869
227580997
869
227581007
869
227581017
869
227581027
869
227581037
869
227581047
869
227581057
869
227581067
869
227581077
869
227581087
869
227581097
869
227581107
869
227581117
869
227581127
869
227581137
869
227581147
869
227581157
869
227581167
869
227581177
869
227581187
869
227581197
869
227581207
869
227581217
869
227581227
869
227581237
869
227581247
869
227581257
869
227581267
869
227581277
869
227581287
869
227581297
869
227581307
869
227581317
869
227581327
869
227581337
869
227581347
869
227581357
869
227581367
869
227581377
869
227581387
869
227581397
869
227581407
869
227581417
869
227581427
869
227581437
869
227581447
869
227581457
869
227581467
869
227581477
869
227581487
869
227581497
869
227581507
869
227581517
869
227581527
869
227581537
869
227581547
869
227581557
869
227581567
869
227581577
869
227581587
869
227581597
869
227581607
869
227581617
869
227581627
869
227581637
869
227581647
869
227581657
869
227581667
869
227581677
869
227581687
869
227581697
869
227581707
869
227581717
869
227581727
869
227581737
869
227581747
869
227581757
869
227581767
869
227581777
869
227581787
869
227581797
869
227581807
869
227581817
869
227581827
869
227581837
869
227581847
869
227581857
869
227581867
869
227581877
869
227581887
869
227581897
869
227581907
869
227581917
869
227581927
869
227581937
869
227581947
869
227602437
869
227602447
869
227602457
869
227602467
869
227602477
869
227602487
869
227602497
869
227602507
869
227602517
869
227602527
869
227602537
869
227602547
869
227602557
869
227602567
869
227602577
869
227602587
869
227602597
869
227602607
869
227602617
869
227602627
869
227602637
869
227602647
869
227602657
869
227602667
869
227602677
869
227602687
869
227602697
869
227602707
869
227602717
869
227602727
869
227602737
869
227602747
869
227602757
869
227602767
869
227602777
869
227602787
869
227602797
869
227602807
869
227602817
869
227602827
869
227602837
869
227602847
869
227602857
869
227602867
869
227602877
869
227602887
869
227602897
869
227602907
869
227602917
869
227602927
869
227602937
869
227602947
869
227602957
869
227602967
869
227602977
869
227602987
869
227602997
869
227603007
869
227603017
869
227603027
869
227603037
869
227603047
869
227603057
869
227603067
869
227603077
869
227603087
869
227603097
869
227603107
869
227603117
869
227603127
869
227603137
869
227603147
869
227603157
869
227603167
869
227603177
869
227603187
869
227603197
869
227603207
869
227603217
869
227603227
869
227603237
869
227603247
869
227603257
869
227603267
869
227603277
869
227603287
869
227603297
869
227603307
869
227603317
869
227603327
869
227603337
869
227603347
869
227603357
869
227603367
869
227603377
869
227603387
869
227603397
869
227603407
869
227603417
869
227603427
869
227603437
869
227603447
869
227603457
869
227603467
869
227603477
869
227603487
869
227603497
869
227603507
869
227603517
869
227603527
869
227603537
869
227603547
869
227603557
869
227603567
869
227603577
869
227603587
869
227603597
869
227603607
869
227603617
869
227603627
869
227603637
869
227603647
869
227603657
869
227603667
869
227603677
869
227603687
869
227603697
869
227603707
869
227603717
869
227603727
869
227603737
869
227603747
869
227603757
869
227603767
869
227603777
869
227603787
869
227603797
869
227603807
869
227603817
869
227603827
869
227603837
869
227603847
869
227603857
869
227603867
869
227603877
869
227603887
869
227603897
869
227603907
869
227603917
869
227603927
869
227603937
869
227603947
869
227603957
869
227603967
869
227603977
869
227603987
869
227603997
869
227604007
869
227604017
869
227604027
869
227604037
869
227604047
869
227604057
869
227604067
869
227604077
869
227604087
869
227604097
869
227604107
869
227604117
869
227604127
869
227604137
869
227604147
869
227604157
869
227604167
869
227604177
869
227604187
869
227604197
869
227604207
869
227604217
869
227604227
869
227604237
869
227604247
869
227604257
869
227604267
869
227604277
869
227604287
869
227604297
869
227604307
869
227604317
869
227604327
869
227604337
869
227604347
869
227604357
869
227604367
869
227604377
869
227604387
869
227604397
869
227604407
869
227604417
869
227604427
869
227604437
869
227604447
869
227604457
869
227604467
869
227604477
869
227604487
869
227604497
869
227604507
869
227604517
869
227604527
869
227604537
869
227604547
869
227604557
869
227604567
869
227604577
869
227604587
869
227604597
869
227604607
869
227604617
869
227604627
869
227604637
869
227604647
869
227604657
869
227604667
869
227604677
869
227604687
869
227604697
869
227604707
869
227604717
869
227604727
869
227604737
869
227604747
869
227604757
869
227604767
869
227604777
869
227604787
869
227604797
869
227604807
869
227604817
869
227604827
869
227604837
869
227604847
869
227604857
869
227604867
869
227604877
869
227604887
869
227604897
869
227604907
869
227604917
869
227604927
869
227604937
869
227604947
869
227604957
869
227604967
869
227604977
869
227604987
869
227604997
869
227605007
869
227605017
869
227605027
869
227605037
869
227605047
869
227605057
869
227605067
869
227605077
869
227605087
869
227605097
869
227605107
869
227605117
869
227605127
869
227605137
869
227605147
869
227605157
869
227605167
869
227605177
869
227605187
869
227605197
869
227605207
869
227605217
869
227605227
869
227605237
869
227605247
869
227605257
869
227605267
869
227605277
869
227605287
869
227605297
869
227605307
869
227605317
869
227605327
869
227605337
869
227605347
869
227605357
869
227605367
869
227605377
869
227605387
869
227605397
869
227605407
869
227605417
869
227605427
869
227605437
869
227605447
869
227605457
869
227605467
869
227605477
869
227605487
869
227605497
869
227605507
869
227605517
869
227605527
869
227605537
869
227605547
869
227605557
869
227605567
869
227605577
869
227605587
869
227605597
869
227605607
869
227605617
869
227605627
869
227605637
869
227605647
869
227605657
869
227605667
869
227605677
869
227605687
869
227605697
869
227605707
869
227605717
869
227605727
869
227605737
869
227605747
869
227605757
869
227605767
869
227605777
869
227605787
869
227605797
869
227605807
869
227605817
869
227605827
869
227605837
869
227605847
869
227605857
869
227605867
869
227605877
869
227605887
869
227605897
869
227605907
869
227605917
869
227605927
869
227605937
869
227605947
869
227605957
869
227605967
869
227605977
869
227605987
869
227605997
869
227606007
869
227606017
869
227606027
869
227606037
869
227606047
869
227606057
869
227606067
869
227606077
869
227606087
869
227606097
869
227606107
869
227606117
869
227606127
869
227606137
869
227606147
869
227606157
869
227606167
869
227606177
869
227606187
869
227606197
869
227606207
869
227606217
869
227606227
869
227606237
869
227606247
869
227606257
869
227606267
869
227606277
869
227606287
869
227606297
869
227606307
869
227606317
869
227606327
869
227606337
869
227606347
869
227606357
869
227606367
869
227606377
869
227606387
869
227606397
869
227606407
869
227606417
869
227606427
869
227606437
869
227606447
869
227606457
869
227606467
869
227606477
869
227606487
869
227606497
869
227606507
869
227606517
869
227606527
869
227762177
869
227762187
869
227762197
869
227762207
869
227762217
869
227762227
869
227762237
869
227762247
869
227762257
869
227762267
869
227762277
869
227762287
869
227762297
869
227762307
869
227762317
869
227762327
869
227762337
869
227762347
869
227762357
869
227762367
869
227762377
869
227762387
869
227762397
869
227762407
869
227762417
869
227762427
869
227762437
869
227762447
869
227762457
869
227762467
869
227762477
869
227762487
869
227762497
869
227762507
869
227762517
869
227762527
869
227762537
869
227762547
869
227762557
869
227762567
869
227762577
869
227762587
869
227762597
869
227762607
869
227762617
869
227762627
869
227762637
869
227762647
869
227762657
869
227762667
869
227762677
869
227762687
869
227762697
869
227762707
869
227762717
869
227762727
869
227762737
869
227762747
869
227762757
869
227762767
869
227762777
869
227762787
869
227762797
869
227762807
869
227762817
869
227762827
869
227762837
869
227762847
869
227762857
869
227762867
869
227762877
869
227762887
869
227762897
869
227762907
869
227762917
869
227762927
869
227762937
869
227762947
869
227762957
869
227762967
869
227762977
869
227762987
869
227762997
869
227763007
869
227763017
869
227763027
869
227763037
869
227763047
869
227763057
869
227763067
869
227763077
869
227763087
869
227763097
869
227763107
869
227763117
869
227763127
869
227763137
869
227763147
869
227763157
869
227763167
869
227763177
869
227763187
869
227763197
869
227763207
869
227763217
869
227763227
869
227763237
869
227763247
869
227763257
869
227763267
869
227763277
869
227763287
869
227763297
869
227763307
869
227763317
869
227763327
869
227763337
869
227763347
869
227763357
869
227763367
869
227763377
869
227763387
869
227763397
869
227763407
869
227763417
869
227763427
869
227763437
869
227763447
869
227763457
869
227763467
869
227763477
869
227763487
869
227763497
869
227763507
869
227763517
869
227763527
869
227763537
869
227763547
869
227763557
869
227763567
869
227763577
869
227763587
869
227763597
869
227763607
869
227763617
869
227763627
869
227763637
869
227763647
869
227763657
869
227763667
869
227763677
869
227763687
869
227763697
869
227763707
869
227763717
869
227763727
869
227763737
869
227763747
869
227763757
869
227763767
869
227763777
869
227763787
869
227763797
869
227763807
869
227763817
869
227763827
869
227763837
869
227763847
869
227763857
869
227763867
869
227763877
869
227763887
869
227763897
869
227763907
869
227763917
869
227763927
869
227763937
869
227763947
869
227763957
869
227763967
869
227763977
869
227763987
869
227763997
869
227764007
869
227764017
869
227764027
869
227764037
869
227764047
869
227764057
869
227764067
869
227764077
869
227764087
869
227764097
869
227764107
869
227764117
869
227764127
869
227764137
869
227764147
869
227764157
869
227764167
869
227764177
869
227764187
869
227764197
869
227764207
869
227764217
869
227764227
869
227764237
869
227764247
869
227764257
869
227764267
869
227764277
869
227764287
869
227764297
869
227764307
869
227764317
869
227764327
869
227764337
869
227764347
869
227764357
869
227764367
869
227764377
869
227764387
869
227764397
869
227764407
869
227764417
869
227764427
869
227764437
869
227764447
869
227764457
869
227764467
869
227764477
869
227764487
869
227764497
869
227764507
869
227764517
869
227764527
869
227764537
869
227764547
869
227764557
869
227764567
869
227764577
869
227764587
869
227764597
869
227764607
869
227764617
869
227764627
869
227764637
869
227764647
869
227764657
869
227764667
869
227764677
869
227764687
869
227764697
869
227764707
869
227764717
869
227764727
869
227764737
869
227764747
869
227764757
869
227764767
869
227764777
869
227764787
869
227764797
869
227764807
869
227764817
869
227764827
869
227764837
869
227764847
869
227764857
869
227764867
869
227764877
869
227764887
869
227764897
869
227764907
869
227764917
869
227764927
869
227764937
869
227764947
869
227764957
869
227764967
869
227764977
869
227764987
869
227764997
869
227765007
869
227765017
869
227765027
869
227765037
869
227765047
869
227765057
869
227765067
869
227765077
869
227765087
869
227765097
869
227765107
869
227765117
869
227765127
869
227765137
869
227765147
869
227765157
869
227765167
869
227765177
869
227765187
869
227765197
869
227765207
869
227765217
869
227765227
869
227765237
869
227765247
869
227765257
869
227765267
869
227765277
869
227765287
869
227765297
869
227765307
869
227765317
869
227765327
869
227765337
869
227765347
869
227765357
869
227765367
869
227765377
869
227765387
869
227765397
869
227765407
869
227765417
869
227765427
869
227765437
869
227765447
869
227765457
869
227765467
869
227765477
869
227765487
869
227765497
869
227765507
869
227765517
869
227765527
869
227765537
869
227765547
869
227765557
869
227765567
869
227765577
869
227765587
869
227765597
869
227765607
869
227765617
869
227765627
869
227765637
869
227765647
869
227765657
869
227765667
869
227765677
869
227765687
869
227765697
869
227765707
869
227765717
869
227765727
869
227765737
869
227765747
869
227765757
869
227765767
869
227765777
869
227765787
869
227765797
869
227765807
869
227765817
869
227765827
869
227765837
869
227765847
869
227765857
869
227765867
869
227765877
869
227765887
869
227765897
869
227765907
869
227765917
869
227765927
869
227765937
869
227765947
869
227765957
869
227765967
869
227765977
869
227765987
869
227765997
869
227766007
869
227766017
869
227766027
869
227766037
869
227766047
869
227766057
869
227766067
869
227766077
869
227766087
869
227766097
869
227766107
869
227766117
869
227766127
869
227766137
869
227766147
869
227766157
869
227766167
869
227766177
869
227766187
869
227766197
869
227766207
869
227766217
869
227766227
869
227766237
869
227766247
869
227766257
869
227766267
869
227786757
869
227786767
869
227786777
869
227786787
869
227786797
869
227786807
869
227786817
869
227786827
869
227786837
869
227786847
869
227786857
869
227786867
869
227786877
869
227786887
869
227786897
869
227786907
869
227786917
869
227786927
869
227786937
869
227786947
869
227786957
869
227786967
869
227786977
869
227786987
869
227786997
869
227787007
869
227787017
869
227787027
869
227787037
869
227787047
869
227787057
869
227787067
869
227787077
869
227787087
869
227787097
869
227787107
869
227787117
869
227787127
869
227787137
869
227787147
869
227787157
869
227787167
869
227787177
869
227787187
869
227787197
869
227787207
869
227787217
869
227787227
869
227787237
869
227787247
869
227787257
869
227787267
869
227787277
869
227787287
869
227787297
869
227787307
869
227787317
869
227787327
869
227787337
869
227787347
869
227787357
869
227787367
869
227787377
869
227787387
869
227787397
869
227787407
869
227787417
869
227787427
869
227787437
869
227787447
869
227787457
869
227787467
869
227787477
869
227787487
869
227787497
869
227787507
869
227787517
869
227787527
869
227787537
869
227787547
869
227787557
869
227787567
869
227787577
869
227787587
869
227787597
869
227787607
869
227787617
869
227787627
869
227787637
869
227787647
869
227787657
869
227787667
869
227787677
869
227787687
869
227787697
869
227787707
869
227787717
869
227787727
869
227787737
869
227787747
869
227787757
869
227787767
869
227787777
869
227787787
869
227787797
869
227787807
869
227787817
869
227787827
869
227787837
869
227787847
869
227787857
869
227787867
869
227787877
869
227787887
869
227787897
869
227787907
869
227787917
869
227787927
869
227787937
869
227787947
869
227787957
869
227787967
869
227787977
869
227787987
869
227787997
869
227788007
869
227788017
869
227788027
869
227788037
869
227788047
869
227788057
869
227788067
869
227788077
869
227788087
869
227788097
869
227788107
869
227788117
869
227788127
869
227788137
869
227788147
869
227788157
869
227788167
869
227788177
869
227788187
869
227788197
869
227788207
869
227788217
869
227788227
869
227788237
869
227788247
869
227788257
869
227788267
869
227788277
869
227788287
869
227788297
869
227788307
869
227788317
869
227788327
869
227788337
869
227788347
869
227788357
869
227788367
869
227788377
869
227788387
869
227788397
869
227788407
869
227788417
869
227788427
869
227788437
869
227788447
869
227788457
869
227788467
869
227788477
869
227788487
869
227788497
869
227788507
869
227788517
869
227788527
869
227788537
869
227788547
869
227788557
869
227788567
869
227788577
869
227788587
869
227788597
869
227788607
869
227788617
869
227788627
869
227788637
869
227788647
869
227788657
869
227788667
869
227788677
869
227788687
869
227788697
869
227788707
869
227788717
869
227788727
869
227788737
869
227788747
869
227788757
869
227788767
869
227788777
869
227788787
869
227788797
869
227788807
869
227788817
869
227788827
869
227788837
869
227788847
869
227788857
869
227788867
869
227788877
869
227788887
869
227788897
869
227788907
869
227788917
869
227788927
869
227788937
869
227788947
869
227788957
869
227788967
869
227788977
869
227788987
869
227788997
869
227789007
869
227789017
869
227789027
869
227789037
869
227789047
869
227789057
869
227789067
869
227789077
869
227789087
869
227789097
869
227789107
869
227789117
869
227789127
869
227789137
869
227789147
869
227789157
869
227789167
869
227789177
869
227789187
869
227789197
869
227789207
869
227789217
869
227789227
869
227789237
869
227789247
869
227789257
869
227789267
869
227789277
869
227789287
869
227789297
869
227789307
869
227789317
869
227789327
869
227789337
869
227789347
869
227789357
869
227789367
869
227789377
869
227789387
869
227789397
869
227789407
869
227789417
869
227789427
869
227789437
869
227789447
869
227789457
869
227789467
869
227789477
869
227789487
869
227789497
869
227789507
869
227789517
869
227789527
869
227789537
869
227789547
869
227789557
869
227789567
869
227789577
869
227789587
869
227789597
869
227789607
869
227789617
869
227789627
869
227789637
869
227789647
869
227789657
869
227789667
869
227789677
869
227789687
869
227789697
869
227789707
869
227789717
869
227789727
869
227789737
869
227789747
869
227789757
869
227789767
869
227789777
869
227789787
869
227789797
869
227789807
869
227789817
869
227789827
869
227789837
869
227789847
869
227789857
869
227789867
869
227789877
869
227789887
869
227789897
869
227789907
869
227789917
869
227789927
869
227789937
869
227789947
869
227789957
869
227789967
869
227789977
869
227789987
869
227789997
869
227790007
869
227790017
869
227790027
869
227790037
869
227790047
869
227790057
869
227790067
869
227790077
869
227790087
869
227790097
869
227790107
869
227790117
869
227790127
869
227790137
869
227790147
869
227790157
869
227790167
869
227790177
869
227790187
869
227790197
869
227790207
869
227790217
869
227790227
869
227790237
869
227790247
869
227790257
869
227790267
869
227790277
869
227790287
869
227790297
869
227790307
869
227790317
869
227790327
869
227790337
869
227790347
869
227790357
869
227790367
869
227790377
869
227790387
869
227790397
869
227790407
869
227790417
869
227790427
869
227790437
869
227790447
869
227790457
869
227790467
869
227790477
869
227790487
869
227790497
869
227790507
869
227790517
869
227790527
869
227790537
869
227790547
869
227790557
869
227790567
869
227790577
869
227790587
869
227790597
869
227790607
869
227790617
869
227790627
869
227790637
869
227790647
869
227790657
869
227790667
869
227790677
869
227790687
869
227790697
869
227790707
869
227790717
869
227790727
869
227790737
869
227790747
869
227790757
869
227790767
869
227790777
869
227790787
869
227790797
869
227790807
869
227790817
869
227790827
869
227790837
869
227790847
869
227606537
869
227606547
869
227606557
869
227606567
869
227606577
869
227606587
869
227606597
869
227606607
869
227606617
869
227606627
869
227606637
869
227606647
869
227606657
869
227606667
869
227606677
869
227606687
869
227606697
869
227606707
869
227606717
869
227606727
869
227606737
869
227606747
869
227606757
869
227606767
869
227606777
869
227606787
869
227606797
869
227606807
869
227606817
869
227606827
869
227606837
869
227606847
869
227606857
869
227606867
869
227606877
869
227606887
869
227606897
869
227606907
869
227606917
869
227606927
869
227606937
869
227606947
869
227606957
869
227606967
869
227606977
869
227606987
869
227606997
869
227607007
869
227607017
869
227607027
869
227607037
869
227607047
869
227607057
869
227607067
869
227607077
869
227607087
869
227607097
869
227607107
869
227607117
869
227607127
869
227607137
869
227607147
869
227607157
869
227607167
869
227607177
869
227607187
869
227607197
869
227607207
869
227607217
869
227607227
869
227607237
869
227607247
869
227607257
869
227607267
869
227607277
869
227607287
869
227607297
869
227607307
869
227607317
869
227607327
869
227607337
869
227607347
869
227607357
869
227607367
869
227607377
869
227607387
869
227607397
869
227607407
869
227607417
869
227607427
869
227607437
869
227607447
869
227607457
869
227607467
869
227607477
869
227607487
869
227607497
869
227607507
869
227607517
869
227607527
869
227607537
869
227607547
869
227607557
869
227607567
869
227607577
869
227607587
869
227607597
869
227607607
869
227607617
869
227607627
869
227607637
869
227607647
869
227607657
869
227607667
869
227607677
869
227607687
869
227607697
869
227607707
869
227607717
869
227607727
869
227607737
869
227607747
869
227607757
869
227607767
869
227607777
869
227607787
869
227607797
869
227607807
869
227607817
869
227607827
869
227607837
869
227607847
869
227607857
869
227607867
869
227607877
869
227607887
869
227607897
869
227607907
869
227607917
869
227607927
869
227607937
869
227607947
869
227607957
869
227607967
869
227607977
869
227607987
869
227607997
869
227608007
869
227608017
869
227608027
869
227608037
869
227608047
869
227608057
869
227608067
869
227608077
869
227608087
869
227608097
869
227608107
869
227608117
869
227608127
869
227608137
869
227608147
869
227608157
869
227608167
869
227608177
869
227608187
869
227608197
869
227608207
869
227608217
869
227608227
869
227608237
869
227608247
869
227608257
869
227608267
869
227608277
869
227608287
869
227608297
869
227608307
869
227608317
869
227608327
869
227608337
869
227608347
869
227608357
869
227608367
869
227608377
869
227608387
869
227608397
869
227608407
869
227608417
869
227608427
869
227608437
869
227608447
869
227608457
869
227608467
869
227608477
869
227608487
869
227608497
869
227608507
869
227608517
869
227608527
869
227608537
869
227608547
869
227608557
869
227608567
869
227608577
869
227608587
869
227608597
869
227608607
869
227608617
869
227608627
869
227608637
869
227608647
869
227608657
869
227608667
869
227608677
869
227608687
869
227608697
869
227608707
869
227608717
869
227608727
869
227608737
869
227608747
869
227608757
869
227608767
869
227608777
869
227608787
869
227608797
869
227608807
869
227608817
869
227608827
869
227608837
869
227608847
869
227608857
869
227608867
869
227608877
869
227608887
869
227608897
869
227608907
869
227608917
869
227608927
869
227608937
869
227608947
869
227608957
869
227608967
869
227608977
869
227608987
869
227608997
869
227609007
869
227609017
869
227609027
869
227609037
869
227609047
869
227609057
869
227609067
869
227609077
869
227609087
869
227609097
869
227609107
869
227609117
869
227609127
869
227609137
869
227609147
869
227609157
869
227609167
869
227609177
869
227609187
869
227609197
869
227609207
869
227609217
869
227609227
869
227609237
869
227609247
869
227609257
869
227609267
869
227609277
869
227609287
869
227609297
869
227609307
869
227609317
869
227609327
869
227609337
869
227609347
869
227609357
869
227609367
869
227609377
869
227609387
869
227609397
869
227609407
869
227609417
869
227609427
869
227609437
869
227609447
869
227609457
869
227609467
869
227609477
869
227609487
869
227609497
869
227609507
869
227609517
869
227609527
869
227609537
869
227609547
869
227609557
869
227609567
869
227609577
869
227609587
869
227609597
869
227609607
869
227609617
869
227609627
869
227609637
869
227609647
869
227609657
869
227609667
869
227609677
869
227609687
869
227609697
869
227609707
869
227609717
869
227609727
869
227609737
869
227609747
869
227609757
869
227609767
869
227609777
869
227609787
869
227609797
869
227609807
869
227609817
869
227609827
869
227609837
869
227609847
869
227609857
869
227609867
869
227609877
869
227609887
869
227609897
869
227609907
869
227609917
869
227609927
869
227609937
869
227609947
869
227609957
869
227609967
869
227609977
869
227609987
869
227609997
869
227610007
869
227610017
869
227610027
869
227610037
869
227610047
869
227610057
869
227610067
869
227610077
869
227610087
869
227610097
869
227610107
869
227610117
869
227610127
869
227610137
869
227610147
869
227610157
869
227610167
869
227610177
869
227610187
869
227610197
869
227610207
869
227610217
869
227610227
869
227610237
869
227610247
869
227610257
869
227610267
869
227610277
869
227610287
869
227610297
869
227610307
869
227610317
869
227610327
869
227610337
869
227610347
869
227610357
869
227610367
869
227610377
869
227610387
869
227610397
869
227610407
869
227610417
869
227610427
869
227610437
869
227610447
869
227610457
869
227610467
869
227610477
869
227610487
869
227610497
869
227610507
869
227610517
869
227610527
869
227610537
869
227610547
869
227610557
869
227610567
869
227610577
869
227610587
869
227610597
869
227610607
869
227610617
869
227704835
869
227704845
869
227704855
869
227704865
869
227704875
869
227704885
869
227704895
869
227704905
869
227704915
869
227704925
869
227704935
869
227704945
869
227704955
869
227704965
869
227704975
869
227704985
869
227704995
869
227705005
869
227705015
869
227705025
869
227705035
869
227705045
869
227705055
869
227705065
869
227705075
869
227705085
869
227705095
869
227705105
869
227705115
869
227705125
869
227705135
869
227705145
869
227705155
869
227705165
869
227705175
869
227705185
869
227705195
869
227705205
869
227705215
869
227705225
869
227705235
869
227705245
869
227705255
869
227705265
869
227705275
869
227705285
869
227705295
869
227705305
869
227705315
869
227705325
869
227705335
869
227705345
869
227705355
869
227705365
869
227705375
869
227705385
869
227705395
869
227705405
869
227705415
869
227705425
869
227705435
869
227705445
869
227705455
869
227705465
869
227705475
869
227705485
869
227705495
869
227705505
869
227705515
869
227705525
869
227705535
869
227705545
869
227705555
869
227705565
869
227705575
869
227705585
869
227705595
869
227705605
869
227705615
869
227705625
869
227705635
869
227705645
869
227705655
869
227705665
869
227705675
869
227705685
869
227705695
869
227705705
869
227705715
869
227705725
869
227705735
869
227705745
869
227705755
869
227705765
869
227705775
869
227705785
869
227705795
869
227705805
869
227705815
869
227705825
869
227705835
869
227705845
869
227705855
869
227705865
869
227705875
869
227705885
869
227705895
869
227705905
869
227705915
869
227705925
869
227705935
869
227705945
869
227705955
869
227705965
869
227705975
869
227705985
869
227705995
869
227706005
869
227706015
869
227706025
869
227706035
869
227706045
869
227706055
869
227706065
869
227706075
869
227706085
869
227706095
869
227706105
869
227706115
869
227706125
869
227706135
869
227706145
869
227706155
869
227706165
869
227706175
869
227706185
869
227706195
869
227706205
869
227706215
869
227706225
869
227706235
869
227706245
869
227706255
869
227706265
869
227706275
869
227706285
869
227706295
869
227706305
869
227706315
869
227706325
869
227706335
869
227706345
869
227706355
869
227706365
869
227706385
869
227706375
869
227706395
869
227706405
869
227706415
869
227706425
869
227706435
869
227706445
869
227706455
869
227706465
869
227706475
869
227706485
869
227706495
869
227706505
869
227706515
869
227706525
869
227706535
869
227706545
869
227706555
869
227706565
869
227706575
869
227706585
869
227706595
869
227706605
869
227706615
869
227706625
869
227706635
869
227706645
869
227706655
869
227706665
869
227706675
869
227706685
869
227706695
869
227706705
869
227706715
869
227706725
869
227706735
869
227706745
869
227706755
869
227706765
869
227706775
869
227706785
869
227706795
869
227706805
869
227706815
869
227706825
869
227706835
869
227706845
869
227706855
869
227706865
869
227706875
869
227706885
869
227706895
869
227706905
869
227706915
869
227706925
869
227706935
869
227706945
869
227706955
869
227706965
869
227706975
869
227706985
869
227706995
869
227707005
869
227707015
869
227707025
869
227707035
869
227707045
869
227707055
869
227707065
869
227707075
869
227707085
869
227707095
869
227707105
869
227707115
869
227707125
869
227707135
869
227707145
869
227707155
869
227707165
869
227707175
869
227707185
869
227707195
869
227707205
869
227707215
869
227707225
869
227707235
869
227707245
869
227707255
869
227707265
869
227707275
869
227707285
869
227707295
869
227707305
869
227707315
869
227707325
869
227707335
869
227707345
869
227707355
869
227707365
869
227707375
869
227707385
869
227707395
869
227707405
869
227707415
869
227707425
869
227707435
869
227707445
869
227707455
869
227707465
869
227707475
869
227707485
869
227707495
869
227707505
869
227707515
869
227707525
869
227707535
869
227707545
869
227707555
869
227707565
869
227707575
869
227707585
869
227707595
869
227707605
869
227707615
869
227707625
869
227707635
869
227707645
869
227707655
869
227707665
869
227707675
869
227707685
869
227707695
869
227707705
869
227707715
869
227707725
869
227707735
869
227707745
869
227707755
869
227707765
869
227707775
869
227707785
869
227707795
869
227707805
869
227707815
869
227707825
869
227707835
869
227707845
869
227707855
869
227707865
869
227707875
869
227707885
869
227707895
869
227707905
869
227707915
869
227707925
869
227707935
869
227707945
869
227707955
869
227707965
869
227707975
869
227707985
869
227707995
869
227708005
869
227708015
869
227708025
869
227708035
869
227708045
869
227708055
869
227708065
869
227708075
869
227708085
869
227708095
869
227708105
869
227708115
869
227708125
869
227708135
869
227708145
869
227708155
869
227708165
869
227708175
869
227708185
869
227708195
869
227708205
869
227708215
869
227708225
869
227708235
869
227708245
869
227708255
869
227708265
869
227708275
869
227708285
869
227708295
869
227708305
869
227708315
869
227708325
869
227708335
869
227708345
869
227708355
869
227708365
869
227708375
869
227708385
869
227708395
869
227708405
869
227708415
869
227708425
869
227708435
869
227708445
869
227708455
869
227708465
869
227708475
869
227708485
869
227708495
869
227708505
869
227708515
869
227708525
869
227708535
869
227708545
869
227708555
869
227708565
869
227708575
869
227708585
869
227708595
869
227708605
869
227708615
869
227708625
869
227708635
869
227708645
869
227708655
869
227708665
869
227708675
869
227708685
869
227708695
869
227708705
869
227708715
869
227708725
869
227708735
869
227708745
869
227708755
869
227708765
869
227708775
869
227708785
869
227708795
869
227708805
869
227708815
869
227708825
869
227708835
869
227708845
869
227708855
869
227708865
869
227708875
869
227708885
869
227708895
869
227708905
869
227708915
869
227708925
869
227758085
869
227758095
869
227758105
869
227758115
869
227758125
869
227758135
869
227758145
869
227758155
869
227758165
869
227758175
869
227758185
869
227758195
869
227758205
869
227758215
869
227758225
869
227758235
869
227758245
869
227758255
869
227758265
869
227758275
869
227758285
869
227758295
869
227758305
869
227758315
869
227758325
869
227758335
869
227758345
869
227758355
869
227758365
869
227758375
869
227758385
869
227758395
869
227758405
869
227758415
869
227758425
869
227758435
869
227758445
869
227758455
869
227758465
869
227758475
869
227758485
869
227758495
869
227758505
869
227758515
869
227758525
869
227758535
869
227758545
869
227758555
869
227758565
869
227758575
869
227758585
869
227758595
869
227758605
869
227758615
869
227758625
869
227758635
869
227758645
869
227758655
869
227758665
869
227758675
869
227758685
869
227758695
869
227758705
869
227758715
869
227758725
869
227758735
869
227758745
869
227758755
869
227758765
869
227758775
869
227758785
869
227758795
869
227758805
869
227758815
869
227758825
869
227758835
869
227758845
869
227758855
869
227758865
869
227758875
869
227758885
869
227758895
869
227758905
869
227758915
869
227758925
869
227758935
869
227758945
869
227758955
869
227758965
869
227758975
869
227758985
869
227758995
869
227759005
869
227759015
869
227759025
869
227759035
869
227759045
869
227759055
869
227759065
869
227759075
869
227759085
869
227759095
869
227759105
869
227759115
869
227759125
869
227759135
869
227759145
869
227759155
869
227759165
869
227759175
869
227759185
869
227759195
869
227759205
869
227759215
869
227759225
869
227759235
869
227759245
869
227759255
869
227759265
869
227759275
869
227759285
869
227759295
869
227759305
869
227759315
869
227759325
869
227759335
869
227759345
869
227759355
869
227759365
869
227759375
869
227759385
869
227759395
869
227759405
869
227759415
869
227759425
869
227759435
869
227759445
869
227759455
869
227759465
869
227759475
869
227759485
869
227759495
869
227759505
869
227759515
869
227759525
869
227759535
869
227759545
869
227759555
869
227759565
869
227759575
869
227759585
869
227759595
869
227759605
869
227759615
869
227759625
869
227759635
869
227759645
869
227759655
869
227759665
869
227759675
869
227759685
869
227759695
869
227759705
869
227759715
869
227759725
869
227759735
869
227759745
869
227759755
869
227759765
869
227759775
869
227759785
869
227759795
869
227759805
869
227759815
869
227759825
869
227759835
869
227759845
869
227759855
869
227759865
869
227759875
869
227759885
869
227759895
869
227759905
869
227759915
869
227759925
869
227759935
869
227759945
869
227759955
869
227759965
869
227759975
869
227759985
869
227759995
869
227760005
869
227760015
869
227760025
869
227760035
869
227760045
869
227760055
869
227760065
869
227760075
869
227760085
869
227760095
869
227760105
869
227760115
869
227760125
869
227760135
869
227760145
869
227760155
869
227760165
869
227760175
869
227760185
869
227760195
869
227760205
869
227760215
869
227760225
869
227760235
869
227760245
869
227760255
869
227760265
869
227760275
869
227760285
869
227760295
869
227760305
869
227760315
869
227760325
869
227760335
869
227760345
869
227760355
869
227760365
869
227760375
869
227760385
869
227760395
869
227760405
869
227760415
869
227760425
869
227760435
869
227760445
869
227760455
869
227760465
869
227760475
869
227760485
869
227760495
869
227760505
869
227760515
869
227760525
869
227760535
869
227760545
869
227760555
869
227760565
869
227760575
869
227760585
869
227760595
869
227760605
869
227760615
869
227760625
869
227760635
869
227760645
869
227760655
869
227760665
869
227760675
869
227760685
869
227760695
869
227760705
869
227760715
869
227760725
869
227760735
869
227760745
869
227760755
869
227760765
869
227760775
869
227760785
869
227760795
869
227760805
869
227760815
869
227760825
869
227760835
869
227760845
869
227760855
869
227760865
869
227760875
869
227760885
869
227760895
869
227760905
869
227760915
869
227760925
869
227760935
869
227760945
869
227760955
869
227760965
869
227760975
869
227760985
869
227760995
869
227761005
869
227761015
869
227761025
869
227761035
869
227761045
869
227761055
869
227761065
869
227761075
869
227761085
869
227761095
869
227761105
869
227761115
869
227761125
869
227761135
869
227761145
869
227761155
869
227761165
869
227761175
869
227761185
869
227761195
869
227761205
869
227761215
869
227761225
869
227761235
869
227761245
869
227761255
869
227761265
869
227761275
869
227761285
869
227761295
869
227761305
869
227761315
869
227761325
869
227761335
869
227761345
869
227761355
869
227761365
869
227761375
869
227761385
869
227761395
869
227761405
869
227761415
869
227761425
869
227761435
869
227761445
869
227761455
869
227761465
869
227761475
869
227761485
869
227761495
869
227761505
869
227761515
869
227761525
869
227761535
869
227761545
869
227761555
869
227761565
869
227761575
869
227761585
869
227761595
869
227761605
869
227761615
869
227761625
869
227761635
869
227761645
869
227761655
869
227761665
869
227761675
869
227761685
869
227761695
869
227761705
869
227761715
869
227761725
869
227761735
869
227761745
869
227761755
869
227761765
869
227761775
869
227761785
869
227761795
869
227761805
869
227761815
869
227761825
869
227761835
869
227761845
869
227761855
869
227761865
869
227761875
869
227761885
869
227761895
869
227761905
869
227761915
869
227761925
869
227761935
869
227761945
869
227761955
869
227761965
869
227761975
869
227761985
869
227761995
869
227762005
869
227762015
869
227762025
869
227762035
869
227762045
869
227762055
869
227762065
869
227762075
869
227762085
869
227762095
869
227762106
869
227762115
869
227762125
869
227762135
869
227762145
869
227762155
869
227762165
869
227762175
869
227647489
869
227647499
869
227647509
869
227647519
869
227647529
869
227647539
869
227647549
869
227647559
869
227647569
869
227647579
869
227647589
869
227647599
869
227647609
869
227647619
869
227647629
869
227647639
869
227647649
869
227647659
869
227647669
869
227647679
869
227647689
869
227647699
869
227647709
869
227647719
869
227647729
869
227647739
869
227647749
869
227647759
869
227647769
869
227647779
869
227647789
869
227647799
869
227647809
869
227647819
869
227647829
869
227647839
869
227647849
869
227647859
869
227647869
869
227647879
869
227647889
869
227647899
869
227647909
869
227647919
869
227647929
869
227647939
869
227647949
869
227647959
869
227647969
869
227647979
869
227647989
869
227647999
869
227648009
869
227648019
869
227648029
869
227648039
869
227648049
869
227648059
869
227648069
869
227648079
869
227648089
869
227648099
869
227648109
869
227648119
869
227648129
869
227648139
869
227648149
869
227648159
869
227648169
869
227648179
869
227648189
869
227648199
869
227648209
869
227648219
869
227648229
869
227648239
869
227648249
869
227648259
869
227648269
869
227648279
869
227648289
869
227648299
869
227648309
869
227648319
869
227648329
869
227648339
869
227648349
869
227648359
869
227648369
869
227648379
869
227648389
869
227648399
869
227648409
869
227648419
869
227648429
869
227648439
869
227648449
869
227648459
869
227648469
869
227648479
869
227648489
869
227648499
869
227648509
869
227648519
869
227648529
869
227648539
869
227648549
869
227648559
869
227648569
869
227648579
869
227648589
869
227648599
869
227648609
869
227648619
869
227648629
869
227648639
869
227648649
869
227648659
869
227648669
869
227648679
869
227648689
869
227648699
869
227648709
869
227648719
869
227648729
869
227648739
869
227648749
869
227648759
869
227648769
869
227648779
869
227648789
869
227648799
869
227648809
869
227648819
869
227648829
869
227648839
869
227648849
869
227648859
869
227648869
869
227648879
869
227648889
869
227648899
869
227648909
869
227648919
869
227648929
869
227648939
869
227648949
869
227648959
869
227648969
869
227648979
869
227648989
869
227648999
869
227649009
869
227649019
869
227649029
869
227649039
869
227649049
869
227649059
869
227649069
869
227649079
869
227649089
869
227649099
869
227649109
869
227649119
869
227649129
869
227649139
869
227649149
869
227649159
869
227649169
869
227649179
869
227649189
869
227649199
869
227649209
869
227649219
869
227649229
869
227649239
869
227649249
869
227649259
869
227649269
869
227649279
869
227649289
869
227649299
869
227649309
869
227649319
869
227649329
869
227649339
869
227649349
869
227649359
869
227649369
869
227649379
869
227649389
869
227649399
869
227649409
869
227649419
869
227649429
869
227649439
869
227649449
869
227649459
869
227649469
869
227649479
869
227649489
869
227649499
869
227649509
869
227649519
869
227649529
869
227649539
869
227649549
869
227649559
869
227649569
869
227649579
869
227649589
869
227649599
869
227649609
869
227649619
869
227649629
869
227649639
869
227649649
869
227649659
869
227649669
869
227649679
869
227649689
869
227649699
869
227649709
869
227649719
869
227649729
869
227649739
869
227649749
869
227649759
869
227649769
869
227649779
869
227649789
869
227649799
869
227649809
869
227649819
869
227649829
869
227649839
869
227649849
869
227649859
869
227649869
869
227649879
869
227649889
869
227649899
869
227649909
869
227649919
869
227649929
869
227649939
869
227649949
869
227649959
869
227649969
869
227649979
869
227649989
869
227649999
869
227650009
869
227650019
869
227650029
869
227650039
869
227650049
869
227650059
869
227650069
869
227650079
869
227650089
869
227650099
869
227650109
869
227650119
869
227650129
869
227650139
869
227650149
869
227650159
869
227650169
869
227650179
869
227650189
869
227650199
869
227650209
869
227650219
869
227650229
869
227650239
869
227650249
869
227650259
869
227650269
869
227650279
869
227650289
869
227650299
869
227650309
869
227650319
869
227650329
869
227650339
869
227650349
869
227650359
869
227650369
869
227650379
869
227650389
869
227650399
869
227650409
869
227650419
869
227650429
869
227650439
869
227650449
869
227650459
869
227650469
869
227650479
869
227650489
869
227650499
869
227650509
869
227650519
869
227650529
869
227650539
869
227650549
869
227650559
869
227650569
869
227650579
869
227650589
869
227650599
869
227650609
869
227650619
869
227650629
869
227650639
869
227650649
869
227650659
869
227650669
869
227650679
869
227650689
869
227650699
869
227650709
869
227650719
869
227650729
869
227650739
869
227650749
869
227650759
869
227650769
869
227650779
869
227650789
869
227650799
869
227650809
869
227650819
869
227650829
869
227650839
869
227650849
869
227650859
869
227650869
869
227650879
869
227650889
869
227650899
869
227650909
869
227650919
869
227650929
869
227650939
869
227650949
869
227650959
869
227650969
869
227650979
869
227650989
869
227650999
869
227651009
869
227651019
869
227651029
869
227651039
869
227651049
869
227651059
869
227651069
869
227651079
869
227651089
869
227651099
869
227651109
869
227651119
869
227651129
869
227651139
869
227651149
869
227651159
869
227651169
869
227651179
869
227651189
869
227651199
869
227651209
869
227651219
869
227651229
869
227651239
869
227651249
869
227651259
869
227651269
869
227651279
869
227651289
869
227651299
869
227651309
869
227651319
869
227651329
869
227651339
869
227651349
869
227651359
869
227651369
869
227651379
869
227651389
869
227651399
869
227651409
869
227651419
869
227651429
869
227651439
869
227651449
869
227651459
869
227651469
869
227651479
869
227651489
869
227651499
869
227651509
869
227651519
869
227651529
869
227651539
869
227651549
869
227651559
869
227651569
869
227651579
869
227725317
869
227725327
869
227725337
869
227725347
869
227725357
869
227725367
869
227725377
869
227725387
869
227725397
869
227725407
869
227725417
869
227725427
869
227725437
869
227725447
869
227725457
869
227725467
869
227725477
869
227725487
869
227725497
869
227725507
869
227725517
869
227725527
869
227725537
869
227725547
869
227725557
869
227725567
869
227725577
869
227725587
869
227725597
869
227725607
869
227725617
869
227725627
869
227725637
869
227725647
869
227725657
869
227725667
869
227725677
869
227725687
869
227725697
869
227725707
869
227725717
869
227725727
869
227725737
869
227725747
869
227725757
869
227725767
869
227725777
869
227725787
869
227725797
869
227725807
869
227725817
869
227725827
869
227725837
869
227725847
869
227725857
869
227725867
869
227725877
869
227725887
869
227725897
869
227725907
869
227725917
869
227725927
869
227725937
869
227725947
869
227725957
869
227725967
869
227725977
869
227725987
869
227725997
869
227726007
869
227726017
869
227726027
869
227726037
869
227726047
869
227726057
869
227726067
869
227726077
869
227726087
869
227726097
869
227726107
869
227726117
869
227726127
869
227726137
869
227726147
869
227726157
869
227726167
869
227726177
869
227726187
869
227726197
869
227726207
869
227726217
869
227726227
869
227726237
869
227726247
869
227726257
869
227726267
869
227726277
869
227726287
869
227726297
869
227726307
869
227726317
869
227726327
869
227726337
869
227726347
869
227726357
869
227726367
869
227726377
869
227726387
869
227726397
869
227726407
869
227726417
869
227726427
869
227726437
869
227726447
869
227726457
869
227726467
869
227726477
869
227726487
869
227726497
869
227726507
869
227726517
869
227726527
869
227726537
869
227726547
869
227726557
869
227726567
869
227726577
869
227726587
869
227726597
869
227726607
869
227726617
869
227726627
869
227726637
869
227726647
869
227726657
869
227726667
869
227726677
869
227726687
869
227726697
869
227726707
869
227726717
869
227726727
869
227726737
869
227726747
869
227726757
869
227726767
869
227726777
869
227726787
869
227726797
869
227726807
869
227726817
869
227726827
869
227726837
869
227726847
869
227726857
869
227726867
869
227726877
869
227726887
869
227726897
869
227726907
869
227726917
869
227726927
869
227726937
869
227726947
869
227726957
869
227726967
869
227726977
869
227726987
869
227726997
869
227727007
869
227727017
869
227727027
869
227727037
869
227727047
869
227727057
869
227727067
869
227727077
869
227727087
869
227727097
869
227727107
869
227727117
869
227727127
869
227727137
869
227727147
869
227727157
869
227727167
869
227727177
869
227727187
869
227727197
869
227727207
869
227727217
869
227727227
869
227727237
869
227727247
869
227727257
869
227727267
869
227727277
869
227727287
869
227727297
869
227727307
869
227727317
869
227727327
869
227727337
869
227727347
869
227727357
869
227727367
869
227727377
869
227727387
869
227727397
869
227727407
869
227727417
869
227727427
869
227727437
869
227727447
869
227727457
869
227727467
869
227727477
869
227727487
869
227727497
869
227727507
869
227727517
869
227727527
869
227727537
869
227727547
869
227727557
869
227727567
869
227727577
869
227727587
869
227727597
869
227727607
869
227727617
869
227727627
869
227727637
869
227727647
869
227727657
869
227727667
869
227727677
869
227727687
869
227727697
869
227727707
869
227727717
869
227727727
869
227727737
869
227727747
869
227727757
869
227727767
869
227727777
869
227727787
869
227727797
869
227727807
869
227727817
869
227727827
869
227727837
869
227727847
869
227727857
869
227727867
869
227727877
869
227727887
869
227727897
869
227727907
869
227727917
869
227727927
869
227727937
869
227727947
869
227727957
869
227727967
869
227727977
869
227727987
869
227727997
869
227728007
869
227728017
869
227728027
869
227728037
869
227728047
869
227728057
869
227728067
869
227728077
869
227728087
869
227728097
869
227728107
869
227728117
869
227728127
869
227728137
869
227728147
869
227728157
869
227728167
869
227728177
869
227728187
869
227728197
869
227728207
869
227728217
869
227728227
869
227728237
869
227728247
869
227728257
869
227728267
869
227728277
869
227728287
869
227728297
869
227728307
869
227728317
869
227728327
869
227728337
869
227728347
869
227728357
869
227728367
869
227728377
869
227728387
869
227728397
869
227728407
869
227728417
869
227728427
869
227728437
869
227728447
869
227728457
869
227728467
869
227728477
869
227728487
869
227728497
869
227728507
869
227728517
869
227728527
869
227728537
869
227728547
869
227728557
869
227728567
869
227728577
869
227728587
869
227728597
869
227728607
869
227728617
869
227728627
869
227728637
869
227728647
869
227728657
869
227728667
869
227728677
869
227728687
869
227728697
869
227728707
869
227728717
869
227728727
869
227728737
869
227728747
869
227728757
869
227728767
869
227728777
869
227728787
869
227728797
869
227728807
869
227728817
869
227728827
869
227728837
869
227728847
869
227728857
869
227728867
869
227728877
869
227728887
869
227728897
869
227728907
869
227728917
869
227728927
869
227728937
869
227728947
869
227728957
869
227728967
869
227728977
869
227728987
869
227728997
869
227729007
869
227729017
869
227729027
869
227729037
869
227729047
869
227729057
869
227729067
869
227729077
869
227729087
869
227729097
869
227729107
869
227729117
869
227729127
869
227729137
869
227729147
869
227729157
869
227729167
869
227729177
869
227729187
869
227729197
869
227729207
869
227729217
869
227729227
869
227729237
869
227729247
869
227729257
869
227729267
869
227729277
869
227729287
869
227729297
869
227729307
869
227729317
869
227729327
869
227729337
869
227729347
869
227729357
869
227729367
869
227729377
869
227729387
869
227729397
869
227729407
869
227745799
869
227745809
869
227745819
869
227745829
869
227745839
869
227745849
869
227745859
869
227745869
869
227745879
869
227745889
869
227745899
869
227745909
869
227745919
869
227745929
869
227745939
869
227745949
869
227745959
869
227745969
869
227745979
869
227745989
869
227745999
869
227746009
869
227746019
869
227746029
869
227746039
869
227746049
869
227746059
869
227746069
869
227746079
869
227746089
869
227746099
869
227746109
869
227746119
869
227746129
869
227746139
869
227746149
869
227746159
869
227746169
869
227746179
869
227746189
869
227746199
869
227746209
869
227746219
869
227746229
869
227746239
869
227746249
869
227746259
869
227746269
869
227746279
869
227746289
869
227746299
869
227746309
869
227746319
869
227746329
869
227746339
869
227746349
869
227746359
869
227746369
869
227746379
869
227746389
869
227746399
869
227746409
869
227746419
869
227746429
869
227746439
869
227746449
869
227746459
869
227746469
869
227746479
869
227746489
869
227746499
869
227746509
869
227746519
869
227746529
869
227746539
869
227746549
869
227746559
869
227746569
869
227746579
869
227746589
869
227746599
869
227746609
869
227746619
869
227746629
869
227746639
869
227746649
869
227746659
869
227746669
869
227746679
869
227746689
869
227746699
869
227746709
869
227746719
869
227746729
869
227746739
869
227746749
869
227746759
869
227746769
869
227746779
869
227746789
869
227746799
869
227746809
869
227746819
869
227746829
869
227746839
869
227746849
869
227746859
869
227746869
869
227746879
869
227746889
869
227746899
869
227746909
869
227746919
869
227746929
869
227746939
869
227746949
869
227746959
869
227746969
869
227746979
869
227746989
869
227746999
869
227747009
869
227747019
869
227747029
869
227747039
869
227747049
869
227747059
869
227747069
869
227747079
869
227747089
869
227747099
869
227747109
869
227747119
869
227747129
869
227747139
869
227747149
869
227747159
869
227747169
869
227747179
869
227747189
869
227747199
869
227747209
869
227747219
869
227747229
869
227747239
869
227747249
869
227747259
869
227747269
869
227747279
869
227747289
869
227747299
869
227747309
869
227747319
869
227747329
869
227747339
869
227747349
869
227747359
869
227747369
869
227747379
869
227747389
869
227747399
869
227747409
869
227747419
869
227747429
869
227747439
869
227747449
869
227747459
869
227747469
869
227747479
869
227747489
869
227747499
869
227747509
869
227747519
869
227747529
869
227747539
869
227747549
869
227747559
869
227747569
869
227747579
869
227747589
869
227747599
869
227747609
869
227747619
869
227747629
869
227747639
869
227747649
869
227747659
869
227747669
869
227747679
869
227747689
869
227747699
869
227747709
869
227747719
869
227747729
869
227747739
869
227747749
869
227747759
869
227747769
869
227747779
869
227747789
869
227747799
869
227747809
869
227747819
869
227747829
869
227747839
869
227747849
869
227747859
869
227747869
869
227747879
869
227747889
869
227747899
869
227747909
869
227747919
869
227747929
869
227747939
869
227747949
869
227747959
869
227747969
869
227747979
869
227747989
869
227747999
869
227748009
869
227748019
869
227748029
869
227748039
869
227748049
869
227748059
869
227748069
869
227748079
869
227748089
869
227748099
869
227748109
869
227748119
869
227748129
869
227748139
869
227748149
869
227748159
869
227748169
869
227748179
869
227748189
869
227748199
869
227748209
869
227748219
869
227748229
869
227748239
869
227748249
869
227748259
869
227748269
869
227748279
869
227748289
869
227748299
869
227748309
869
227748319
869
227748329
869
227748339
869
227748349
869
227748359
869
227748369
869
227748379
869
227748389
869
227748399
869
227748409
869
227748419
869
227748429
869
227748439
869
227748449
869
227748459
869
227748469
869
227748479
869
227748489
869
227748499
869
227748509
869
227748519
869
227748529
869
227748539
869
227748549
869
227748559
869
227748569
869
227748579
869
227748589
869
227748599
869
227748609
869
227748619
869
227748629
869
227748639
869
227748649
869
227748659
869
227748669
869
227748679
869
227748689
869
227748699
869
227748709
869
227748719
869
227748729
869
227748739
869
227748749
869
227748759
869
227748769
869
227748779
869
227748789
869
227748799
869
227748809
869
227748819
869
227748829
869
227748839
869
227748849
869
227748859
869
227748869
869
227748879
869
227748889
869
227748899
869
227748909
869
227748919
869
227748929
869
227748939
869
227748949
869
227748959
869
227748969
869
227748979
869
227748989
869
227748999
869
227749009
869
227749019
869
227749029
869
227749039
869
227749049
869
227749059
869
227749069
869
227749079
869
227749089
869
227749099
869
227749109
869
227749119
869
227749129
869
227749139
869
227749149
869
227749159
869
227749169
869
227749179
869
227749189
869
227749199
869
227749209
869
227749219
869
227749229
869
227749239
869
227749249
869
227749259
869
227749269
869
227749279
869
227749289
869
227749299
869
227749309
869
227749319
869
227749329
869
227749339
869
227749349
869
227749359
869
227749369
869
227749379
869
227749389
869
227749399
869
227749409
869
227749419
869
227749429
869
227749439
869
227749449
869
227749459
869
227749469
869
227749479
869
227749489
869
227749499
869
227749509
869
227749519
869
227749529
869
227749539
869
227749549
869
227749559
869
227749569
869
227749579
869
227749589
869
227749599
869
227749609
869
227749619
869
227749629
869
227749639
869
227749649
869
227749659
869
227749669
869
227749679
869
227749689
869
227749699
869
227749709
869
227749719
869
227749729
869
227749739
869
227749749
869
227749759
869
227749769
869
227749779
869
227749789
869
227749799
869
227749809
869
227749819
869
227749829
869
227749839
869
227749849
869
227749859
869
227749869
869
227749879
869
227553289
869
227553299
869
227553309
869
227553319
869
227553329
869
227553339
869
227553349
869
227553359
869
227553369
869
227553379
869
227553389
869
227553399
869
227553409
869
227553419
869
227553429
869
227553439
869
227553449
869
227553459
869
227553469
869
227553479
869
227553489
869
227553499
869
227553509
869
227553519
869
227553529
869
227553539
869
227553549
869
227553559
869
227553569
869
227553579
869
227553589
869
227553599
869
227553609
869
227553619
869
227553629
869
227553639
869
227553649
869
227553659
869
227553669
869
227553679
869
227553689
869
227553699
869
227553709
869
227553719
869
227553729
869
227553739
869
227553749
869
227553759
869
227553769
869
227553779
869
227553789
869
227553799
869
227553809
869
227553819
869
227553829
869
227553839
869
227553849
869
227553859
869
227553869
869
227553879
869
227553889
869
227553899
869
227553909
869
227553919
869
227553929
869
227553939
869
227553949
869
227553959
869
227553969
869
227553979
869
227553989
869
227553999
869
227554009
869
227554019
869
227554029
869
227554039
869
227554049
869
227554059
869
227554069
869
227554079
869
227554089
869
227554099
869
227554109
869
227554119
869
227554129
869
227554139
869
227554149
869
227554159
869
227554169
869
227554179
869
227554189
869
227554199
869
227554209
869
227554219
869
227554229
869
227554239
869
227554249
869
227554259
869
227554269
869
227554279
869
227554289
869
227554299
869
227554309
869
227554319
869
227554329
869
227554339
869
227554349
869
227554359
869
227554369
869
227554379
869
227554389
869
227554399
869
227554409
869
227554419
869
227554429
869
227554439
869
227554449
869
227554459
869
227554469
869
227554479
869
227554489
869
227554499
869
227554509
869
227554519
869
227554529
869
227554539
869
227554549
869
227554559
869
227554569
869
227554579
869
227554589
869
227554599
869
227554609
869
227554619
869
227554629
869
227554639
869
227554649
869
227554659
869
227554669
869
227554679
869
227554689
869
227554699
869
227554709
869
227554719
869
227554729
869
227554739
869
227554749
869
227554759
869
227554769
869
227554779
869
227554789
869
227554799
869
227554809
869
227554819
869
227554829
869
227554839
869
227554849
869
227554859
869
227554869
869
227554879
869
227554889
869
227554899
869
227554909
869
227554919
869
227554929
869
227554939
869
227554949
869
227554959
869
227554969
869
227554979
869
227554989
869
227554999
869
227555009
869
227555019
869
227555029
869
227555039
869
227555049
869
227555059
869
227555069
869
227555079
869
227555089
869
227555099
869
227555109
869
227555119
869
227555129
869
227555139
869
227555149
869
227555159
869
227555169
869
227555179
869
227555189
869
227555199
869
227555209
869
227555219
869
227555229
869
227555239
869
227555249
869
227555259
869
227555269
869
227555279
869
227555289
869
227555299
869
227555309
869
227555319
869
227555329
869
227555339
869
227555349
869
227555359
869
227555369
869
227555379
869
227555389
869
227555399
869
227555409
869
227555419
869
227555429
869
227555439
869
227555449
869
227555459
869
227555469
869
227555479
869
227555489
869
227555499
869
227555509
869
227555519
869
227555529
869
227555539
869
227555549
869
227555559
869
227555569
869
227555579
869
227555589
869
227555599
869
227555609
869
227555619
869
227555629
869
227555639
869
227555649
869
227555659
869
227555669
869
227555679
869
227555689
869
227555699
869
227555709
869
227555719
869
227555729
869
227555739
869
227555749
869
227555759
869
227555769
869
227555779
869
227555789
869
227555799
869
227555809
869
227555819
869
227555829
869
227555839
869
227555849
869
227555859
869
227555869
869
227555879
869
227555889
869
227555899
869
227555909
869
227555919
869
227555929
869
227555939
869
227555949
869
227555959
869
227555969
869
227555979
869
227555989
869
227555999
869
227556009
869
227556019
869
227556029
869
227556039
869
227556049
869
227556059
869
227556069
869
227556079
869
227556089
869
227556099
869
227556109
869
227556119
869
227556129
869
227556139
869
227556149
869
227556159
869
227556169
869
227556179
869
227556189
869
227556199
869
227556209
869
227556219
869
227556229
869
227556239
869
227556249
869
227556259
869
227556269
869
227556279
869
227556289
869
227556299
869
227556309
869
227556319
869
227556329
869
227556339
869
227556349
869
227556359
869
227556369
869
227556379
869
227556389
869
227556399
869
227556409
869
227556419
869
227556429
869
227556439
869
227556449
869
227556459
869
227556469
869
227556479
869
227556489
869
227556499
869
227556509
869
227556519
869
227556529
869
227556539
869
227556549
869
227556559
869
227556569
869
227556579
869
227556589
869
227556599
869
227556609
869
227556619
869
227556629
869
227556639
869
227556649
869
227556659
869
227556669
869
227556679
869
227556689
869
227556699
869
227556709
869
227556719
869
227556729
869
227556739
869
227556749
869
227556759
869
227556769
869
227556779
869
227556789
869
227556799
869
227556809
869
227556819
869
227556829
869
227556839
869
227556849
869
227556859
869
227556869
869
227556879
869
227556889
869
227556899
869
227556909
869
227556919
869
227556929
869
227556939
869
227556949
869
227556959
869
227556969
869
227556979
869
227556989
869
227556999
869
227557009
869
227557019
869
227557029
869
227557039
869
227557049
869
227557059
869
227557069
869
227557079
869
227557089
869
227557099
869
227557109
869
227557119
869
227557129
869
227557139
869
227557149
869
227557159
869
227557169
869
227557179
869
227557189
869
227557199
869
227557209
869
227557219
869
227557229
869
227557239
869
227557249
869
227557259
869
227557269
869
227557279
869
227557289
869
227557299
869
227557309
869
227557319
869
227557329
869
227557339
869
227557349
869
227557359
869
227557369
869
227561475
869
227561485
869
227561495
869
227561505
869
227561515
869
227561525
869
227561535
869
227561545
869
227561555
869
227561565
869
227561575
869
227561585
869
227561595
869
227561605
869
227561615
869
227561625
869
227561635
869
227561645
869
227561655
869
227561665
869
227561675
869
227561685
869
227561695
869
227561705
869
227561715
869
227561725
869
227561735
869
227561745
869
227561755
869
227561765
869
227561775
869
227561785
869
227561795
869
227561805
869
227561815
869
227561825
869
227561835
869
227561845
869
227561855
869
227561865
869
227561875
869
227561885
869
227561895
869
227561905
869
227561915
869
227561925
869
227561935
869
227561945
869
227561955
869
227561965
869
227561975
869
227561985
869
227561995
869
227562005
869
227562015
869
227562025
869
227562035
869
227562045
869
227562055
869
227562065
869
227562075
869
227562085
869
227562095
869
227562105
869
227562115
869
227562125
869
227562135
869
227562145
869
227562155
869
227562165
869
227562175
869
227562185
869
227562195
869
227562205
869
227562215
869
227562225
869
227562235
869
227562245
869
227562255
869
227562265
869
227562275
869
227562285
869
227562295
869
227562305
869
227562315
869
227562325
869
227562335
869
227562345
869
227562355
869
227562365
869
227562375
869
227562385
869
227562395
869
227562405
869
227562415
869
227562425
869
227562435
869
227562445
869
227562455
869
227562465
869
227562475
869
227562485
869
227562495
869
227562505
869
227562515
869
227562525
869
227562535
869
227562545
869
227562555
869
227562565
869
227562575
869
227562585
869
227562595
869
227562605
869
227562615
869
227562625
869
227562635
869
227562645
869
227562655
869
227562665
869
227562675
869
227562685
869
227562695
869
227562705
869
227562715
869
227562725
869
227562735
869
227562745
869
227562755
869
227562765
869
227562775
869
227562785
869
227562795
869
227562805
869
227562815
869
227562825
869
227562835
869
227562845
869
227562855
869
227562865
869
227562875
869
227562885
869
227562895
869
227562905
869
227562915
869
227562925
869
227562935
869
227562945
869
227562955
869
227562965
869
227562975
869
227562985
869
227562995
869
227563005
869
227563015
869
227563025
869
227563035
869
227563045
869
227563055
869
227563065
869
227563075
869
227563085
869
227563095
869
227563105
869
227563115
869
227563125
869
227563135
869
227563145
869
227563155
869
227563165
869
227563175
869
227563185
869
227563195
869
227563205
869
227563215
869
227563225
869
227563235
869
227563245
869
227563255
869
227563265
869
227563275
869
227563285
869
227563295
869
227563305
869
227563315
869
227563325
869
227563335
869
227563345
869
227563355
869
227563365
869
227563375
869
227563385
869
227563395
869
227563405
869
227563415
869
227563425
869
227563435
869
227563445
869
227563455
869
227563465
869
227563475
869
227563485
869
227563495
869
227563505
869
227563515
869
227563525
869
227563535
869
227563545
869
227563555
869
227563565
869
227563575
869
227563585
869
227563595
869
227563605
869
227563615
869
227563625
869
227563635
869
227563645
869
227563655
869
227563665
869
227563675
869
227563685
869
227563695
869
227563705
869
227563715
869
227563725
869
227563735
869
227563745
869
227563755
869
227563765
869
227563775
869
227563785
869
227563795
869
227563805
869
227563815
869
227563825
869
227563835
869
227563845
869
227563855
869
227563865
869
227563875
869
227563885
869
227563895
869
227563905
869
227563915
869
227563925
869
227563935
869
227563945
869
227563955
869
227563965
869
227563975
869
227563985
869
227563995
869
227564005
869
227564015
869
227564025
869
227564035
869
227564045
869
227564055
869
227564065
869
227564075
869
227564085
869
227564095
869
227564105
869
227564115
869
227564125
869
227564135
869
227564145
869
227564155
869
227564165
869
227564175
869
227564185
869
227564195
869
227564205
869
227564215
869
227564225
869
227564235
869
227564245
869
227564255
869
227564265
869
227564275
869
227564285
869
227564295
869
227564305
869
227564315
869
227564325
869
227564335
869
227564345
869
227564355
869
227564365
869
227564375
869
227564385
869
227564395
869
227564405
869
227564415
869
227564425
869
227564435
869
227564445
869
227564455
869
227564465
869
227564475
869
227564485
869
227564495
869
227564505
869
227564515
869
227564525
869
227564535
869
227564545
869
227564555
869
227564565
869
227564575
869
227564585
869
227564595
869
227564605
869
227564615
869
227564625
869
227564635
869
227564645
869
227564655
869
227564665
869
227564675
869
227564685
869
227564695
869
227564705
869
227564715
869
227564725
869
227564735
869
227564745
869
227564755
869
227564765
869
227564775
869
227564785
869
227564795
869
227564805
869
227564815
869
227564825
869
227564835
869
227564845
869
227564855
869
227564865
869
227564875
869
227564885
869
227564895
869
227564905
869
227564915
869
227564925
869
227564935
869
227564945
869
227564955
869
227564965
869
227564975
869
227564985
869
227564995
869
227565005
869
227565015
869
227565025
869
227565035
869
227565045
869
227565055
869
227565065
869
227565075
869
227565085
869
227565095
869
227565105
869
227565115
869
227565125
869
227565135
869
227565145
869
227565155
869
227565165
869
227565175
869
227565185
869
227565195
869
227565205
869
227565215
869
227565225
869
227565235
869
227565245
869
227565255
869
227565265
869
227565275
869
227565285
869
227565295
869
227565305
869
227565315
869
227565325
869
227565335
869
227565345
869
227565355
869
227565365
869
227565375
869
227565385
869
227565395
869
227565405
869
227565415
869
227565425
869
227565435
869
227565445
869
227565455
869
227565465
869
227565475
869
227565485
869
227565495
869
227565505
869
227565515
869
227565525
869
227565535
869
227565545
869
227565555
869
227565565
869
227565575
869
227565585
869
227565595
869
227565605
869
227565615
869
227565625
869
227565635
869
227565645
869
227565655
869
227565665
869
227565675
869
227565685
869
227565695
869
227565705
869
227565715
869
227565725
869
227565735
869
227565745
869
227565755
869
227565765
869
227565775
869
227565785
869
227565795
869
227565805
869
227565815
869
227565825
869
227565835
869
227565845
869
227565855
869
227565865
869
227565875
869
227565885
869
227565895
869
227565905
869
227565915
869
227565925
869
227565935
869
227565945
869
227565955
869
227565965
869
227565975
869
227565985
869
227565995
869
227566005
869
227566015
869
227566025
869
227566035
869
227566045
869
227566055
869
227566065
869
227566075
869
227566085
869
227566095
869
227566105
869
227566115
869
227566125
869
227566135
869
227566145
869
227566155
869
227566165
869
227566175
869
227566185
869
227566195
869
227566205
869
227566215
869
227566225
869
227566235
869
227566245
869
227566255
869
227566265
869
227566275
869
227566285
869
227566295
869
227566305
869
227566315
869
227566325
869
227566335
869
227566345
869
227566355
869
227566365
869
227566375
869
227566385
869
227566395
869
227566405
869
227566415
869
227566425
869
227566435
869
227566445
869
227566455
869
227566465
869
227566475
869
227566485
869
227566495
869
227566505
869
227566515
869
227566525
869
227566535
869
227566545
869
227566555
869
227566565
869
227566575
869
227566585
869
227566595
869
227566605
869
227566615
869
227566625
869
227566635
869
227566645
869
227566655
869
227566665
869
227566675
869
227566685
869
227566695
869
227566705
869
227566715
869
227566725
869
227566735
869
227566745
869
227566755
869
227566765
869
227566775
869
227566785
869
227566795
869
227566805
869
227566815
869
227566825
869
227566835
869
227566845
869
227566855
869
227566865
869
227566875
869
227566885
869
227566895
869
227566905
869
227566915
869
227566925
869
227566935
869
227566945
869
227566955
869
227566965
869
227566975
869
227566985
869
227566995
869
227567005
869
227567015
869
227567025
869
227567035
869
227567045
869
227567055
869
227567065
869
227567075
869
227567085
869
227567095
869
227567105
869
227567115
869
227567125
869
227567135
869
227567145
869
227567155
869
227567165
869
227567175
869
227567185
869
227567195
869
227567205
869
227567215
869
227567225
869
227567235
869
227567245
869
227567255
869
227567265
869
227567275
869
227567285
869
227567295
869
227567305
869
227567315
869
227567325
869
227567335
869
227567345
869
227567355
869
227567365
869
227567375
869
227567385
869
227567395
869
227567405
869
227567415
869
227567425
869
227567435
869
227567445
869
227567455
869
227567465
869
227567475
869
227567485
869
227567495
869
227567505
869
227567515
869
227567525
869
227567535
869
227567545
869
227567555
869
227567565
869
227567575
869
227567585
869
227567595
869
227567605
869
227567615
869
227567625
869
227567635
869
227567645
869
227567655
869
227567665
869
227567675
869
227567685
869
227567695
869
227567705
869
227567715
869
227567725
869
227567735
869
227567745
869
227567755
869
227567765
869
227567775
869
227567785
869
227567795
869
227567805
869
227567815
869
227567825
869
227567835
869
227567845
869
227567855
869
227567865
869
227567875
869
227567885
869
227567895
869
227567905
869
227567915
869
227567925
869
227567935
869
227567945
869
227567955
869
227567965
869
227567975
869
227567985
869
227567995
869
227568005
869
227568015
869
227568025
869
227568035
869
227568045
869
227568055
869
227568065
869
227568075
869
227568085
869
227568095
869
227568105
869
227568115
869
227568125
869
227568135
869
227568145
869
227568155
869
227568165
869
227568175
869
227568185
869
227568195
869
227568205
869
227568215
869
227568225
869
227568235
869
227568245
869
227568255
869
227568265
869
227568275
869
227568285
869
227568295
869
227568305
869
227568315
869
227568325
869
227568335
869
227568345
869
227568355
869
227568365
869
227568375
869
227568385
869
227568395
869
227568405
869
227568415
869
227568425
869
227568435
869
227568445
869
227568455
869
227568465
869
227568475
869
227568485
869
227568495
869
227568505
869
227568515
869
227568525
869
227568535
869
227568545
869
227568555
869
227568565
869
227568575
869
227568585
869
227568595
869
227568605
869
227568615
869
227568625
869
227568635
869
227568645
869
227568655
869
227568665
869
227568675
869
227568685
869
227568695
869
227568705
869
227568715
869
227568725
869
227568735
869
227568745
869
227568755
869
227568765
869
227568775
869
227568785
869
227568795
869
227568805
869
227568815
869
227568825
869
227568835
869
227568845
869
227568855
869
227568865
869
227568875
869
227568885
869
227568895
869
227568905
869
227568915
869
227568925
869
227568935
869
227568945
869
227568955
869
227568965
869
227568975
869
227568985
869
227568995
869
227569005
869
227569015
869
227569025
869
227569035
869
227569045
869
227569055
869
227569065
869
227569075
869
227569085
869
227569095
869
227569105
869
227569115
869
227569125
869
227569135
869
227569145
869
227569155
869
227569165
869
227569175
869
227569185
869
227569195
869
227569205
869
227569215
869
227569225
869
227569235
869
227569245
869
227569255
869
227569265
869
227569275
869
227569285
869
227569295
869
227569305
869
227569315
869
227569325
869
227569335
869
227569345
869
227569355
869
227569365
869
227569375
869
227569385
869
227569395
869
227569405
869
227569415
869
227569425
869
227569435
869
227569445
869
227569455
869
227569465
869
227569475
869
227569485
869
227569495
869
227569505
869
227569515
869
227569525
869
227569535
869
227569545
869
227569555
869
227569565
869
227569575
869
227569585
869
227569595
869
227569605
869
227569615
869
227569625
869
227569635
869
227569645
869
227569655
869
227692545
869
227692557
869
227692567
869
227692577
869
227692587
869
227692597
869
227692607
869
227692617
869
227692627
869
227692637
869
227692647
869
227692657
869
227692667
869
227692677
869
227692687
869
227692697
869
227692707
869
227692717
869
227692727
869
227692737
869
227692747
869
227692757
869
227692767
869
227692777
869
227692787
869
227692797
869
227692807
869
227692817
869
227692827
869
227692837
869
227692847
869
227692857
869
227692867
869
227692877
869
227692887
869
227692897
869
227692907
869
227692917
869
227692927
869
227692937
869
227692947
869
227692957
869
227692967
869
227692977
869
227692987
869
227692997
869
227693007
869
227693017
869
227693027
869
227693037
869
227693047
869
227693057
869
227693067
869
227693077
869
227693087
869
227693097
869
227693107
869
227693117
869
227693127
869
227693137
869
227693147
869
227693157
869
227693167
869
227693177
869
227693187
869
227693197
869
227693207
869
227693217
869
227693227
869
227693237
869
227693247
869
227693257
869
227693267
869
227693277
869
227693287
869
227693297
869
227693307
869
227693317
869
227693327
869
227693337
869
227693347
869
227693357
869
227693367
869
227693377
869
227693387
869
227693397
869
227693407
869
227693417
869
227693427
869
227693437
869
227693447
869
227693457
869
227693467
869
227693477
869
227693487
869
227693497
869
227693507
869
227693517
869
227693527
869
227693537
869
227693547
869
227693557
869
227693567
869
227693577
869
227693587
869
227693597
869
227693607
869
227693617
869
227693627
869
227693637
869
227693647
869
227693657
869
227693667
869
227693677
869
227693687
869
227693697
869
227693707
869
227693717
869
227693727
869
227693737
869
227693747
869
227693757
869
227693767
869
227693777
869
227693787
869
227693797
869
227693807
869
227693817
869
227693827
869
227693837
869
227693847
869
227693857
869
227693867
869
227693877
869
227693887
869
227693897
869
227693907
869
227693917
869
227693927
869
227693937
869
227693947
869
227693957
869
227693967
869
227693977
869
227693987
869
227693997
869
227694007
869
227694017
869
227694027
869
227694037
869
227694047
869
227694057
869
227694067
869
227694077
869
227694087
869
227694097
869
227694107
869
227694117
869
227694127
869
227694137
869
227694147
869
227694157
869
227694167
869
227694177
869
227694187
869
227694197
869
227694207
869
227694217
869
227694227
869
227694237
869
227694247
869
227694257
869
227694267
869
227694277
869
227694287
869
227694297
869
227694307
869
227694317
869
227694327
869
227694337
869
227694347
869
227694357
869
227694367
869
227694377
869
227694387
869
227694397
869
227694407
869
227694417
869
227694427
869
227694437
869
227694447
869
227694457
869
227694467
869
227694477
869
227694487
869
227694497
869
227694507
869
227694517
869
227694527
869
227694537
869
227694547
869
227694557
869
227694567
869
227694577
869
227694587
869
227694597
869
227694607
869
227694617
869
227694627
869
227694637
869
227694647
869
227694657
869
227694667
869
227694677
869
227694687
869
227694697
869
227694707
869
227694717
869
227694727
869
227694737
869
227694747
869
227694757
869
227694767
869
227694777
869
227694787
869
227694797
869
227694807
869
227694817
869
227694827
869
227694837
869
227694847
869
227694857
869
227694867
869
227694877
869
227694887
869
227694897
869
227694907
869
227694917
869
227694927
869
227694937
869
227694947
869
227694957
869
227694967
869
227694977
869
227694987
869
227694997
869
227695007
869
227695017
869
227695027
869
227695037
869
227695047
869
227695057
869
227695067
869
227695077
869
227695087
869
227695097
869
227695107
869
227695117
869
227695127
869
227695137
869
227695147
869
227695157
869
227695167
869
227695177
869
227695187
869
227695197
869
227695207
869
227695217
869
227695227
869
227695237
869
227695247
869
227695257
869
227695267
869
227695277
869
227695287
869
227695297
869
227695307
869
227695317
869
227695327
869
227695337
869
227695347
869
227695357
869
227695367
869
227695377
869
227695387
869
227695397
869
227695407
869
227695417
869
227695427
869
227695437
869
227695447
869
227695457
869
227695467
869
227695477
869
227695487
869
227695497
869
227695507
869
227695517
869
227695527
869
227695537
869
227695547
869
227695557
869
227695567
869
227695577
869
227695587
869
227695597
869
227695607
869
227695617
869
227695627
869
227695637
869
227695647
869
227695657
869
227695667
869
227695677
869
227695687
869
227695697
869
227695707
869
227695717
869
227695727
869
227695737
869
227695747
869
227695757
869
227695767
869
227695777
869
227695787
869
227695797
869
227695807
869
227695817
869
227695827
869
227695837
869
227695847
869
227695857
869
227695867
869
227695877
869
227695887
869
227695897
869
227695907
869
227695917
869
227695927
869
227695937
869
227695947
869
227695957
869
227695967
869
227695977
869
227695987
869
227695997
869
227696007
869
227696017
869
227696027
869
227696037
869
227696047
869
227696057
869
227696067
869
227696077
869
227696087
869
227696097
869
227696107
869
227696117
869
227696127
869
227696137
869
227696147
869
227696157
869
227696167
869
227696177
869
227696187
869
227696197
869
227696207
869
227696217
869
227696227
869
227696237
869
227696247
869
227696257
869
227696267
869
227696277
869
227696287
869
227696297
869
227696307
869
227696317
869
227696327
869
227696337
869
227696347
869
227696357
869
227696367
869
227696377
869
227696387
869
227696397
869
227696407
869
227696417
869
227696427
869
227696437
869
227696447
869
227696457
869
227696467
869
227696477
869
227696487
869
227696497
869
227696507
869
227696517
869
227696527
869
227696537
869
227696547
869
227696557
869
227696567
869
227696577
869
227696587
869
227696597
869
227696607
869
227696617
869
227696627
869
227696637
869
227770375
869
227770385
869
227770395
869
227770405
869
227770415
869
227770425
869
227770435
869
227770445
869
227770455
869
227770465
869
227770475
869
227770485
869
227770495
869
227770505
869
227770515
869
227770525
869
227770535
869
227770545
869
227770555
869
227770565
869
227770575
869
227770585
869
227770595
869
227770605
869
227770615
869
227770625
869
227770635
869
227770645
869
227770655
869
227770665
869
227770675
869
227770685
869
227770695
869
227770705
869
227770715
869
227770725
869
227770735
869
227770745
869
227770755
869
227770765
869
227770775
869
227770785
869
227770795
869
227770805
869
227770815
869
227770825
869
227770835
869
227770845
869
227770855
869
227770865
869
227770875
869
227770885
869
227770895
869
227770905
869
227770915
869
227770925
869
227770935
869
227770945
869
227770955
869
227770965
869
227770975
869
227770985
869
227770995
869
227771005
869
227771015
869
227771025
869
227771035
869
227771045
869
227771055
869
227771065
869
227771075
869
227771085
869
227771095
869
227771105
869
227771115
869
227771125
869
227771135
869
227771145
869
227771155
869
227771165
869
227771175
869
227771185
869
227771195
869
227771205
869
227771215
869
227771225
869
227771235
869
227771245
869
227771255
869
227771265
869
227771275
869
227771285
869
227771295
869
227771305
869
227771315
869
227771325
869
227771335
869
227771345
869
227771355
869
227771365
869
227771375
869
227771385
869
227771395
869
227771405
869
227771415
869
227771425
869
227771435
869
227771445
869
227771455
869
227771465
869
227771475
869
227771485
869
227771495
869
227771505
869
227771515
869
227771525
869
227771535
869
227771545
869
227771555
869
227771565
869
227771575
869
227771585
869
227771595
869
227771605
869
227771615
869
227771625
869
227771635
869
227771645
869
227771655
869
227771665
869
227771675
869
227771685
869
227771695
869
227771705
869
227771715
869
227771725
869
227771735
869
227771745
869
227771755
869
227771765
869
227771775
869
227771785
869
227771795
869
227771805
869
227771815
869
227771825
869
227771835
869
227771845
869
227771855
869
227771865
869
227771875
869
227771885
869
227771895
869
227771905
869
227771915
869
227771925
869
227771935
869
227771945
869
227771955
869
227771965
869
227771975
869
227771985
869
227771995
869
227772005
869
227772015
869
227772025
869
227772035
869
227772045
869
227772055
869
227772065
869
227772075
869
227772085
869
227772095
869
227772105
869
227772115
869
227772125
869
227772135
869
227772145
869
227772155
869
227772165
869
227772175
869
227772185
869
227772195
869
227772205
869
227772215
869
227772225
869
227772235
869
227772245
869
227772255
869
227772265
869
227772275
869
227772285
869
227772295
869
227772305
869
227772315
869
227772325
869
227772335
869
227772345
869
227772355
869
227772365
869
227772375
869
227772385
869
227772395
869
227772405
869
227772415
869
227772425
869
227772435
869
227772445
869
227772455
869
227772465
869
227772475
869
227772485
869
227772495
869
227772505
869
227772515
869
227772525
869
227772535
869
227772545
869
227772555
869
227772565
869
227772575
869
227772585
869
227772595
869
227772605
869
227772615
869
227772625
869
227772635
869
227772645
869
227772655
869
227772665
869
227772675
869
227772685
869
227772695
869
227772705
869
227772715
869
227772725
869
227772735
869
227772745
869
227772755
869
227772765
869
227772775
869
227772785
869
227772795
869
227772805
869
227772815
869
227772825
869
227772835
869
227772845
869
227772855
869
227772865
869
227772875
869
227772885
869
227772895
869
227772905
869
227772915
869
227772925
869
227772935
869
227772945
869
227772955
869
227772965
869
227772975
869
227772985
869
227772995
869
227773005
869
227773015
869
227773025
869
227773035
869
227773045
869
227773055
869
227773065
869
227773075
869
227773085
869
227773095
869
227773105
869
227773115
869
227773125
869
227773135
869
227773145
869
227773155
869
227773165
869
227773175
869
227773185
869
227773195
869
227773205
869
227773215
869
227773225
869
227773235
869
227773245
869
227773255
869
227773265
869
227773275
869
227773285
869
227773295
869
227773305
869
227773315
869
227773325
869
227773335
869
227773345
869
227773355
869
227773365
869
227773375
869
227773385
869
227773395
869
227773405
869
227773415
869
227773425
869
227773435
869
227773445
869
227773455
869
227773465
869
227773475
869
227773485
869
227773495
869
227773505
869
227773515
869
227773525
869
227773535
869
227773545
869
227773555
869
227773565
869
227773575
869
227773585
869
227773595
869
227773605
869
227773615
869
227773625
869
227773635
869
227773645
869
227773655
869
227773665
869
227773675
869
227773685
869
227773695
869
227773705
869
227773715
869
227773725
869
227773735
869
227773745
869
227773755
869
227773765
869
227773775
869
227773785
869
227773795
869
227773805
869
227773815
869
227773825
869
227773835
869
227773845
869
227773855
869
227773865
869
227773875
869
227773885
869
227773895
869
227773905
869
227773915
869
227773925
869
227773935
869
227773945
869
227773955
869
227773965
869
227773975
869
227773985
869
227773995
869
227774005
869
227774015
869
227774025
869
227774035
869
227774045
869
227774055
869
227774065
869
227774075
869
227774085
869
227774095
869
227774105
869
227774115
869
227774125
869
227774135
869
227774145
869
227774155
869
227774165
869
227774175
869
227774185
869
227774195
869
227774205
869
227774215
869
227774225
869
227774235
869
227774245
869
227774255
869
227774265
869
227774275
869
227774285
869
227774295
869
227774305
869
227774315
869
227774325
869
227774335
869
227774345
869
227774355
869
227774365
869
227774375
869
227774385
869
227774395
869
227774405
869
227774415
869
227774425
869
227774435
869
227774445
869
227774455
869
227659785
869
227659795
869
227659805
869
227659815
869
227659825
869
227659835
869
227659845
869
227659855
869
227659865
869
227659875
869
227659885
869
227659895
869
227659905
869
227659915
869
227659925
869
227659935
869
227659945
869
227659955
869
227659965
869
227659975
869
227659985
869
227659995
869
227660005
869
227660015
869
227660025
869
227660035
869
227660045
869
227660055
869
227660065
869
227660075
869
227660085
869
227660095
869
227660105
869
227660115
869
227660125
869
227660135
869
227660145
869
227660155
869
227660165
869
227660175
869
227660185
869
227660195
869
227660205
869
227660215
869
227660225
869
227660235
869
227660245
869
227660255
869
227660265
869
227660275
869
227660285
869
227660295
869
227660305
869
227660315
869
227660325
869
227660335
869
227660345
869
227660355
869
227660365
869
227660375
869
227660385
869
227660395
869
227660405
869
227660415
869
227660425
869
227660435
869
227660445
869
227660455
869
227660465
869
227660475
869
227660485
869
227660495
869
227660505
869
227660515
869
227660525
869
227660535
869
227660545
869
227660555
869
227660565
869
227660575
869
227660585
869
227660595
869
227660605
869
227660615
869
227660625
869
227660635
869
227660645
869
227660655
869
227660665
869
227660675
869
227660685
869
227660695
869
227660705
869
227660715
869
227660725
869
227660735
869
227660745
869
227660755
869
227660765
869
227660775
869
227660785
869
227660795
869
227660805
869
227660815
869
227660825
869
227660835
869
227660845
869
227660855
869
227660865
869
227660875
869
227660885
869
227660895
869
227660905
869
227660915
869
227660925
869
227660935
869
227660945
869
227660955
869
227660965
869
227660975
869
227660985
869
227660995
869
227661005
869
227661015
869
227661025
869
227661035
869
227661045
869
227661055
869
227661065
869
227661075
869
227661085
869
227661095
869
227661105
869
227661115
869
227661125
869
227661135
869
227661145
869
227661155
869
227661165
869
227661175
869
227661185
869
227661195
869
227661205
869
227661215
869
227661225
869
227661235
869
227661245
869
227661255
869
227661265
869
227661275
869
227661285
869
227661295
869
227661305
869
227661315
869
227661325
869
227661335
869
227661345
869
227661355
869
227661365
869
227661375
869
227661385
869
227661395
869
227661405
869
227661415
869
227661425
869
227661435
869
227661445
869
227661455
869
227661465
869
227661475
869
227661485
869
227661495
869
227661505
869
227661515
869
227661525
869
227661535
869
227661545
869
227661555
869
227661565
869
227661575
869
227661585
869
227661595
869
227661605
869
227661615
869
227661625
869
227661635
869
227661645
869
227661655
869
227661665
869
227661675
869
227661685
869
227661695
869
227661705
869
227661715
869
227661725
869
227661735
869
227661745
869
227661755
869
227661765
869
227661775
869
227661785
869
227661795
869
227661805
869
227661815
869
227661825
869
227661835
869
227661845
869
227661855
869
227661865
869
227661875
869
227661885
869
227661895
869
227661905
869
227661915
869
227661925
869
227661935
869
227661945
869
227661955
869
227661965
869
227661975
869
227661985
869
227661995
869
227662005
869
227662015
869
227662025
869
227662035
869
227662045
869
227662055
869
227662065
869
227662075
869
227662085
869
227662095
869
227662105
869
227662115
869
227662125
869
227662135
869
227662145
869
227662155
869
227662165
869
227662175
869
227662185
869
227662195
869
227662205
869
227662215
869
227662225
869
227662235
869
227662245
869
227662255
869
227662265
869
227662275
869
227662285
869
227662295
869
227662305
869
227662315
869
227662325
869
227662335
869
227662345
869
227662355
869
227662365
869
227662375
869
227662385
869
227662395
869
227662405
869
227662415
869
227662425
869
227662435
869
227662445
869
227662455
869
227662465
869
227662475
869
227662485
869
227662495
869
227662505
869
227662515
869
227662525
869
227662535
869
227662545
869
227662555
869
227662565
869
227662575
869
227662585
869
227662595
869
227662605
869
227662615
869
227662625
869
227662635
869
227662645
869
227662655
869
227662665
869
227662675
869
227662685
869
227662695
869
227662705
869
227662715
869
227662725
869
227662735
869
227662745
869
227662755
869
227662765
869
227662775
869
227662785
869
227662795
869
227662805
869
227662815
869
227662825
869
227662835
869
227662845
869
227662855
869
227662865
869
227662875
869
227662885
869
227662895
869
227662905
869
227662915
869
227662925
869
227662935
869
227662945
869
227662955
869
227662965
869
227662975
869
227662985
869
227662995
869
227663005
869
227663015
869
227663025
869
227663035
869
227663045
869
227663055
869
227663065
869
227663075
869
227663085
869
227663095
869
227663105
869
227663115
869
227663125
869
227663135
869
227663145
869
227663155
869
227663165
869
227663175
869
227663185
869
227663195
869
227663205
869
227663215
869
227663225
869
227663235
869
227663245
869
227663255
869
227663265
869
227663275
869
227663285
869
227663295
869
227663305
869
227663315
869
227663325
869
227663335
869
227663345
869
227663355
869
227663365
869
227663375
869
227663385
869
227663395
869
227663405
869
227663415
869
227663425
869
227663435
869
227663445
869
227663455
869
227663465
869
227663475
869
227663485
869
227663495
869
227663505
869
227663515
869
227663525
869
227663535
869
227663545
869
227663555
869
227663565
869
227663575
869
227663585
869
227663595
869
227663605
869
227663615
869
227663625
869
227663635
869
227663645
869
227663655
869
227663665
869
227663675
869
227663685
869
227663695
869
227663705
869
227663715
869
227663725
869
227663735
869
227663745
869
227663755
869
227663765
869
227663775
869
227663785
869
227663795
869
227663805
869
227663815
869
227663825
869
227663835
869
227663845
869
227663855
869
227663865
869
227737603
869
227737613
869
227737623
869
227737633
869
227737643
869
227737653
869
227737663
869
227737673
869
227737683
869
227737693
869
227737703
869
227737713
869
227737723
869
227737733
869
227737743
869
227737753
869
227737763
869
227737773
869
227737783
869
227737793
869
227737803
869
227737813
869
227737823
869
227737833
869
227737843
869
227737853
869
227737863
869
227737873
869
227737883
869
227737893
869
227737903
869
227737913
869
227737923
869
227737933
869
227737943
869
227737953
869
227737963
869
227737973
869
227737983
869
227737993
869
227738003
869
227738013
869
227738023
869
227738033
869
227738043
869
227738053
869
227738063
869
227738073
869
227738083
869
227738093
869
227738103
869
227738113
869
227738123
869
227738133
869
227738143
869
227738153
869
227738163
869
227738173
869
227738183
869
227738193
869
227738203
869
227738213
869
227738223
869
227738233
869
227738243
869
227738253
869
227738263
869
227738273
869
227738283
869
227738293
869
227738303
869
227738313
869
227738323
869
227738333
869
227738343
869
227738353
869
227738363
869
227738373
869
227738383
869
227738393
869
227738403
869
227738413
869
227738423
869
227738433
869
227738443
869
227738453
869
227738463
869
227738473
869
227738483
869
227738493
869
227738503
869
227738513
869
227738523
869
227738533
869
227738543
869
227738553
869
227738563
869
227738573
869
227738583
869
227738593
869
227738603
869
227738613
869
227738623
869
227738633
869
227738643
869
227738653
869
227738663
869
227738673
869
227738683
869
227738693
869
227738703
869
227738713
869
227738723
869
227738733
869
227738743
869
227738753
869
227738763
869
227738773
869
227738783
869
227738793
869
227738803
869
227738813
869
227738823
869
227738833
869
227738843
869
227738853
869
227738863
869
227738873
869
227738883
869
227738893
869
227738903
869
227738913
869
227738923
869
227738933
869
227738943
869
227738953
869
227738963
869
227738973
869
227738983
869
227738993
869
227739003
869
227739013
869
227739023
869
227739033
869
227739043
869
227739053
869
227739063
869
227739073
869
227739083
869
227739093
869
227739103
869
227739113
869
227739123
869
227739133
869
227739143
869
227739153
869
227739163
869
227739173
869
227739183
869
227739193
869
227739203
869
227739213
869
227739223
869
227739233
869
227739243
869
227739253
869
227739263
869
227739273
869
227739283
869
227739293
869
227739303
869
227739313
869
227739323
869
227739333
869
227739343
869
227739353
869
227739363
869
227739373
869
227739383
869
227739393
869
227739403
869
227739413
869
227739423
869
227739433
869
227739443
869
227739453
869
227739463
869
227739473
869
227739483
869
227739493
869
227739503
869
227739513
869
227739523
869
227739533
869
227739543
869
227739553
869
227739563
869
227739573
869
227739583
869
227739593
869
227739603
869
227739613
869
227739623
869
227739633
869
227739643
869
227739653
869
227739663
869
227739673
869
227739683
869
227739693
869
227739703
869
227739713
869
227739723
869
227739733
869
227739743
869
227739753
869
227739763
869
227739773
869
227739783
869
227739793
869
227739803
869
227739813
869
227739823
869
227739833
869
227739843
869
227739853
869
227739863
869
227739873
869
227739883
869
227739903
869
227739893
869
227739913
869
227739923
869
227739933
869
227739943
869
227739953
869
227739963
869
227739973
869
227739983
869
227739993
869
227740003
869
227740013
869
227740023
869
227740033
869
227740043
869
227740053
869
227740063
869
227740073
869
227740083
869
227740093
869
227740103
869
227740113
869
227740123
869
227740133
869
227740143
869
227740153
869
227740163
869
227740173
869
227740183
869
227740193
869
227740203
869
227740213
869
227740223
869
227740233
869
227740243
869
227740253
869
227740263
869
227740273
869
227740283
869
227740293
869
227740303
869
227740313
869
227740323
869
227740333
869
227740343
869
227740353
869
227740363
869
227740373
869
227740383
869
227740393
869
227740403
869
227740413
869
227740423
869
227740433
869
227740443
869
227740453
869
227740463
869
227740473
869
227740483
869
227740493
869
227740503
869
227740513
869
227740523
869
227740533
869
227740543
869
227740553
869
227740563
869
227740573
869
227740583
869
227740593
869
227740603
869
227740613
869
227740623
869
227740633
869
227740643
869
227740653
869
227740663
869
227740673
869
227740683
869
227740693
869
227740703
869
227740713
869
227740723
869
227740733
869
227740743
869
227740753
869
227740763
869
227740773
869
227740783
869
227740793
869
227740803
869
227740813
869
227740823
869
227740833
869
227740843
869
227740853
869
227740863
869
227740873
869
227740883
869
227740893
869
227740903
869
227740913
869
227740923
869
227740933
869
227740943
869
227740953
869
227740963
869
227740973
869
227740983
869
227740993
869
227741003
869
227741013
869
227741023
869
227741033
869
227741043
869
227741053
869
227741063
869
227741073
869
227741083
869
227741093
869
227741103
869
227741113
869
227741123
869
227741133
869
227741143
869
227741153
869
227741163
869
227741173
869
227741183
869
227741193
869
227741203
869
227741213
869
227741223
869
227741233
869
227741243
869
227741253
869
227741263
869
227741273
869
227741283
869
227741293
869
227741303
869
227741313
869
227741323
869
227741333
869
227741343
869
227741353
869
227741363
869
227741373
869
227741383
869
227741393
869
227741403
869
227741413
869
227741423
869
227741433
869
227741443
869
227741453
869
227741463
869
227741473
869
227741483
869
227741493
869
227741503
869
227741513
869
227741523
869
227741533
869
227741543
869
227741553
869
227741563
869
227741573
869
227741583
869
227741593
869
227741603
869
227741613
869
227741623
869
227741633
869
227741643
869
227741653
869
227741663
869
227741673
869
227741683
869
227741693
869
227610625
869
227610635
869
227610645
869
227610655
869
227610665
869
227610675
869
227610685
869
227610695
869
227610705
869
227610715
869
227610725
869
227610735
869
227610745
869
227610755
869
227610765
869
227610775
869
227610785
869
227610795
869
227610805
869
227610815
869
227610825
869
227610835
869
227610845
869
227610855
869
227610865
869
227610875
869
227610885
869
227610895
869
227610905
869
227610915
869
227610925
869
227610935
869
227610945
869
227610955
869
227610965
869
227610975
869
227610985
869
227610995
869
227611005
869
227611015
869
227611025
869
227611035
869
227611045
869
227611055
869
227611065
869
227611075
869
227611085
869
227611095
869
227611105
869
227611115
869
227611125
869
227611135
869
227611145
869
227611155
869
227611165
869
227611175
869
227611185
869
227611195
869
227611205
869
227611215
869
227611225
869
227611235
869
227611245
869
227611255
869
227611265
869
227611275
869
227611285
869
227611295
869
227611305
869
227611315
869
227611325
869
227611335
869
227611345
869
227611355
869
227611365
869
227611375
869
227611385
869
227611395
869
227611405
869
227611415
869
227611425
869
227611435
869
227611445
869
227611455
869
227611465
869
227611475
869
227611485
869
227611495
869
227611505
869
227611515
869
227611525
869
227611535
869
227611545
869
227611555
869
227611565
869
227611575
869
227611585
869
227611595
869
227611605
869
227611615
869
227611625
869
227611635
869
227611645
869
227611655
869
227611665
869
227611675
869
227611685
869
227611695
869
227611705
869
227611715
869
227611725
869
227611735
869
227611745
869
227611755
869
227611765
869
227611775
869
227611785
869
227611795
869
227611805
869
227611815
869
227611825
869
227611835
869
227611845
869
227611855
869
227611865
869
227611875
869
227611885
869
227611895
869
227611905
869
227611915
869
227611925
869
227611935
869
227611945
869
227611955
869
227611965
869
227611975
869
227611985
869
227611995
869
227612005
869
227612015
869
227612025
869
227612035
869
227612045
869
227612055
869
227612065
869
227612075
869
227612085
869
227612095
869
227612105
869
227612115
869
227612125
869
227612135
869
227612145
869
227612155
869
227612165
869
227612175
869
227612185
869
227612195
869
227612205
869
227612215
869
227612225
869
227612235
869
227612245
869
227612255
869
227612265
869
227612275
869
227612285
869
227612295
869
227612305
869
227612315
869
227612325
869
227612335
869
227612345
869
227612355
869
227612365
869
227612375
869
227612385
869
227612395
869
227612405
869
227612415
869
227612425
869
227612435
869
227612445
869
227612455
869
227612465
869
227612475
869
227612485
869
227612495
869
227612505
869
227612515
869
227612525
869
227612535
869
227612545
869
227612555
869
227612565
869
227612575
869
227612585
869
227612595
869
227612605
869
227612615
869
227612625
869
227612635
869
227612645
869
227612655
869
227612665
869
227612675
869
227612685
869
227612695
869
227612705
869
227612715
869
227612725
869
227612735
869
227612745
869
227612755
869
227612765
869
227612775
869
227612785
869
227612795
869
227612805
869
227612815
869
227612825
869
227612835
869
227612845
869
227612855
869
227612865
869
227612875
869
227612885
869
227612895
869
227612905
869
227612915
869
227612925
869
227612935
869
227612945
869
227612955
869
227612965
869
227612975
869
227612985
869
227612995
869
227613005
869
227613015
869
227613025
869
227613035
869
227613045
869
227613055
869
227613065
869
227613075
869
227613085
869
227613095
869
227613105
869
227613115
869
227613125
869
227613135
869
227613145
869
227613155
869
227613165
869
227613175
869
227613185
869
227613195
869
227613205
869
227613215
869
227613225
869
227613235
869
227613245
869
227613255
869
227613265
869
227613275
869
227613285
869
227613295
869
227613305
869
227613315
869
227613325
869
227613335
869
227613345
869
227613355
869
227613365
869
227613375
869
227613385
869
227613395
869
227613405
869
227613415
869
227613425
869
227613435
869
227613445
869
227613455
869
227613465
869
227613475
869
227613485
869
227613495
869
227613505
869
227613515
869
227613525
869
227613535
869
227613545
869
227613555
869
227613565
869
227613575
869
227613585
869
227613595
869
227613605
869
227613615
869
227613625
869
227613635
869
227613645
869
227613655
869
227613665
869
227613675
869
227613685
869
227613695
869
227613705
869
227613715
869
227613725
869
227613735
869
227613745
869
227613755
869
227613765
869
227613775
869
227613785
869
227613795
869
227613805
869
227613815
869
227613825
869
227613835
869
227613845
869
227613855
869
227613865
869
227613875
869
227613885
869
227613895
869
227613905
869
227613915
869
227613925
869
227613935
869
227613945
869
227613955
869
227613965
869
227613975
869
227613985
869
227613995
869
227614005
869
227614015
869
227614025
869
227614035
869
227614045
869
227614055
869
227614065
869
227614075
869
227614085
869
227614095
869
227614105
869
227614115
869
227614125
869
227614135
869
227614145
869
227614155
869
227614165
869
227614175
869
227614185
869
227614195
869
227614205
869
227614215
869
227614225
869
227614235
869
227614245
869
227614255
869
227614265
869
227614275
869
227614285
869
227614295
869
227614305
869
227614315
869
227614325
869
227614335
869
227614345
869
227614355
869
227614365
869
227614375
869
227614385
869
227614395
869
227614405
869
227614415
869
227614425
869
227614435
869
227614445
869
227614455
869
227614465
869
227614475
869
227614485
869
227614495
869
227614505
869
227614515
869
227614525
869
227614535
869
227614545
869
227614555
869
227614565
869
227614575
869
227614585
869
227614595
869
227614605
869
227614615
869
227614625
869
227614635
869
227614645
869
227614655
869
227614665
869
227614675
869
227614685
869
227614695
869
227614705
869
227614715
869
227794945
869
227794955
869
227794965
869
227794975
869
227794985
869
227794995
869
227795005
869
227795015
869
227795025
869
227795035
869
227795045
869
227795055
869
227795065
869
227795075
869
227795085
869
227795095
869
227795105
869
227795115
869
227795125
869
227795135
869
227795145
869
227795155
869
227795165
869
227795175
869
227795185
869
227795195
869
227795205
869
227795215
869
227795225
869
227795235
869
227795245
869
227795255
869
227795265
869
227795275
869
227795285
869
227795295
869
227795305
869
227795315
869
227795325
869
227795335
869
227795345
869
227795355
869
227795365
869
227795375
869
227795385
869
227795395
869
227795405
869
227795415
869
227795425
869
227795435
869
227795445
869
227795455
869
227795465
869
227795475
869
227795485
869
227795495
869
227795505
869
227795515
869
227795525
869
227795535
869
227795545
869
227795555
869
227795565
869
227795575
869
227795585
869
227795595
869
227795605
869
227795615
869
227795625
869
227795635
869
227795645
869
227795655
869
227795665
869
227795675
869
227795685
869
227795695
869
227795705
869
227795715
869
227795725
869
227795735
869
227795745
869
227795755
869
227795765
869
227795775
869
227795785
869
227795795
869
227795805
869
227795815
869
227795825
869
227795835
869
227795845
869
227795855
869
227795865
869
227795875
869
227795885
869
227795895
869
227795905
869
227795915
869
227795925
869
227795935
869
227795945
869
227795955
869
227795965
869
227795975
869
227795985
869
227795995
869
227796005
869
227796015
869
227796025
869
227796035
869
227796045
869
227796055
869
227796065
869
227796075
869
227796085
869
227796095
869
227796105
869
227796115
869
227796125
869
227796135
869
227796145
869
227796155
869
227796165
869
227796175
869
227796185
869
227796195
869
227796205
869
227796215
869
227796225
869
227796235
869
227796245
869
227796255
869
227796265
869
227796275
869
227796285
869
227796295
869
227796305
869
227796315
869
227796325
869
227796335
869
227796345
869
227796355
869
227796365
869
227796375
869
227796385
869
227796395
869
227796405
869
227796415
869
227796425
869
227796435
869
227796445
869
227796455
869
227796465
869
227796475
869
227796485
869
227796495
869
227796505
869
227796515
869
227796525
869
227796535
869
227796545
869
227796555
869
227796565
869
227796575
869
227796585
869
227796595
869
227796605
869
227796615
869
227796625
869
227796635
869
227796645
869
227796655
869
227796665
869
227796675
869
227796685
869
227796695
869
227796705
869
227796715
869
227796725
869
227796735
869
227796745
869
227796755
869
227796765
869
227796775
869
227796785
869
227796795
869
227796805
869
227796815
869
227796825
869
227796835
869
227796845
869
227796855
869
227796865
869
227796875
869
227796885
869
227796895
869
227796905
869
227796915
869
227796925
869
227796935
869
227796945
869
227796955
869
227796965
869
227796975
869
227796985
869
227796995
869
227797005
869
227797015
869
227797025
869
227797035
869
227797045
869
227797055
869
227797065
869
227797075
869
227797085
869
227797095
869
227797105
869
227797115
869
227797125
869
227797135
869
227797145
869
227797155
869
227797165
869
227797175
869
227797185
869
227797195
869
227797205
869
227797215
869
227797225
869
227797235
869
227797245
869
227797255
869
227797265
869
227797275
869
227797285
869
227797295
869
227797305
869
227797315
869
227797325
869
227797335
869
227797345
869
227797355
869
227797365
869
227797375
869
227797385
869
227797395
869
227797405
869
227797415
869
227797425
869
227797435
869
227797445
869
227797455
869
227797465
869
227797475
869
227797485
869
227797495
869
227797505
869
227797515
869
227797525
869
227797535
869
227797545
869
227797555
869
227797565
869
227797575
869
227797585
869
227797595
869
227797605
869
227797615
869
227797625
869
227797635
869
227797645
869
227797655
869
227797665
869
227797675
869
227797685
869
227797695
869
227797705
869
227797715
869
227797725
869
227797735
869
227797745
869
227797755
869
227797765
869
227797775
869
227797785
869
227797795
869
227797805
869
227797815
869
227797825
869
227797835
869
227797845
869
227797855
869
227797865
869
227797875
869
227797885
869
227797895
869
227797905
869
227797915
869
227797925
869
227797935
869
227797945
869
227797955
869
227797965
869
227797975
869
227797985
869
227797995
869
227798005
869
227798015
869
227798025
869
227798035
869
227798045
869
227798055
869
227798065
869
227798075
869
227798085
869
227798095
869
227798105
869
227798115
869
227798125
869
227798135
869
227798145
869
227798155
869
227798165
869
227798175
869
227798185
869
227798195
869
227798205
869
227798215
869
227798225
869
227798235
869
227798245
869
227798255
869
227798265
869
227798275
869
227798285
869
227798295
869
227798305
869
227798315
869
227798325
869
227798335
869
227798345
869
227798355
869
227798365
869
227798375
869
227798385
869
227798395
869
227798405
869
227798415
869
227798425
869
227798435
869
227798445
869
227798455
869
227798465
869
227798475
869
227798485
869
227798495
869
227798505
869
227798515
869
227798525
869
227798535
869
227798545
869
227798555
869
227798565
869
227798575
869
227798585
869
227798595
869
227798605
869
227798615
869
227798625
869
227798635
869
227798645
869
227798655
869
227798665
869
227798675
869
227798685
869
227798695
869
227798705
869
227798715
869
227798725
869
227798735
869
227798745
869
227798755
869
227798765
869
227798775
869
227798785
869
227798795
869
227798805
869
227798815
869
227798825
869
227798835
869
227798845
869
227798855
869
227798865
869
227798875
869
227798885
869
227798895
869
227798905
869
227798915
869
227798925
869
227798935
869
227798945
869
227798955
869
227798965
869
227798975
869
227798985
869
227798995
869
227799005
869
227799015
869
227799025
869
227799035
