991
259596297
991
259596307
991
259596317
991
259596327
991
259596337
991
259596347
991
259596357
991
259596367
991
259596377
991
259596387
991
259596397
991
259596407
991
259596417
991
259596427
991
259596437
991
259596447
991
259596457
991
259596467
991
259596477
991
259596487
991
259596497
991
259596507
991
259596517
991
259596527
991
259596537
991
259596547
991
259596557
991
259596567
991
259596577
991
259596587
991
259596597
991
259596607
991
259596617
991
259596627
991
259596637
991
259596647
991
259596657
991
259596667
991
259596677
991
259596687
991
259596697
991
259596707
991
259596717
991
259596727
991
259596737
991
259596747
991
259596757
991
259596767
991
259596777
991
259596787
991
259596797
991
259596807
991
259596817
991
259596827
991
259596837
991
259596847
991
259596857
991
259596867
991
259596877
991
259596887
991
259596897
991
259596907
991
259596917
991
259596927
991
259596937
991
259596947
991
259596957
991
259596967
991
259596977
991
259596987
991
259596997
991
259597007
991
259597017
991
259597027
991
259597037
991
259597047
991
259597057
991
259597067
991
259597077
991
259597087
991
259597097
991
259597107
991
259597117
991
259597127
991
259597137
991
259597147
991
259597157
991
259597167
991
259597177
991
259597187
991
259597197
991
259597207
991
259597217
991
259597227
991
259597237
991
259597247
991
259597257
991
259597267
991
259597277
991
259597287
991
259597297
991
259597307
991
259597317
991
259597327
991
259597337
991
259597347
991
259597357
991
259597367
991
259597377
991
259597387
991
259597397
991
259597407
991
259597417
991
259597427
991
259597437
991
259597447
991
259597457
991
259597467
991
259597477
991
259597487
991
259597497
991
259597507
991
259597517
991
259597527
991
259597537
991
259597547
991
259597557
991
259597567
991
259597577
991
259597587
991
259597597
991
259597607
991
259597617
991
259597627
991
259597637
991
259597647
991
259597657
991
259597667
991
259597677
991
259597687
991
259597697
991
259597707
991
259597717
991
259597727
991
259597737
991
259597747
991
259597757
991
259597767
991
259597777
991
259597787
991
259597797
991
259597807
991
259597817
991
259597827
991
259597837
991
259597847
991
259597857
991
259597867
991
259597877
991
259597887
991
259597897
991
259597907
991
259597917
991
259597927
991
259597937
991
259597947
991
259597957
991
259597967
991
259597977
991
259597987
991
259597997
991
259598007
991
259598017
991
259598027
991
259598037
991
259598047
991
259598057
991
259598067
991
259598077
991
259598087
991
259598097
991
259598107
991
259598117
991
259598127
991
259598137
991
259598147
991
259598157
991
259598167
991
259598177
991
259598187
991
259598197
991
259598207
991
259598217
991
259598227
991
259598237
991
259598247
991
259598257
991
259598267
991
259598277
991
259598287
991
259598297
991
259598307
991
259598317
991
259598327
991
259598337
991
259598347
991
259598357
991
259598367
991
259598377
991
259598387
991
259598397
991
259598407
991
259598417
991
259598427
991
259598437
991
259598447
991
259598457
991
259598467
991
259598477
991
259598487
991
259598497
991
259598507
991
259598517
991
259598527
991
259598537
991
259598547
991
259598557
991
259598567
991
259598577
991
259598587
991
259598597
991
259598607
991
259598617
991
259598627
991
259598637
991
259598647
991
259598657
991
259598667
991
259598677
991
259598687
991
259598697
991
259598707
991
259598717
991
259598727
991
259598737
991
259598747
991
259598757
991
259598767
991
259598777
991
259598787
991
259598797
991
259598807
991
259598817
991
259598827
991
259598837
991
259598847
991
259598857
991
259598867
991
259598877
991
259598887
991
259598897
991
259598907
991
259598917
991
259598927
991
259598937
991
259598947
991
259598957
991
259598967
991
259598977
991
259598987
991
259598997
991
259599007
991
259599017
991
259599027
991
259599037
991
259599047
991
259599057
991
259599067
991
259599077
991
259599087
991
259599097
991
259599107
991
259599117
991
259599127
991
259599137
991
259599147
991
259599157
991
259599167
991
259599177
991
259599187
991
259599197
991
259599207
991
259599217
991
259599227
991
259599237
991
259599247
991
259599257
991
259599267
991
259599277
991
259599287
991
259599297
991
259599307
991
259599317
991
259599327
991
259599337
991
259599347
991
259599357
991
259599367
991
259599377
991
259599387
991
259599397
991
259599407
991
259599417
991
259599427
991
259599437
991
259599447
991
259599457
991
259599467
991
259599477
991
259599487
991
259599497
991
259599507
991
259599517
991
259599527
991
259599537
991
259599547
991
259599557
991
259599567
991
259599577
991
259599587
991
259599597
991
259599607
991
259599617
991
259599627
991
259599637
991
259599647
991
259599657
991
259599667
991
259599677
991
259599687
991
259599697
991
259599707
991
259599717
991
259599727
991
259599737
991
259599747
991
259599757
991
259599767
991
259599777
991
259599787
991
259599797
991
259599807
991
259599817
991
259599827
991
259599837
991
259599847
991
259599857
991
259599867
991
259599877
991
259599887
991
259599897
991
259599907
991
259599917
991
259599927
991
259599937
991
259599947
991
259599957
991
259599967
991
259599977
991
259599987
991
259599997
991
259600007
991
259600017
991
259600027
991
259600037
991
259600047
991
259600057
991
259600067
991
259600077
991
259600087
991
259600097
991
259600107
991
259600117
991
259600127
991
259600137
991
259600147
991
259600157
991
259600167
991
259600177
991
259600187
991
259600197
991
259600207
991
259600217
991
259600227
991
259600237
991
259600247
991
259600257
991
259600267
991
259600277
991
259600287
991
259600297
991
259600307
991
259600317
991
259600327
991
259600337
991
259600347
991
259600357
991
259600367
991
259600377
991
259633155
991
259633165
991
259633175
991
259633185
991
259633195
991
259633205
991
259633215
991
259633225
991
259633235
991
259633245
991
259633255
991
259633265
991
259633275
991
259633285
991
259633295
991
259633305
991
259633315
991
259633325
991
259633335
991
259633345
991
259633355
991
259633365
991
259633375
991
259633385
991
259633395
991
259633405
991
259633415
991
259633425
991
259633435
991
259633445
991
259633455
991
259633465
991
259633475
991
259633485
991
259633495
991
259633505
991
259633515
991
259633525
991
259633535
991
259633545
991
259633555
991
259633565
991
259633575
991
259633585
991
259633595
991
259633605
991
259633615
991
259633625
991
259633635
991
259633645
991
259633655
991
259633665
991
259633675
991
259633685
991
259633695
991
259633705
991
259633715
991
259633725
991
259633735
991
259633745
991
259633755
991
259633765
991
259633775
991
259633785
991
259633795
991
259633805
991
259633815
991
259633825
991
259633835
991
259633845
991
259633855
991
259633865
991
259633875
991
259633885
991
259633895
991
259633905
991
259633915
991
259633925
991
259633935
991
259633945
991
259633955
991
259633965
991
259633975
991
259633985
991
259633995
991
259634005
991
259634015
991
259634025
991
259634035
991
259634045
991
259634055
991
259634065
991
259634075
991
259634085
991
259634095
991
259634105
991
259634115
991
259634125
991
259634135
991
259634145
991
259634155
991
259634165
991
259634175
991
259634185
991
259634195
991
259634205
991
259634215
991
259634225
991
259634235
991
259634245
991
259634255
991
259634265
991
259634275
991
259634285
991
259634295
991
259634305
991
259634315
991
259634325
991
259634335
991
259634345
991
259634355
991
259634365
991
259634375
991
259634385
991
259634395
991
259634405
991
259634415
991
259634425
991
259634435
991
259634445
991
259634455
991
259634465
991
259634475
991
259634485
991
259634495
991
259634505
991
259634515
991
259634525
991
259634535
991
259634545
991
259634555
991
259634565
991
259634575
991
259634585
991
259634595
991
259634605
991
259634615
991
259634625
991
259634635
991
259634645
991
259634655
991
259634665
991
259634675
991
259634685
991
259634695
991
259634705
991
259634715
991
259634725
991
259634735
991
259634745
991
259634755
991
259634765
991
259634775
991
259634785
991
259634795
991
259634805
991
259634815
991
259634825
991
259634835
991
259634845
991
259634855
991
259634865
991
259634875
991
259634885
991
259634895
991
259634905
991
259634915
991
259634925
991
259634935
991
259634945
991
259634955
991
259634965
991
259634975
991
259634985
991
259634995
991
259635005
991
259635015
991
259635025
991
259635035
991
259635045
991
259635055
991
259635065
991
259635075
991
259635085
991
259635095
991
259635105
991
259635115
991
259635125
991
259635135
991
259635145
991
259635155
991
259635165
991
259635175
991
259635185
991
259635195
991
259635205
991
259635215
991
259635225
991
259635235
991
259635245
991
259635255
991
259635265
991
259635275
991
259635285
991
259635295
991
259635305
991
259635315
991
259635325
991
259635335
991
259635345
991
259635355
991
259635365
991
259635375
991
259635385
991
259635395
991
259635405
991
259635415
991
259635425
991
259635435
991
259635445
991
259635455
991
259635465
991
259635475
991
259635485
991
259635495
991
259635505
991
259635515
991
259635525
991
259635535
991
259635545
991
259635555
991
259635565
991
259635575
991
259635585
991
259635595
991
259635605
991
259635615
991
259635625
991
259635635
991
259635645
991
259635655
991
259635665
991
259635675
991
259635685
991
259635695
991
259635705
991
259635715
991
259635725
991
259635735
991
259635745
991
259635755
991
259635765
991
259635775
991
259635785
991
259635795
991
259635805
991
259635815
991
259635825
991
259635835
991
259635845
991
259635855
991
259635865
991
259635875
991
259635885
991
259635895
991
259635905
991
259635915
991
259635925
991
259635935
991
259635945
991
259635955
991
259635965
991
259635975
991
259635985
991
259635995
991
259636005
991
259636015
991
259636025
991
259636035
991
259636045
991
259636055
991
259636065
991
259636075
991
259636085
991
259636095
991
259636105
991
259636115
991
259636125
991
259636135
991
259636145
991
259636155
991
259636165
991
259636175
991
259636185
991
259636195
991
259636205
991
259636215
991
259636225
991
259636235
991
259636245
991
259636255
991
259636265
991
259636275
991
259636285
991
259636295
991
259636305
991
259636315
991
259636325
991
259636335
991
259636345
991
259636355
991
259636365
991
259636375
991
259636385
991
259636395
991
259636405
991
259636415
991
259636425
991
259636435
991
259636445
991
259636455
991
259636465
991
259636475
991
259636485
991
259636495
991
259636505
991
259636515
991
259636525
991
259636535
991
259636545
991
259636555
991
259636565
991
259636575
991
259636585
991
259636595
991
259636605
991
259636615
991
259636625
991
259636635
991
259636645
991
259636655
991
259636665
991
259636675
991
259636685
991
259636695
991
259636705
991
259636715
991
259636725
991
259636735
991
259636745
991
259636755
991
259636765
991
259636775
991
259636785
991
259636795
991
259636805
991
259636815
991
259636825
991
259636835
991
259636845
991
259636855
991
259636865
991
259636875
991
259636885
991
259636895
991
259636905
991
259636915
991
259636925
991
259636935
991
259636945
991
259636955
991
259636965
991
259636975
991
259636985
991
259636995
991
259637005
991
259637015
991
259637025
991
259637035
991
259637045
991
259637055
991
259637065
991
259637075
991
259637085
991
259637095
991
259637105
991
259637115
991
259637125
991
259637135
991
259637145
991
259637155
991
259637165
991
259637175
991
259637185
991
259637195
991
259637205
991
259637215
991
259637225
991
259637235
991
259637245
991
259715075
991
259715085
991
259715095
991
259715105
991
259715115
991
259715125
991
259715135
991
259715145
991
259715155
991
259715165
991
259715175
991
259715185
991
259715195
991
259715205
991
259715215
991
259715225
991
259715235
991
259715245
991
259715255
991
259715265
991
259715275
991
259715285
991
259715295
991
259715305
991
259715315
991
259715325
991
259715335
991
259715345
991
259715355
991
259715365
991
259715375
991
259715385
991
259715395
991
259715405
991
259715415
991
259715425
991
259715435
991
259715445
991
259715455
991
259715465
991
259715475
991
259715485
991
259715495
991
259715505
991
259715515
991
259715525
991
259715535
991
259715545
991
259715555
991
259715565
991
259715575
991
259715585
991
259715595
991
259715605
991
259715615
991
259715625
991
259715635
991
259715645
991
259715655
991
259715665
991
259715675
991
259715685
991
259715695
991
259715705
991
259715715
991
259715725
991
259715735
991
259715745
991
259715755
991
259715765
991
259715775
991
259715785
991
259715795
991
259715805
991
259715815
991
259715825
991
259715835
991
259715845
991
259715855
991
259715865
991
259715875
991
259715885
991
259715895
991
259715905
991
259715915
991
259715925
991
259715935
991
259715945
991
259715955
991
259715965
991
259715975
991
259715985
991
259715995
991
259716005
991
259716015
991
259716025
991
259716035
991
259716045
991
259716055
991
259716065
991
259716075
991
259716085
991
259716095
991
259716105
991
259716115
991
259716125
991
259716135
991
259716145
991
259716155
991
259716165
991
259716175
991
259716185
991
259716195
991
259716205
991
259716215
991
259716225
991
259716235
991
259716245
991
259716255
991
259716265
991
259716275
991
259716285
991
259716295
991
259716305
991
259716315
991
259716325
991
259716335
991
259716345
991
259716355
991
259716365
991
259716375
991
259716385
991
259716395
991
259716405
991
259716415
991
259716425
991
259716435
991
259716445
991
259716455
991
259716465
991
259716475
991
259716485
991
259716495
991
259716505
991
259716515
991
259716525
991
259716535
991
259716545
991
259716555
991
259716565
991
259716575
991
259716585
991
259716595
991
259716605
991
259716615
991
259716625
991
259716635
991
259716645
991
259716655
991
259716665
991
259716675
991
259716685
991
259716695
991
259716705
991
259716715
991
259716725
991
259716735
991
259716745
991
259716755
991
259716765
991
259716775
991
259716785
991
259716795
991
259716805
991
259716815
991
259716825
991
259716835
991
259716845
991
259716855
991
259716865
991
259716875
991
259716885
991
259716895
991
259716905
991
259716915
991
259716925
991
259716935
991
259716945
991
259716955
991
259716965
991
259716975
991
259716985
991
259716995
991
259717005
991
259717015
991
259717025
991
259717035
991
259717045
991
259717055
991
259717065
991
259717075
991
259717085
991
259717095
991
259717105
991
259717115
991
259717125
991
259717135
991
259717145
991
259717155
991
259717165
991
259717175
991
259717185
991
259717195
991
259717205
991
259717215
991
259717225
991
259717235
991
259717245
991
259717255
991
259717265
991
259717275
991
259717285
991
259717295
991
259717305
991
259717315
991
259717325
991
259717335
991
259717345
991
259717355
991
259717365
991
259717375
991
259717385
991
259717395
991
259717405
991
259717415
991
259717425
991
259717435
991
259717445
991
259717455
991
259717465
991
259717475
991
259717485
991
259717495
991
259717505
991
259717515
991
259717525
991
259717535
991
259717545
991
259717555
991
259717565
991
259717575
991
259717585
991
259717595
991
259717605
991
259717615
991
259717625
991
259717635
991
259717645
991
259717655
991
259717665
991
259717675
991
259717685
991
259717695
991
259717705
991
259717715
991
259717725
991
259717735
991
259717745
991
259717755
991
259717765
991
259717775
991
259717785
991
259717795
991
259717805
991
259717815
991
259717825
991
259717835
991
259717845
991
259717855
991
259717865
991
259717875
991
259717885
991
259717895
991
259717905
991
259717915
991
259717925
991
259717935
991
259717945
991
259717955
991
259717965
991
259717975
991
259717985
991
259717995
991
259718005
991
259718015
991
259718025
991
259718035
991
259718045
991
259718055
991
259718065
991
259718075
991
259718085
991
259718095
991
259718105
991
259718115
991
259718125
991
259718135
991
259718145
991
259718155
991
259718165
991
259718175
991
259718185
991
259718195
991
259718205
991
259718215
991
259718225
991
259718235
991
259718245
991
259718255
991
259718265
991
259718275
991
259718285
991
259718295
991
259718305
991
259718315
991
259718325
991
259718335
991
259718345
991
259718355
991
259718365
991
259718375
991
259718385
991
259718395
991
259718405
991
259718415
991
259718425
991
259718435
991
259718445
991
259718455
991
259718465
991
259718475
991
259718485
991
259718495
991
259718505
991
259718515
991
259718525
991
259718535
991
259718545
991
259718555
991
259718565
991
259718575
991
259718585
991
259718595
991
259718605
991
259718615
991
259718625
991
259718635
991
259718645
991
259718655
991
259718665
991
259718675
991
259718685
991
259718695
991
259718705
991
259718715
991
259718725
991
259718735
991
259718745
991
259718755
991
259718765
991
259718775
991
259718785
991
259718795
991
259718805
991
259718815
991
259718825
991
259718835
991
259718845
991
259718855
991
259718865
991
259718875
991
259718885
991
259718895
991
259718905
991
259718915
991
259718925
991
259718935
991
259718945
991
259718955
991
259718965
991
259718975
991
259718985
991
259718995
991
259719005
991
259719015
991
259719025
991
259719035
991
259719045
991
259719055
991
259719065
991
259719075
991
259719085
991
259719095
991
259719105
991
259719115
991
259719125
991
259719135
991
259719145
991
259719155
991
259719165
991
259723271
991
259723281
991
259723291
991
259723301
991
259723311
991
259723321
991
259723331
991
259723341
991
259723351
991
259723361
991
259723371
991
259723381
991
259723391
991
259723401
991
259723411
991
259723421
991
259723431
991
259723441
991
259723451
991
259723461
991
259723471
991
259723481
991
259723491
991
259723501
991
259723511
991
259723521
991
259723531
991
259723541
991
259723551
991
259723561
991
259723571
991
259723581
991
259723591
991
259723601
991
259723611
991
259723621
991
259723631
991
259723641
991
259723651
991
259723661
991
259723671
991
259723681
991
259723691
991
259723701
991
259723711
991
259723721
991
259723731
991
259723741
991
259723751
991
259723761
991
259723771
991
259723781
991
259723791
991
259723801
991
259723811
991
259723821
991
259723831
991
259723841
991
259723851
991
259723861
991
259723871
991
259723881
991
259723891
991
259723901
991
259723911
991
259723921
991
259723931
991
259723941
991
259723951
991
259723961
991
259723971
991
259723981
991
259723991
991
259724001
991
259724011
991
259724021
991
259724031
991
259724041
991
259724051
991
259724061
991
259724071
991
259724081
991
259724091
991
259724101
991
259724111
991
259724121
991
259724131
991
259724141
991
259724151
991
259724161
991
259724171
991
259724181
991
259724191
991
259724201
991
259724211
991
259724221
991
259724231
991
259724241
991
259724251
991
259724261
991
259724271
991
259724281
991
259724291
991
259724301
991
259724311
991
259724321
991
259724331
991
259724341
991
259724351
991
259724361
991
259724371
991
259724381
991
259724391
991
259724401
991
259724411
991
259724421
991
259724431
991
259724441
991
259724451
991
259724461
991
259724471
991
259724481
991
259724491
991
259724501
991
259724511
991
259724521
991
259724531
991
259724541
991
259724551
991
259724561
991
259724571
991
259724581
991
259724591
991
259724601
991
259724611
991
259724621
991
259724631
991
259724641
991
259724651
991
259724661
991
259724671
991
259724681
991
259724691
991
259724701
991
259724711
991
259724721
991
259724731
991
259724741
991
259724751
991
259724761
991
259724771
991
259724781
991
259724791
991
259724801
991
259724811
991
259724821
991
259724831
991
259724841
991
259724851
991
259724861
991
259724871
991
259724881
991
259724891
991
259724901
991
259724911
991
259724921
991
259724931
991
259724941
991
259724951
991
259724961
991
259724971
991
259724981
991
259724991
991
259725001
991
259725011
991
259725021
991
259725031
991
259725041
991
259725051
991
259725061
991
259725071
991
259725081
991
259725091
991
259725101
991
259725111
991
259725121
991
259725131
991
259725141
991
259725151
991
259725161
991
259725171
991
259725181
991
259725191
991
259725201
991
259725211
991
259725221
991
259725231
991
259725241
991
259725251
991
259725261
991
259725271
991
259725281
991
259725291
991
259725301
991
259725311
991
259725321
991
259725331
991
259725341
991
259725351
991
259725361
991
259725371
991
259725381
991
259725391
991
259725401
991
259725411
991
259725421
991
259725431
991
259725441
991
259725451
991
259725461
991
259725471
991
259725481
991
259725491
991
259725501
991
259725511
991
259725521
991
259725531
991
259725541
991
259725551
991
259725561
991
259725571
991
259725581
991
259725591
991
259725601
991
259725611
991
259725621
991
259725631
991
259725641
991
259725651
991
259725661
991
259725671
991
259725681
991
259725691
991
259725701
991
259725711
991
259725721
991
259725731
991
259725741
991
259725751
991
259725761
991
259725771
991
259725781
991
259725791
991
259725801
991
259725811
991
259725821
991
259725831
991
259725841
991
259725851
991
259725861
991
259725871
991
259725881
991
259725891
991
259725901
991
259725911
991
259725921
991
259725931
991
259725941
991
259725951
991
259725961
991
259725971
991
259725981
991
259725991
991
259726001
991
259726011
991
259726021
991
259726031
991
259726041
991
259726051
991
259726061
991
259726071
991
259726081
991
259726091
991
259726101
991
259726111
991
259726121
991
259726131
991
259726141
991
259726151
991
259726161
991
259726171
991
259726181
991
259726191
991
259726201
991
259726211
991
259726221
991
259726231
991
259726241
991
259726251
991
259726261
991
259726271
991
259726281
991
259726291
991
259726301
991
259726311
991
259726321
991
259726331
991
259726341
991
259726351
991
259726361
991
259726371
991
259726381
991
259726391
991
259726401
991
259726411
991
259726421
991
259726431
991
259726441
991
259726451
991
259726461
991
259726471
991
259726481
991
259726491
991
259726501
991
259726511
991
259726521
991
259726531
991
259726541
991
259726551
991
259726561
991
259726571
991
259726581
991
259726591
991
259726601
991
259726611
991
259726621
991
259726631
991
259726641
991
259726651
991
259726661
991
259726671
991
259726681
991
259726691
991
259726701
991
259726711
991
259726721
991
259726731
991
259726741
991
259726751
991
259726761
991
259726771
991
259726781
991
259726791
991
259726801
991
259726811
991
259726821
991
259726831
991
259726841
991
259726851
991
259726861
991
259726871
991
259726881
991
259726891
991
259726901
991
259726911
991
259726921
991
259726931
991
259726941
991
259726951
991
259726961
991
259726971
991
259726981
991
259726991
991
259727001
991
259727011
991
259727021
991
259727031
991
259727041
991
259727051
991
259727061
991
259727071
991
259727081
991
259727091
991
259727101
991
259727111
991
259727121
991
259727131
991
259727141
991
259727151
991
259727161
991
259727171
991
259727181
991
259727191
991
259727201
991
259727211
991
259727221
991
259727231
991
259727241
991
259727251
991
259727261
991
259727271
991
259727281
991
259727291
991
259727301
991
259727311
991
259727321
991
259727331
991
259727341
991
259727351
991
259719171
991
259719181
991
259719191
991
259719201
991
259719211
991
259719221
991
259719231
991
259719241
991
259719251
991
259719261
991
259719271
991
259719281
991
259719291
991
259719301
991
259719311
991
259719321
991
259719331
991
259719341
991
259719351
991
259719361
991
259719371
991
259719381
991
259719391
991
259719401
991
259719411
991
259719421
991
259719431
991
259719441
991
259719451
991
259719461
991
259719471
991
259719481
991
259719491
991
259719501
991
259719511
991
259719521
991
259719531
991
259719541
991
259719551
991
259719561
991
259719571
991
259719581
991
259719591
991
259719601
991
259719611
991
259719621
991
259719631
991
259719641
991
259719651
991
259719661
991
259719671
991
259719681
991
259719691
991
259719701
991
259719711
991
259719721
991
259719731
991
259719741
991
259719751
991
259719761
991
259719771
991
259719781
991
259719791
991
259719801
991
259719811
991
259719821
991
259719831
991
259719841
991
259719851
991
259719861
991
259719871
991
259719881
991
259719891
991
259719901
991
259719911
991
259719921
991
259719931
991
259719941
991
259719951
991
259719961
991
259719971
991
259719981
991
259719991
991
259720001
991
259720011
991
259720021
991
259720031
991
259720041
991
259720051
991
259720061
991
259720071
991
259720081
991
259720091
991
259720101
991
259720111
991
259720121
991
259720131
991
259720141
991
259720151
991
259720161
991
259720171
991
259720181
991
259720191
991
259720201
991
259720211
991
259720221
991
259720231
991
259720241
991
259720251
991
259720261
991
259720271
991
259720281
991
259720291
991
259720301
991
259720311
991
259720321
991
259720331
991
259720341
991
259720351
991
259720361
991
259720371
991
259720381
991
259720391
991
259720401
991
259720411
991
259720421
991
259720431
991
259720441
991
259720451
991
259720461
991
259720471
991
259720481
991
259720491
991
259720501
991
259720511
991
259720521
991
259720531
991
259720541
991
259720551
991
259720561
991
259720571
991
259720581
991
259720591
991
259720601
991
259720611
991
259720621
991
259720631
991
259720641
991
259720651
991
259720661
991
259720671
991
259720681
991
259720691
991
259720701
991
259720711
991
259720721
991
259720731
991
259720741
991
259720751
991
259720761
991
259720771
991
259720781
991
259720791
991
259720801
991
259720811
991
259720821
991
259720831
991
259720841
991
259720851
991
259720861
991
259720871
991
259720881
991
259720891
991
259720901
991
259720911
991
259720921
991
259720931
991
259720941
991
259720951
991
259720961
991
259720971
991
259720981
991
259720991
991
259721001
991
259721011
991
259721021
991
259721031
991
259721041
991
259721051
991
259721061
991
259721071
991
259721081
991
259721091
991
259721101
991
259721111
991
259721121
991
259721131
991
259721141
991
259721151
991
259721161
991
259721171
991
259721181
991
259721191
991
259721201
991
259721211
991
259721221
991
259721231
991
259721241
991
259721251
991
259721261
991
259721271
991
259721281
991
259721291
991
259721301
991
259721311
991
259721321
991
259721331
991
259721341
991
259721351
991
259721361
991
259721371
991
259721381
991
259721391
991
259721401
991
259721411
991
259721421
991
259721431
991
259721441
991
259721451
991
259721461
991
259721471
991
259721481
991
259721491
991
259721501
991
259721511
991
259721521
991
259721531
991
259721541
991
259721551
991
259721561
991
259721571
991
259721581
991
259721591
991
259721601
991
259721611
991
259721621
991
259721631
991
259721641
991
259721651
991
259721661
991
259721671
991
259721681
991
259721691
991
259721701
991
259721711
991
259721721
991
259721731
991
259721741
991
259721751
991
259721761
991
259721771
991
259721781
991
259721791
991
259721801
991
259721811
991
259721821
991
259721831
991
259721841
991
259721851
991
259721861
991
259721871
991
259721881
991
259721891
991
259721901
991
259721911
991
259721921
991
259721931
991
259721941
991
259721951
991
259721961
991
259721971
991
259721981
991
259721991
991
259722001
991
259722011
991
259722021
991
259722031
991
259722041
991
259722051
991
259722061
991
259722071
991
259722081
991
259722091
991
259722101
991
259722111
991
259722121
991
259722131
991
259722141
991
259722151
991
259722161
991
259722171
991
259722181
991
259722191
991
259722201
991
259722211
991
259722221
991
259722231
991
259722241
991
259722251
991
259722261
991
259722271
991
259722281
991
259722291
991
259722301
991
259722311
991
259722321
991
259722331
991
259722341
991
259722351
991
259722361
991
259722371
991
259722381
991
259722391
991
259722401
991
259722411
991
259722421
991
259722431
991
259722441
991
259722451
991
259722461
991
259722471
991
259722481
991
259722491
991
259722501
991
259722511
991
259722521
991
259722531
991
259722541
991
259722551
991
259722561
991
259722571
991
259722581
991
259722591
991
259722601
991
259722611
991
259722621
991
259722631
991
259722641
991
259722651
991
259722661
991
259722671
991
259722681
991
259722691
991
259722701
991
259722711
991
259722721
991
259722731
991
259722741
991
259722751
991
259722761
991
259722771
991
259722781
991
259722791
991
259722801
991
259722811
991
259722821
991
259722831
991
259722841
991
259722851
991
259722861
991
259722871
991
259722881
991
259722891
991
259722901
991
259722911
991
259722921
991
259722931
991
259722941
991
259722951
991
259722961
991
259722971
991
259722981
991
259722991
991
259723001
991
259723011
991
259723021
991
259723031
991
259723041
991
259723051
991
259723061
991
259723071
991
259723081
991
259723091
991
259723101
991
259723111
991
259723121
991
259723131
991
259723141
991
259723151
991
259723161
991
259723171
991
259723181
991
259723191
991
259723201
991
259723211
991
259723221
991
259723231
991
259723241
991
259723251
991
259723261
991
259530753
991
259530763
991
259530773
991
259530783
991
259530793
991
259530803
991
259530813
991
259530823
991
259530833
991
259530843
991
259530853
991
259530863
991
259530873
991
259530883
991
259530893
991
259530903
991
259530913
991
259530923
991
259530933
991
259530943
991
259530953
991
259530963
991
259530973
991
259530983
991
259530993
991
259531003
991
259531013
991
259531023
991
259531033
991
259531043
991
259531053
991
259531063
991
259531073
991
259531083
991
259531093
991
259531103
991
259531113
991
259531123
991
259531133
991
259531143
991
259531153
991
259531163
991
259531173
991
259531183
991
259531193
991
259531203
991
259531213
991
259531223
991
259531233
991
259531243
991
259531253
991
259531263
991
259531273
991
259531283
991
259531293
991
259531303
991
259531313
991
259531323
991
259531333
991
259531343
991
259531353
991
259531363
991
259531373
991
259531383
991
259531393
991
259531403
991
259531413
991
259531423
991
259531433
991
259531443
991
259531453
991
259531463
991
259531473
991
259531483
991
259531493
991
259531503
991
259531513
991
259531523
991
259531533
991
259531543
991
259531553
991
259531563
991
259531573
991
259531583
991
259531593
991
259531603
991
259531613
991
259531623
991
259531633
991
259531643
991
259531653
991
259531663
991
259531673
991
259531683
991
259531693
991
259531703
991
259531713
991
259531723
991
259531733
991
259531743
991
259531753
991
259531763
991
259531773
991
259531783
991
259531793
991
259531803
991
259531813
991
259531823
991
259531833
991
259531843
991
259531853
991
259531863
991
259531873
991
259531883
991
259531893
991
259531903
991
259531913
991
259531923
991
259531933
991
259531943
991
259531953
991
259531963
991
259531973
991
259531983
991
259531993
991
259532003
991
259532013
991
259532023
991
259532033
991
259532043
991
259532053
991
259532063
991
259532073
991
259532083
991
259532093
991
259532103
991
259532113
991
259532123
991
259532133
991
259532143
991
259532153
991
259532163
991
259532173
991
259532183
991
259532193
991
259532203
991
259532213
991
259532223
991
259532233
991
259532243
991
259532253
991
259532263
991
259532273
991
259532283
991
259532293
991
259532303
991
259532313
991
259532323
991
259532333
991
259532343
991
259532353
991
259532363
991
259532373
991
259532383
991
259532393
991
259532403
991
259532413
991
259532423
991
259532433
991
259532443
991
259532453
991
259532463
991
259532473
991
259532483
991
259532493
991
259532503
991
259532513
991
259532523
991
259532533
991
259532543
991
259532553
991
259532563
991
259532573
991
259532583
991
259532593
991
259532603
991
259532613
991
259532623
991
259532633
991
259532643
991
259532653
991
259532663
991
259532673
991
259532683
991
259532693
991
259532703
991
259532713
991
259532723
991
259532733
991
259532743
991
259532753
991
259532763
991
259532773
991
259532783
991
259532793
991
259532803
991
259532813
991
259532823
991
259532833
991
259532843
991
259532853
991
259532863
991
259532873
991
259532883
991
259532893
991
259532903
991
259532913
991
259532923
991
259532933
991
259532943
991
259532953
991
259532963
991
259532973
991
259532983
991
259532993
991
259533003
991
259533013
991
259533023
991
259533033
991
259533043
991
259533053
991
259533063
991
259533073
991
259533083
991
259533093
991
259533103
991
259533113
991
259533123
991
259533133
991
259533143
991
259533153
991
259533163
991
259533173
991
259533183
991
259533193
991
259533203
991
259533213
991
259533223
991
259533233
991
259533243
991
259533253
991
259533263
991
259533273
991
259533283
991
259533293
991
259533303
991
259533313
991
259533323
991
259533333
991
259533343
991
259533353
991
259533363
991
259533373
991
259533383
991
259533393
991
259533403
991
259533413
991
259533423
991
259533433
991
259533443
991
259533453
991
259533463
991
259533473
991
259533483
991
259533493
991
259533503
991
259533513
991
259533523
991
259533533
991
259533543
991
259533553
991
259533563
991
259533573
991
259533583
991
259533593
991
259533603
991
259533613
991
259533623
991
259533633
991
259533643
991
259533653
991
259533663
991
259533673
991
259533683
991
259533693
991
259533703
991
259533713
991
259533723
991
259533733
991
259533743
991
259533753
991
259533763
991
259533773
991
259533783
991
259533793
991
259533803
991
259533813
991
259533823
991
259533833
991
259533843
991
259533853
991
259533863
991
259533873
991
259533883
991
259533893
991
259533903
991
259533913
991
259533923
991
259533933
991
259533943
991
259533953
991
259533963
991
259533973
991
259533983
991
259533993
991
259534003
991
259534013
991
259534023
991
259534033
991
259534043
991
259534053
991
259534063
991
259534073
991
259534083
991
259534093
991
259534103
991
259534113
991
259534123
991
259534133
991
259534143
991
259534153
991
259534163
991
259534173
991
259534183
991
259534193
991
259534203
991
259534213
991
259534223
991
259534233
991
259534243
991
259534253
991
259534263
991
259534273
991
259534283
991
259534293
991
259534303
991
259534313
991
259534323
991
259534333
991
259534343
991
259534353
991
259534363
991
259534373
991
259534383
991
259534393
991
259534403
991
259534413
991
259534423
991
259534433
991
259534443
991
259534453
991
259534463
991
259534473
991
259534483
991
259534493
991
259534503
991
259534513
991
259534523
991
259534533
991
259534543
991
259534553
991
259534563
991
259534573
991
259534583
991
259534593
991
259534603
991
259534613
991
259534623
991
259534633
991
259534643
991
259534653
991
259534663
991
259534673
991
259534683
991
259534693
991
259534703
991
259534713
991
259534723
991
259534733
991
259534743
991
259534753
991
259534763
991
259534773
991
259534783
991
259534793
991
259534803
991
259534813
991
259534823
991
259534833
991
259534843
991
259584001
991
259584011
991
259584021
991
259584031
991
259584041
991
259584051
991
259584061
991
259584071
991
259584081
991
259584091
991
259584101
991
259584111
991
259584121
991
259584131
991
259584141
991
259584151
991
259584161
991
259584171
991
259584181
991
259584191
991
259584201
991
259584211
991
259584221
991
259584231
991
259584241
991
259584251
991
259584261
991
259584271
991
259584281
991
259584291
991
259584301
991
259584311
991
259584321
991
259584331
991
259584341
991
259584351
991
259584361
991
259584371
991
259584381
991
259584391
991
259584401
991
259584411
991
259584421
991
259584431
991
259584441
991
259584451
991
259584461
991
259584471
991
259584481
991
259584491
991
259584501
991
259584511
991
259584521
991
259584531
991
259584541
991
259584551
991
259584561
991
259584571
991
259584581
991
259584591
991
259584601
991
259584611
991
259584621
991
259584631
991
259584641
991
259584651
991
259584661
991
259584671
991
259584681
991
259584691
991
259584701
991
259584711
991
259584721
991
259584731
991
259584741
991
259584751
991
259584761
991
259584771
991
259584781
991
259584791
991
259584801
991
259584811
991
259584821
991
259584831
991
259584841
991
259584851
991
259584861
991
259584871
991
259584881
991
259584891
991
259584901
991
259584911
991
259584921
991
259584931
991
259584941
991
259584951
991
259584961
991
259584971
991
259584981
991
259584991
991
259585001
991
259585011
991
259585021
991
259585031
991
259585041
991
259585051
991
259585061
991
259585071
991
259585081
991
259585091
991
259585101
991
259585111
991
259585121
991
259585131
991
259585141
991
259585151
991
259585161
991
259585171
991
259585181
991
259585191
991
259585201
991
259585211
991
259585221
991
259585231
991
259585241
991
259585251
991
259585261
991
259585271
991
259585281
991
259585291
991
259585301
991
259585311
991
259585321
991
259585331
991
259585341
991
259585351
991
259585361
991
259585371
991
259585381
991
259585391
991
259585401
991
259585411
991
259585421
991
259585431
991
259585441
991
259585451
991
259585461
991
259585471
991
259585481
991
259585491
991
259585501
991
259585511
991
259585521
991
259585531
991
259585541
991
259585551
991
259585561
991
259585571
991
259585581
991
259585591
991
259585601
991
259585611
991
259585621
991
259585631
991
259585641
991
259585651
991
259585661
991
259585671
991
259585681
991
259585691
991
259585701
991
259585711
991
259585721
991
259585731
991
259585741
991
259585751
991
259585761
991
259585771
991
259585781
991
259585791
991
259585801
991
259585811
991
259585821
991
259585831
991
259585841
991
259585851
991
259585861
991
259585871
991
259585881
991
259585891
991
259585901
991
259585911
991
259585921
991
259585931
991
259585941
991
259585951
991
259585961
991
259585971
991
259585981
991
259585991
991
259586001
991
259586011
991
259586021
991
259586031
991
259586041
991
259586051
991
259586061
991
259586071
991
259586081
991
259586091
991
259586101
991
259586111
991
259586121
991
259586131
991
259586141
991
259586151
991
259586161
991
259586171
991
259586181
991
259586191
991
259586201
991
259586211
991
259586221
991
259586231
991
259586241
991
259586251
991
259586261
991
259586271
991
259586281
991
259586291
991
259586301
991
259586311
991
259586321
991
259586331
991
259586341
991
259586351
991
259586361
991
259586371
991
259586381
991
259586391
991
259586401
991
259586411
991
259586421
991
259586431
991
259586441
991
259586451
991
259586461
991
259586471
991
259586481
991
259586491
991
259586501
991
259586511
991
259586521
991
259586531
991
259586541
991
259586551
991
259586561
991
259586571
991
259586581
991
259586591
991
259586601
991
259586611
991
259586621
991
259586631
991
259586641
991
259586651
991
259586661
991
259586671
991
259586681
991
259586691
991
259586701
991
259586711
991
259586721
991
259586731
991
259586741
991
259586751
991
259586761
991
259586771
991
259586781
991
259586791
991
259586801
991
259586811
991
259586821
991
259586831
991
259586841
991
259586851
991
259586861
991
259586871
991
259586881
991
259586891
991
259586901
991
259586911
991
259586921
991
259586931
991
259586941
991
259586951
991
259586961
991
259586971
991
259586981
991
259586991
991
259587001
991
259587011
991
259587021
991
259587031
991
259587041
991
259587051
991
259587061
991
259587071
991
259587081
991
259587091
991
259587101
991
259587111
991
259587121
991
259587131
991
259587141
991
259587151
991
259587161
991
259587171
991
259587181
991
259587191
991
259587201
991
259587211
991
259587221
991
259587231
991
259587241
991
259587251
991
259587261
991
259587271
991
259587281
991
259587291
991
259587301
991
259587311
991
259587321
991
259587331
991
259587341
991
259587351
991
259587361
991
259587371
991
259587381
991
259587391
991
259587401
991
259587411
991
259587421
991
259587431
991
259587441
991
259587451
991
259587461
991
259587471
991
259587481
991
259587491
991
259587501
991
259587511
991
259587521
991
259587531
991
259587541
991
259587551
991
259587561
991
259587571
991
259587581
991
259587591
991
259587601
991
259587611
991
259587621
991
259587631
991
259587641
991
259587651
991
259587661
991
259587671
991
259587681
991
259587691
991
259587701
991
259587711
991
259587721
991
259587731
991
259587741
991
259587751
991
259587761
991
259587771
991
259587781
991
259587791
991
259587801
991
259587811
991
259587821
991
259587831
991
259587841
991
259587851
991
259587861
991
259587871
991
259587881
991
259587891
991
259587901
991
259587911
991
259587921
991
259587931
991
259587941
991
259587951
991
259587961
991
259587971
991
259587981
991
259587991
991
259588001
991
259588011
991
259588021
991
259588031
991
259588041
991
259588051
991
259588061
991
259588071
991
259588081
991
259588091
991
259727361
991
259727371
991
259727381
991
259727391
991
259727401
991
259727411
991
259727421
991
259727431
991
259727441
991
259727451
991
259727461
991
259727471
991
259727481
991
259727491
991
259727501
991
259727511
991
259727521
991
259727531
991
259727541
991
259727551
991
259727561
991
259727571
991
259727581
991
259727591
991
259727601
991
259727611
991
259727621
991
259727631
991
259727641
991
259727651
991
259727661
991
259727671
991
259727681
991
259727691
991
259727701
991
259727711
991
259727721
991
259727731
991
259727741
991
259727751
991
259727761
991
259727771
991
259727781
991
259727791
991
259727801
991
259727811
991
259727821
991
259727831
991
259727841
991
259727851
991
259727861
991
259727871
991
259727881
991
259727891
991
259727901
991
259727911
991
259727921
991
259727931
991
259727941
991
259727951
991
259727961
991
259727971
991
259727981
991
259727991
991
259728001
991
259728011
991
259728021
991
259728031
991
259728041
991
259728051
991
259728061
991
259728071
991
259728081
991
259728091
991
259728101
991
259728111
991
259728121
991
259728131
991
259728141
991
259728151
991
259728161
991
259728171
991
259728181
991
259728191
991
259728201
991
259728211
991
259728221
991
259728231
991
259728241
991
259728251
991
259728261
991
259728271
991
259728281
991
259728291
991
259728301
991
259728311
991
259728321
991
259728331
991
259728341
991
259728351
991
259728361
991
259728371
991
259728381
991
259728391
991
259728401
991
259728411
991
259728421
991
259728431
991
259728441
991
259728451
991
259728461
991
259728471
991
259728481
991
259728491
991
259728501
991
259728511
991
259728521
991
259728531
991
259728541
991
259728551
991
259728561
991
259728571
991
259728581
991
259728591
991
259728601
991
259728611
991
259728621
991
259728631
991
259728641
991
259728651
991
259728661
991
259728671
991
259728681
991
259728691
991
259728701
991
259728711
991
259728721
991
259728731
991
259728741
991
259728751
991
259728761
991
259728771
991
259728781
991
259728791
991
259728801
991
259728811
991
259728821
991
259728831
991
259728841
991
259728851
991
259728861
991
259728871
991
259728881
991
259728891
991
259728901
991
259728911
991
259728921
991
259728931
991
259728941
991
259728951
991
259728961
991
259728971
991
259728981
991
259728991
991
259729001
991
259729011
991
259729021
991
259729031
991
259729041
991
259729051
991
259729061
991
259729071
991
259729081
991
259729091
991
259729101
991
259729111
991
259729121
991
259729131
991
259729141
991
259729151
991
259729161
991
259729171
991
259729181
991
259729191
991
259729201
991
259729211
991
259729221
991
259729231
991
259729241
991
259729251
991
259729261
991
259729271
991
259729281
991
259729291
991
259729301
991
259729311
991
259729321
991
259729331
991
259729341
991
259729351
991
259729361
991
259729371
991
259729381
991
259729391
991
259729401
991
259729411
991
259729421
991
259729431
991
259729441
991
259729451
991
259729461
991
259729471
991
259729481
991
259729491
991
259729501
991
259729511
991
259729521
991
259729531
991
259729541
991
259729551
991
259729561
991
259729571
991
259729581
991
259729591
991
259729601
991
259729611
991
259729621
991
259729631
991
259729641
991
259729651
991
259729661
991
259729671
991
259729681
991
259729691
991
259729701
991
259729711
991
259729721
991
259729731
991
259729741
991
259729751
991
259729761
991
259729771
991
259729781
991
259729791
991
259729801
991
259729811
991
259729821
991
259729831
991
259729841
991
259729851
991
259729861
991
259729871
991
259729881
991
259729891
991
259729901
991
259729911
991
259729921
991
259729931
991
259729941
991
259729951
991
259729961
991
259729971
991
259729981
991
259729991
991
259730001
991
259730011
991
259730021
991
259730031
991
259730041
991
259730051
991
259730061
991
259730071
991
259730081
991
259730091
991
259730101
991
259730111
991
259730121
991
259730131
991
259730141
991
259730151
991
259730161
991
259730171
991
259730181
991
259730191
991
259730201
991
259730211
991
259730221
991
259730231
991
259730241
991
259730251
991
259730261
991
259730271
991
259730281
991
259730291
991
259730301
991
259730311
991
259730321
991
259730331
991
259730341
991
259730351
991
259730361
991
259730371
991
259730381
991
259730391
991
259730401
991
259730411
991
259730421
991
259730431
991
259730441
991
259730451
991
259730461
991
259730471
991
259730481
991
259730491
991
259730501
991
259730511
991
259730521
991
259730531
991
259730541
991
259730551
991
259730561
991
259730571
991
259730581
991
259730591
991
259730601
991
259730611
991
259730621
991
259730631
991
259730641
991
259730651
991
259730661
991
259730671
991
259730681
991
259730691
991
259730701
991
259730711
991
259730721
991
259730731
991
259730741
991
259730751
991
259730761
991
259730771
991
259730781
991
259730791
991
259730801
991
259730811
991
259730821
991
259730831
991
259730841
991
259730851
991
259730861
991
259730871
991
259730881
991
259730891
991
259730901
991
259730911
991
259730921
991
259730931
991
259730941
991
259730951
991
259730961
991
259730971
991
259730981
991
259730991
991
259731001
991
259731011
991
259731021
991
259731031
991
259731041
991
259731051
991
259731061
991
259731071
991
259731081
991
259731091
991
259731101
991
259731111
991
259731121
991
259731131
991
259731141
991
259731151
991
259731161
991
259731171
991
259731181
991
259731191
991
259731201
991
259731211
991
259731221
991
259731231
991
259731241
991
259731251
991
259731261
991
259731271
991
259731281
991
259731291
991
259731301
991
259731311
991
259731321
991
259731331
991
259731341
991
259731351
991
259731361
991
259731371
991
259731381
991
259731391
991
259731401
991
259731411
991
259731421
991
259731431
991
259731441
991
259731451
991
259551235
991
259551245
991
259551255
991
259551265
991
259551275
991
259551285
991
259551295
991
259551305
991
259551315
991
259551325
991
259551335
991
259551345
991
259551355
991
259551365
991
259551375
991
259551385
991
259551395
991
259551405
991
259551415
991
259551425
991
259551435
991
259551445
991
259551455
991
259551465
991
259551475
991
259551485
991
259551495
991
259551505
991
259551515
991
259551525
991
259551535
991
259551545
991
259551555
991
259551565
991
259551575
991
259551585
991
259551595
991
259551605
991
259551615
991
259551625
991
259551635
991
259551645
991
259551655
991
259551665
991
259551675
991
259551685
991
259551695
991
259551705
991
259551715
991
259551725
991
259551735
991
259551745
991
259551755
991
259551765
991
259551775
991
259551785
991
259551795
991
259551805
991
259551815
991
259551825
991
259551835
991
259551845
991
259551855
991
259551865
991
259551875
991
259551885
991
259551895
991
259551905
991
259551915
991
259551925
991
259551935
991
259551945
991
259551955
991
259551965
991
259551975
991
259551985
991
259551995
991
259552005
991
259552015
991
259552025
991
259552035
991
259552045
991
259552055
991
259552065
991
259552075
991
259552085
991
259552095
991
259552105
991
259552115
991
259552125
991
259552135
991
259552145
991
259552155
991
259552165
991
259552175
991
259552185
991
259552195
991
259552205
991
259552215
991
259552225
991
259552235
991
259552245
991
259552255
991
259552265
991
259552275
991
259552285
991
259552295
991
259552305
991
259552315
991
259552325
991
259552335
991
259552345
991
259552355
991
259552365
991
259552375
991
259552385
991
259552395
991
259552405
991
259552415
991
259552425
991
259552435
991
259552445
991
259552455
991
259552465
991
259552475
991
259552485
991
259552495
991
259552505
991
259552515
991
259552525
991
259552535
991
259552545
991
259552555
991
259552565
991
259552575
991
259552585
991
259552595
991
259552605
991
259552615
991
259552625
991
259552635
991
259552645
991
259552655
991
259552665
991
259552675
991
259552685
991
259552695
991
259552705
991
259552715
991
259552725
991
259552735
991
259552745
991
259552755
991
259552765
991
259552775
991
259552785
991
259552795
991
259552805
991
259552815
991
259552825
991
259552835
991
259552845
991
259552855
991
259552865
991
259552875
991
259552885
991
259552895
991
259552905
991
259552915
991
259552925
991
259552935
991
259552945
991
259552955
991
259552965
991
259552975
991
259552985
991
259552995
991
259553005
991
259553015
991
259553025
991
259553035
991
259553045
991
259553055
991
259553065
991
259553075
991
259553085
991
259553095
991
259553105
991
259553115
991
259553125
991
259553135
991
259553145
991
259553155
991
259553165
991
259553175
991
259553185
991
259553195
991
259553205
991
259553215
991
259553225
991
259553235
991
259553245
991
259553255
991
259553265
991
259553275
991
259553285
991
259553295
991
259553305
991
259553315
991
259553325
991
259553335
991
259553345
991
259553355
991
259553365
991
259553375
991
259553385
991
259553395
991
259553405
991
259553415
991
259553425
991
259553435
991
259553445
991
259553455
991
259553465
991
259553475
991
259553485
991
259553495
991
259553505
991
259553515
991
259553525
991
259553535
991
259553545
991
259553555
991
259553565
991
259553575
991
259553585
991
259553595
991
259553605
991
259553615
991
259553625
991
259553635
991
259553645
991
259553655
991
259553665
991
259553675
991
259553685
991
259553695
991
259553705
991
259553715
991
259553725
991
259553735
991
259553745
991
259553755
991
259553765
991
259553775
991
259553785
991
259553795
991
259553805
991
259553815
991
259553825
991
259553835
991
259553845
991
259553855
991
259553865
991
259553875
991
259553885
991
259553895
991
259553905
991
259553915
991
259553925
991
259553935
991
259553945
991
259553955
991
259553965
991
259553975
991
259553985
991
259553995
991
259554005
991
259554015
991
259554025
991
259554035
991
259554045
991
259554055
991
259554065
991
259554075
991
259554085
991
259554095
991
259554105
991
259554115
991
259554125
991
259554135
991
259554145
991
259554155
991
259554165
991
259554175
991
259554185
991
259554195
991
259554205
991
259554215
991
259554225
991
259554235
991
259554245
991
259554255
991
259554265
991
259554275
991
259554285
991
259554295
991
259554305
991
259554315
991
259554325
991
259554335
991
259554345
991
259554355
991
259554365
991
259554375
991
259554385
991
259554395
991
259554405
991
259554415
991
259554425
991
259554435
991
259554445
991
259554455
991
259554465
991
259554475
991
259554485
991
259554495
991
259554505
991
259554515
991
259554525
991
259554535
991
259554545
991
259554555
991
259554565
991
259554575
991
259554585
991
259554595
991
259554605
991
259554615
991
259554625
991
259554635
991
259554645
991
259554655
991
259554665
991
259554675
991
259554685
991
259554695
991
259554705
991
259554715
991
259554725
991
259554735
991
259554745
991
259554755
991
259554765
991
259554775
991
259554785
991
259554795
991
259554805
991
259554815
991
259554825
991
259554835
991
259554845
991
259554855
991
259554865
991
259554875
991
259554885
991
259554895
991
259554905
991
259554915
991
259554925
991
259554935
991
259554945
991
259554955
991
259554965
991
259554975
991
259554985
991
259554995
991
259555005
991
259555015
991
259555025
991
259555035
991
259555045
991
259555055
991
259555065
991
259555075
991
259555085
991
259555095
991
259555105
991
259555115
991
259555125
991
259555135
991
259555145
991
259555155
991
259555165
991
259555175
991
259555185
991
259555195
991
259555205
991
259555215
991
259555225
991
259555235
991
259555245
991
259555255
991
259555265
991
259555275
991
259555285
991
259555295
991
259555305
991
259555315
991
259555325
991
259547145
991
259547155
991
259547165
991
259547175
991
259547185
991
259547195
991
259547205
991
259547215
991
259547225
991
259547235
991
259547245
991
259547255
991
259547265
991
259547275
991
259547285
991
259547295
991
259547305
991
259547315
991
259547325
991
259547335
991
259547345
991
259547355
991
259547365
991
259547375
991
259547385
991
259547395
991
259547405
991
259547415
991
259547425
991
259547435
991
259547445
991
259547455
991
259547465
991
259547475
991
259547485
991
259547495
991
259547505
991
259547515
991
259547525
991
259547535
991
259547545
991
259547555
991
259547565
991
259547575
991
259547585
991
259547595
991
259547605
991
259547615
991
259547625
991
259547635
991
259547645
991
259547655
991
259547665
991
259547675
991
259547685
991
259547695
991
259547705
991
259547715
991
259547725
991
259547735
991
259547745
991
259547755
991
259547765
991
259547775
991
259547785
991
259547795
991
259547805
991
259547815
991
259547825
991
259547835
991
259547845
991
259547855
991
259547865
991
259547875
991
259547885
991
259547895
991
259547905
991
259547915
991
259547925
991
259547935
991
259547945
991
259547955
991
259547965
991
259547975
991
259547985
991
259547995
991
259548005
991
259548015
991
259548025
991
259548035
991
259548045
991
259548055
991
259548065
991
259548075
991
259548085
991
259548095
991
259548105
991
259548115
991
259548125
991
259548135
991
259548145
991
259548155
991
259548165
991
259548175
991
259548185
991
259548195
991
259548205
991
259548215
991
259548225
991
259548235
991
259548245
991
259548255
991
259548265
991
259548275
991
259548285
991
259548295
991
259548305
991
259548315
991
259548325
991
259548335
991
259548345
991
259548355
991
259548365
991
259548375
991
259548385
991
259548395
991
259548405
991
259548415
991
259548425
991
259548435
991
259548445
991
259548455
991
259548465
991
259548475
991
259548485
991
259548495
991
259548505
991
259548515
991
259548525
991
259548535
991
259548545
991
259548555
991
259548565
991
259548575
991
259548585
991
259548595
991
259548605
991
259548615
991
259548625
991
259548635
991
259548645
991
259548655
991
259548665
991
259548675
991
259548685
991
259548695
991
259548705
991
259548715
991
259548725
991
259548735
991
259548745
991
259548755
991
259548765
991
259548775
991
259548785
991
259548795
991
259548805
991
259548815
991
259548825
991
259548835
991
259548845
991
259548855
991
259548865
991
259548875
991
259548885
991
259548895
991
259548905
991
259548915
991
259548925
991
259548935
991
259548945
991
259548955
991
259548965
991
259548975
991
259548985
991
259548995
991
259549005
991
259549015
991
259549025
991
259549035
991
259549045
991
259549055
991
259549065
991
259549075
991
259549085
991
259549095
991
259549105
991
259549115
991
259549125
991
259549135
991
259549145
991
259549155
991
259549165
991
259549175
991
259549185
991
259549195
991
259549205
991
259549215
991
259549225
991
259549235
991
259549245
991
259549255
991
259549265
991
259549275
991
259549285
991
259549295
991
259549305
991
259549315
991
259549325
991
259549335
991
259549345
991
259549355
991
259549365
991
259549375
991
259549385
991
259549395
991
259549405
991
259549415
991
259549425
991
259549435
991
259549445
991
259549455
991
259549465
991
259549475
991
259549485
991
259549495
991
259549505
991
259549515
991
259549525
991
259549535
991
259549545
991
259549555
991
259549565
991
259549575
991
259549585
991
259549595
991
259549605
991
259549615
991
259549625
991
259549635
991
259549645
991
259549655
991
259549665
991
259549675
991
259549685
991
259549695
991
259549705
991
259549715
991
259549725
991
259549735
991
259549745
991
259549755
991
259549765
991
259549775
991
259549785
991
259549795
991
259549805
991
259549815
991
259549825
991
259549835
991
259549845
991
259549855
991
259549865
991
259549875
991
259549885
991
259549895
991
259549905
991
259549915
991
259549925
991
259549935
991
259549945
991
259549955
991
259549965
991
259549975
991
259549985
991
259549995
991
259550005
991
259550015
991
259550025
991
259550035
991
259550045
991
259550055
991
259550065
991
259550075
991
259550085
991
259550095
991
259550105
991
259550115
991
259550125
991
259550135
991
259550145
991
259550155
991
259550165
991
259550175
991
259550185
991
259550195
991
259550205
991
259550215
991
259550225
991
259550235
991
259550245
991
259550255
991
259550265
991
259550275
991
259550285
991
259550295
991
259550305
991
259550315
991
259550325
991
259550335
991
259550345
991
259550355
991
259550365
991
259550375
991
259550385
991
259550395
991
259550405
991
259550415
991
259550425
991
259550435
991
259550445
991
259550455
991
259550465
991
259550475
991
259550485
991
259550495
991
259550505
991
259550515
991
259550525
991
259550535
991
259550545
991
259550555
991
259550565
991
259550575
991
259550585
991
259550595
991
259550605
991
259550615
991
259550625
991
259550635
991
259550645
991
259550655
991
259550665
991
259550675
991
259550685
991
259550695
991
259550705
991
259550715
991
259550725
991
259550735
991
259550745
991
259550755
991
259550765
991
259550775
991
259550785
991
259550795
991
259550805
991
259550815
991
259550825
991
259550835
991
259550845
991
259550855
991
259550865
991
259550875
991
259550885
991
259550895
991
259550905
991
259550915
991
259550925
991
259550935
991
259550945
991
259550955
991
259550965
991
259550975
991
259550985
991
259550995
991
259551005
991
259551015
991
259551025
991
259551035
991
259551045
991
259551055
991
259551065
991
259551075
991
259551085
991
259551095
991
259551105
991
259551115
991
259551125
991
259551135
991
259551145
991
259551155
991
259551165
991
259551175
991
259551185
991
259551195
991
259551205
991
259551215
991
259551225
991
259608579
991
259608589
991
259608599
991
259608609
991
259608619
991
259608629
991
259608639
991
259608649
991
259608659
991
259608669
991
259608679
991
259608689
991
259608699
991
259608709
991
259608719
991
259608729
991
259608739
991
259608749
991
259608759
991
259608769
991
259608779
991
259608789
991
259608799
991
259608809
991
259608819
991
259608829
991
259608839
991
259608849
991
259608859
991
259608869
991
259608879
991
259608889
991
259608899
991
259608909
991
259608919
991
259608929
991
259608939
991
259608949
991
259608959
991
259608969
991
259608979
991
259608989
991
259608999
991
259609009
991
259609019
991
259609029
991
259609039
991
259609049
991
259609059
991
259609069
991
259609079
991
259609089
991
259609099
991
259609109
991
259609119
991
259609129
991
259609139
991
259609149
991
259609159
991
259609169
991
259609179
991
259609189
991
259609199
991
259609209
991
259609219
991
259609229
991
259609239
991
259609249
991
259609259
991
259609269
991
259609279
991
259609289
991
259609299
991
259609309
991
259609319
991
259609329
991
259609339
991
259609349
991
259609359
991
259609369
991
259609379
991
259609389
991
259609399
991
259609409
991
259609419
991
259609429
991
259609439
991
259609449
991
259609459
991
259609469
991
259609479
991
259609489
991
259609499
991
259609509
991
259609519
991
259609529
991
259609539
991
259609549
991
259609559
991
259609569
991
259609579
991
259609589
991
259609599
991
259609609
991
259609619
991
259609629
991
259609639
991
259609649
991
259609659
991
259609669
991
259609679
991
259609689
991
259609699
991
259609709
991
259609719
991
259609729
991
259609739
991
259609749
991
259609759
991
259609769
991
259609779
991
259609789
991
259609799
991
259609809
991
259609819
991
259609829
991
259609839
991
259609849
991
259609859
991
259609869
991
259609879
991
259609889
991
259609899
991
259609909
991
259609919
991
259609929
991
259609939
991
259609949
991
259609959
991
259609969
991
259609979
991
259609989
991
259609999
991
259610009
991
259610019
991
259610029
991
259610039
991
259610049
991
259610059
991
259610069
991
259610079
991
259610089
991
259610099
991
259610109
991
259610119
991
259610129
991
259610139
991
259610149
991
259610159
991
259610169
991
259610179
991
259610189
991
259610199
991
259610209
991
259610219
991
259610229
991
259610239
991
259610249
991
259610259
991
259610269
991
259610279
991
259610289
991
259610299
991
259610309
991
259610319
991
259610329
991
259610339
991
259610349
991
259610359
991
259610369
991
259610379
991
259610389
991
259610399
991
259610409
991
259610419
991
259610429
991
259610439
991
259610449
991
259610459
991
259610469
991
259610479
991
259610489
991
259610499
991
259610509
991
259610519
991
259610529
991
259610539
991
259610549
991
259610559
991
259610569
991
259610579
991
259610589
991
259610599
991
259610609
991
259610619
991
259610629
991
259610639
991
259610649
991
259610659
991
259610669
991
259610679
991
259610689
991
259610699
991
259610709
991
259610719
991
259610729
991
259610739
991
259610749
991
259610759
991
259610769
991
259610779
991
259610789
991
259610799
991
259610809
991
259610819
991
259610829
991
259610839
991
259610849
991
259610859
991
259610869
991
259610879
991
259610889
991
259610899
991
259610909
991
259610919
991
259610929
991
259610939
991
259610949
991
259610959
991
259610969
991
259610979
991
259610989
991
259610999
991
259611009
991
259611019
991
259611029
991
259611039
991
259611049
991
259611059
991
259611069
991
259611079
991
259611089
991
259611099
991
259611109
991
259611119
991
259611129
991
259611139
991
259611149
991
259611159
991
259611169
991
259611179
991
259611189
991
259611199
991
259611209
991
259611219
991
259611229
991
259611239
991
259611249
991
259611259
991
259611269
991
259611279
991
259611289
991
259611299
991
259611309
991
259611319
991
259611329
991
259611339
991
259611349
991
259611359
991
259611369
991
259611379
991
259611389
991
259611399
991
259611409
991
259611419
991
259611429
991
259611439
991
259611449
991
259611459
991
259611469
991
259611479
991
259611489
991
259611499
991
259611509
991
259611519
991
259611529
991
259611539
991
259611549
991
259611559
991
259611569
991
259611579
991
259611589
991
259611599
991
259611609
991
259611619
991
259611629
991
259611639
991
259611649
991
259611659
991
259611669
991
259611679
991
259611689
991
259611699
991
259611709
991
259611719
991
259611729
991
259611739
991
259611749
991
259611759
991
259611769
991
259611779
991
259611789
991
259611799
991
259611809
991
259611819
991
259611829
991
259611839
991
259611849
991
259611859
991
259611869
991
259611879
991
259611889
991
259611899
991
259611909
991
259611919
991
259611929
991
259611939
991
259611949
991
259611959
991
259611969
991
259611979
991
259611989
991
259611999
991
259612009
991
259612019
991
259612029
991
259612039
991
259612049
991
259612059
991
259612069
991
259612079
991
259612089
991
259612099
991
259612109
991
259612119
991
259612129
991
259612139
991
259612149
991
259612159
991
259612169
991
259612179
991
259612189
991
259612199
991
259612209
991
259612219
991
259612229
991
259612239
991
259612249
991
259612259
991
259612269
991
259612279
991
259612289
991
259612299
991
259612309
991
259612319
991
259612329
991
259612339
991
259612349
991
259612359
991
259612369
991
259612379
991
259612389
991
259612399
991
259612409
991
259612419
991
259612429
991
259612439
991
259612449
991
259612459
991
259612469
991
259612479
991
259612489
991
259612499
991
259612509
991
259612519
991
259612529
991
259612539
991
259612549
991
259612559
991
259612569
991
259612579
991
259612589
991
259612599
991
259612609
991
259612619
991
259612629
991
259612639
991
259612649
991
259612659
991
259612669
991
259575809
991
259575819
991
259575829
991
259575839
991
259575849
991
259575859
991
259575869
991
259575879
991
259575889
991
259575899
991
259575909
991
259575919
991
259575929
991
259575939
991
259575949
991
259575959
991
259575969
991
259575979
991
259575989
991
259575999
991
259576009
991
259576019
991
259576029
991
259576039
991
259576049
991
259576059
991
259576069
991
259576079
991
259576089
991
259576099
991
259576109
991
259576119
991
259576129
991
259576139
991
259576149
991
259576159
991
259576169
991
259576179
991
259576189
991
259576199
991
259576209
991
259576219
991
259576229
991
259576239
991
259576249
991
259576259
991
259576269
991
259576279
991
259576289
991
259576299
991
259576309
991
259576319
991
259576329
991
259576339
991
259576349
991
259576359
991
259576369
991
259576379
991
259576389
991
259576399
991
259576409
991
259576419
991
259576429
991
259576439
991
259576449
991
259576459
991
259576469
991
259576479
991
259576489
991
259576499
991
259576509
991
259576519
991
259576529
991
259576539
991
259576549
991
259576559
991
259576569
991
259576579
991
259576589
991
259576599
991
259576609
991
259576619
991
259576629
991
259576639
991
259576649
991
259576659
991
259576669
991
259576679
991
259576689
991
259576699
991
259576709
991
259576719
991
259576729
991
259576739
991
259576749
991
259576759
991
259576769
991
259576779
991
259576789
991
259576799
991
259576809
991
259576819
991
259576829
991
259576839
991
259576849
991
259576859
991
259576869
991
259576879
991
259576889
991
259576899
991
259576909
991
259576919
991
259576929
991
259576939
991
259576949
991
259576959
991
259576969
991
259576979
991
259576989
991
259576999
991
259577009
991
259577019
991
259577029
991
259577039
991
259577049
991
259577059
991
259577069
991
259577079
991
259577089
991
259577099
991
259577109
991
259577119
991
259577129
991
259577139
991
259577149
991
259577159
991
259577169
991
259577179
991
259577189
991
259577199
991
259577209
991
259577219
991
259577229
991
259577239
991
259577249
991
259577259
991
259577269
991
259577279
991
259577289
991
259577299
991
259577309
991
259577319
991
259577329
991
259577339
991
259577349
991
259577359
991
259577369
991
259577379
991
259577389
991
259577399
991
259577409
991
259577419
991
259577429
991
259577439
991
259577449
991
259577459
991
259577469
991
259577479
991
259577489
991
259577499
991
259577509
991
259577519
991
259577529
991
259577539
991
259577549
991
259577559
991
259577569
991
259577579
991
259577589
991
259577599
991
259577609
991
259577619
991
259577629
991
259577639
991
259577649
991
259577659
991
259577669
991
259577679
991
259577689
991
259577699
991
259577709
991
259577719
991
259577729
991
259577739
991
259577749
991
259577759
991
259577769
991
259577779
991
259577789
991
259577799
991
259577809
991
259577819
991
259577829
991
259577839
991
259577849
991
259577859
991
259577869
991
259577879
991
259577889
991
259577899
991
259577909
991
259577919
991
259577929
991
259577939
991
259577949
991
259577959
991
259577969
991
259577979
991
259577989
991
259577999
991
259578009
991
259578019
991
259578029
991
259578039
991
259578049
991
259578059
991
259578069
991
259578079
991
259578089
991
259578099
991
259578109
991
259578119
991
259578129
991
259578139
991
259578149
991
259578159
991
259578169
991
259578179
991
259578189
991
259578199
991
259578209
991
259578219
991
259578229
991
259578239
991
259578249
991
259578259
991
259578269
991
259578279
991
259578289
991
259578299
991
259578309
991
259578319
991
259578329
991
259578339
991
259578349
991
259578359
991
259578369
991
259578379
991
259578389
991
259578399
991
259578409
991
259578419
991
259578429
991
259578439
991
259578449
991
259578459
991
259578469
991
259578479
991
259578489
991
259578499
991
259578509
991
259578519
991
259578529
991
259578539
991
259578549
991
259578559
991
259578569
991
259578579
991
259578589
991
259578599
991
259578609
991
259578619
991
259578629
991
259578639
991
259578649
991
259578659
991
259578669
991
259578679
991
259578689
991
259578699
991
259578709
991
259578719
991
259578729
991
259578739
991
259578749
991
259578759
991
259578769
991
259578779
991
259578789
991
259578799
991
259578809
991
259578819
991
259578829
991
259578839
991
259578849
991
259578859
991
259578869
991
259578879
991
259578889
991
259578899
991
259578909
991
259578919
991
259578929
991
259578939
991
259578949
991
259578959
991
259578969
991
259578979
991
259578989
991
259578999
991
259579009
991
259579019
991
259579029
991
259579039
991
259579049
991
259579059
991
259579069
991
259579079
991
259579089
991
259579099
991
259579109
991
259579119
991
259579129
991
259579139
991
259579149
991
259579159
991
259579169
991
259579179
991
259579189
991
259579199
991
259579209
991
259579219
991
259579229
991
259579239
991
259579249
991
259579259
991
259579269
991
259579279
991
259579289
991
259579299
991
259579309
991
259579319
991
259579329
991
259579339
991
259579349
991
259579359
991
259579369
991
259579379
991
259579389
991
259579399
991
259579409
991
259579419
991
259579429
991
259579439
991
259579449
991
259579459
991
259579469
991
259579479
991
259579489
991
259579499
991
259579509
991
259579519
991
259579529
991
259579539
991
259579549
991
259579559
991
259579569
991
259579579
991
259579589
991
259579599
991
259579609
991
259579619
991
259579629
991
259579639
991
259579649
991
259579659
991
259579669
991
259579679
991
259579689
991
259579699
991
259579709
991
259579719
991
259579729
991
259579739
991
259579749
991
259579759
991
259579769
991
259579779
991
259579789
991
259579799
991
259579809
991
259579819
991
259579829
991
259579839
991
259579849
991
259579859
991
259579869
991
259579879
991
259579889
991
259579899
991
259538947
991
259538957
991
259538967
991
259538977
991
259538987
991
259538997
991
259539007
991
259539017
991
259539027
991
259539037
991
259539047
991
259539057
991
259539067
991
259539077
991
259539087
991
259539097
991
259539107
991
259539117
991
259539127
991
259539137
991
259539147
991
259539157
991
259539167
991
259539177
991
259539187
991
259539197
991
259539207
991
259539217
991
259539227
991
259539237
991
259539247
991
259539257
991
259539267
991
259539277
991
259539287
991
259539297
991
259539307
991
259539317
991
259539327
991
259539337
991
259539347
991
259539357
991
259539367
991
259539377
991
259539387
991
259539397
991
259539407
991
259539417
991
259539427
991
259539437
991
259539447
991
259539457
991
259539467
991
259539477
991
259539487
991
259539497
991
259539507
991
259539517
991
259539527
991
259539537
991
259539547
991
259539557
991
259539567
991
259539577
991
259539587
991
259539597
991
259539607
991
259539617
991
259539627
991
259539637
991
259539647
991
259539657
991
259539667
991
259539677
991
259539687
991
259539697
991
259539707
991
259539717
991
259539727
991
259539737
991
259539747
991
259539757
991
259539767
991
259539777
991
259539787
991
259539797
991
259539807
991
259539817
991
259539827
991
259539837
991
259539847
991
259539857
991
259539867
991
259539877
991
259539887
991
259539897
991
259539907
991
259539917
991
259539927
991
259539937
991
259539947
991
259539957
991
259539967
991
259539977
991
259539987
991
259539997
991
259540007
991
259540017
991
259540027
991
259540037
991
259540047
991
259540057
991
259540067
991
259540077
991
259540087
991
259540097
991
259540107
991
259540117
991
259540127
991
259540137
991
259540147
991
259540157
991
259540167
991
259540177
991
259540187
991
259540197
991
259540207
991
259540217
991
259540227
991
259540237
991
259540247
991
259540257
991
259540277
991
259540267
991
259540287
991
259540297
991
259540307
991
259540317
991
259540327
991
259540337
991
259540347
991
259540357
991
259540367
991
259540377
991
259540387
991
259540397
991
259540407
991
259540417
991
259540427
991
259540437
991
259540447
991
259540457
991
259540467
991
259540477
991
259540487
991
259540497
991
259540507
991
259540517
991
259540527
991
259540537
991
259540547
991
259540557
991
259540567
991
259540577
991
259540587
991
259540597
991
259540607
991
259540617
991
259540627
991
259540637
991
259540647
991
259540657
991
259540667
991
259540677
991
259540687
991
259540697
991
259540707
991
259540717
991
259540727
991
259540737
991
259540747
991
259540757
991
259540767
991
259540777
991
259540787
991
259540797
991
259540807
991
259540817
991
259540827
991
259540837
991
259540847
991
259540857
991
259540867
991
259540877
991
259540887
991
259540897
991
259540907
991
259540917
991
259540927
991
259540937
991
259540947
991
259540957
991
259540967
991
259540977
991
259540987
991
259540997
991
259541007
991
259541017
991
259541027
991
259541037
991
259541047
991
259541057
991
259541067
991
259541077
991
259541087
991
259541097
991
259541107
991
259541117
991
259541127
991
259541137
991
259541147
991
259541157
991
259541167
991
259541177
991
259541187
991
259541197
991
259541207
991
259541217
991
259541227
991
259541237
991
259541247
991
259541257
991
259541267
991
259541277
991
259541287
991
259541297
991
259541307
991
259541317
991
259541327
991
259541337
991
259541347
991
259541357
991
259541367
991
259541377
991
259541387
991
259541397
991
259541407
991
259541417
991
259541427
991
259541437
991
259541447
991
259541457
991
259541467
991
259541477
991
259541487
991
259541497
991
259541507
991
259541517
991
259541527
991
259541537
991
259541547
991
259541557
991
259541567
991
259541577
991
259541587
991
259541597
991
259541607
991
259541617
991
259541627
991
259541637
991
259541647
991
259541657
991
259541667
991
259541677
991
259541687
991
259541697
991
259541707
991
259541717
991
259541727
991
259541737
991
259541747
991
259541757
991
259541767
991
259541777
991
259541787
991
259541797
991
259541807
991
259541817
991
259541827
991
259541837
991
259541847
991
259541857
991
259541867
991
259541877
991
259541887
991
259541897
991
259541907
991
259541917
991
259541927
991
259541937
991
259541947
991
259541957
991
259541967
991
259541977
991
259541987
991
259541997
991
259542007
991
259542017
991
259542027
991
259542037
991
259542047
991
259542057
991
259542067
991
259542077
991
259542087
991
259542097
991
259542107
991
259542117
991
259542127
991
259542137
991
259542147
991
259542157
991
259542167
991
259542177
991
259542187
991
259542197
991
259542207
991
259542217
991
259542227
991
259542237
991
259542247
991
259542257
991
259542267
991
259542277
991
259542287
991
259542297
991
259542307
991
259542317
991
259542327
991
259542337
991
259542347
991
259542357
991
259542367
991
259542377
991
259542387
991
259542397
991
259542407
991
259542417
991
259542427
991
259542437
991
259542447
991
259542457
991
259542467
991
259542477
991
259542487
991
259542497
991
259542507
991
259542517
991
259542527
991
259542537
991
259542547
991
259542557
991
259542567
991
259542577
991
259542587
991
259542597
991
259542607
991
259542617
991
259542627
991
259542637
991
259542647
991
259542657
991
259542667
991
259542677
991
259542687
991
259542697
991
259542707
991
259542717
991
259542727
991
259542737
991
259542747
991
259542757
991
259542767
991
259542777
991
259542787
991
259542797
991
259542807
991
259542817
991
259542827
991
259542837
991
259542847
991
259542857
991
259542867
991
259542877
991
259542887
991
259542897
991
259542907
991
259542917
991
259542927
991
259542937
991
259542947
991
259542957
991
259542967
991
259542977
991
259542987
991
259542997
991
259543007
991
259543017
991
259543027
991
259543037
991
259616775
991
259616785
991
259616795
991
259616805
991
259616815
991
259616825
991
259616835
991
259616845
991
259616855
991
259616865
991
259616875
991
259616885
991
259616895
991
259616905
991
259616915
991
259616925
991
259616935
991
259616945
991
259616955
991
259616965
991
259616975
991
259616985
991
259616995
991
259617005
991
259617015
991
259617025
991
259617035
991
259617045
991
259617055
991
259617065
991
259617075
991
259617085
991
259617095
991
259617105
991
259617115
991
259617125
991
259617135
991
259617145
991
259617155
991
259617165
991
259617175
991
259617185
991
259617195
991
259617205
991
259617215
991
259617225
991
259617235
991
259617245
991
259617255
991
259617265
991
259617275
991
259617285
991
259617295
991
259617305
991
259617315
991
259617325
991
259617335
991
259617345
991
259617355
991
259617365
991
259617375
991
259617385
991
259617395
991
259617405
991
259617415
991
259617425
991
259617435
991
259617445
991
259617455
991
259617465
991
259617475
991
259617485
991
259617495
991
259617505
991
259617515
991
259617525
991
259617535
991
259617545
991
259617555
991
259617565
991
259617575
991
259617585
991
259617595
991
259617605
991
259617615
991
259617625
991
259617635
991
259617645
991
259617655
991
259617665
991
259617675
991
259617685
991
259617695
991
259617705
991
259617715
991
259617725
991
259617735
991
259617745
991
259617755
991
259617765
991
259617775
991
259617785
991
259617795
991
259617805
991
259617815
991
259617825
991
259617835
991
259617845
991
259617855
991
259617865
991
259617875
991
259617885
991
259617895
991
259617905
991
259617915
991
259617925
991
259617935
991
259617945
991
259617955
991
259617965
991
259617975
991
259617985
991
259617995
991
259618005
991
259618015
991
259618025
991
259618035
991
259618045
991
259618055
991
259618065
991
259618075
991
259618085
991
259618095
991
259618105
991
259618115
991
259618125
991
259618135
991
259618145
991
259618155
991
259618165
991
259618175
991
259618185
991
259618195
991
259618205
991
259618215
991
259618225
991
259618235
991
259618245
991
259618255
991
259618265
991
259618275
991
259618285
991
259618295
991
259618305
991
259618315
991
259618325
991
259618335
991
259618345
991
259618355
991
259618365
991
259618375
991
259618385
991
259618395
991
259618405
991
259618415
991
259618425
991
259618435
991
259618445
991
259618455
991
259618465
991
259618475
991
259618485
991
259618495
991
259618505
991
259618515
991
259618525
991
259618535
991
259618545
991
259618555
991
259618565
991
259618575
991
259618585
991
259618595
991
259618605
991
259618615
991
259618625
991
259618635
991
259618645
991
259618655
991
259618665
991
259618675
991
259618685
991
259618695
991
259618705
991
259618715
991
259618725
991
259618735
991
259618745
991
259618755
991
259618765
991
259618775
991
259618785
991
259618795
991
259618805
991
259618815
991
259618825
991
259618835
991
259618845
991
259618855
991
259618865
991
259618875
991
259618885
991
259618895
991
259618905
991
259618915
991
259618925
991
259618935
991
259618945
991
259618955
991
259618965
991
259618975
991
259618985
991
259618995
991
259619005
991
259619015
991
259619025
991
259619035
991
259619045
991
259619055
991
259619065
991
259619075
991
259619085
991
259619095
991
259619105
991
259619115
991
259619125
991
259619135
991
259619145
991
259619155
991
259619165
991
259619175
991
259619185
991
259619195
991
259619205
991
259619215
991
259619225
991
259619235
991
259619245
991
259619255
991
259619265
991
259619275
991
259619285
991
259619295
991
259619305
991
259619315
991
259619325
991
259619335
991
259619345
991
259619355
991
259619365
991
259619375
991
259619385
991
259619395
991
259619405
991
259619415
991
259619425
991
259619435
991
259619445
991
259619455
991
259619465
991
259619475
991
259619485
991
259619495
991
259619505
991
259619515
991
259619525
991
259619535
991
259619545
991
259619555
991
259619565
991
259619575
991
259619585
991
259619595
991
259619605
991
259619615
991
259619625
991
259619635
991
259619645
991
259619655
991
259619665
991
259619675
991
259619685
991
259619695
991
259619705
991
259619715
991
259619725
991
259619735
991
259619745
991
259619755
991
259619765
991
259619775
991
259619785
991
259619795
991
259619805
991
259619815
991
259619825
991
259619835
991
259619845
991
259619855
991
259619865
991
259619875
991
259619885
991
259619895
991
259619905
991
259619915
991
259619925
991
259619935
991
259619945
991
259619955
991
259619965
991
259619975
991
259619985
991
259619995
991
259620005
991
259620015
991
259620025
991
259620035
991
259620045
991
259620055
991
259620065
991
259620075
991
259620085
991
259620095
991
259620105
991
259620115
991
259620125
991
259620135
991
259620145
991
259620155
991
259620165
991
259620175
991
259620185
991
259620195
991
259620205
991
259620215
991
259620225
991
259620235
991
259620245
991
259620255
991
259620265
991
259620275
991
259620285
991
259620295
991
259620305
991
259620315
991
259620325
991
259620335
991
259620345
991
259620355
991
259620365
991
259620375
991
259620385
991
259620395
991
259620405
991
259620415
991
259620425
991
259620435
991
259620445
991
259620455
991
259620465
991
259620475
991
259620485
991
259620495
991
259620505
991
259620515
991
259620525
991
259620535
991
259620545
991
259620555
991
259620565
991
259620575
991
259620585
991
259620595
991
259620605
991
259620615
991
259620625
991
259620635
991
259620645
991
259620655
991
259620665
991
259620675
991
259620685
991
259620695
991
259620705
991
259620715
991
259620725
991
259620735
991
259620745
991
259620755
991
259620765
991
259620775
991
259620785
991
259620795
991
259620805
991
259620815
991
259620825
991
259620835
991
259620845
991
259620855
991
259567625
991
259567635
991
259567645
991
259567655
991
259567665
991
259567675
991
259567685
991
259567695
991
259567705
991
259567715
991
259567725
991
259567735
991
259567745
991
259567755
991
259567765
991
259567775
991
259567785
991
259567795
991
259567805
991
259567815
991
259567825
991
259567835
991
259567845
991
259567855
991
259567865
991
259567875
991
259567885
991
259567895
991
259567905
991
259567915
991
259567925
991
259567935
991
259567945
991
259567955
991
259567965
991
259567975
991
259567985
991
259567995
991
259568005
991
259568015
991
259568025
991
259568035
991
259568045
991
259568055
991
259568065
991
259568075
991
259568085
991
259568095
991
259568105
991
259568115
991
259568125
991
259568135
991
259568145
991
259568155
991
259568165
991
259568175
991
259568185
991
259568195
991
259568205
991
259568215
991
259568225
991
259568235
991
259568245
991
259568255
991
259568265
991
259568275
991
259568285
991
259568295
991
259568305
991
259568315
991
259568325
991
259568335
991
259568345
991
259568355
991
259568365
991
259568375
991
259568385
991
259568395
991
259568405
991
259568415
991
259568425
991
259568435
991
259568445
991
259568455
991
259568465
991
259568475
991
259568485
991
259568495
991
259568505
991
259568515
991
259568525
991
259568535
991
259568545
991
259568555
991
259568565
991
259568575
991
259568585
991
259568595
991
259568605
991
259568615
991
259568625
991
259568635
991
259568645
991
259568655
991
259568665
991
259568675
991
259568685
991
259568695
991
259568705
991
259568715
991
259568725
991
259568735
991
259568745
991
259568755
991
259568765
991
259568775
991
259568785
991
259568795
991
259568805
991
259568815
991
259568825
991
259568835
991
259568845
991
259568855
991
259568865
991
259568875
991
259568885
991
259568895
991
259568905
991
259568915
991
259568925
991
259568935
991
259568945
991
259568955
991
259568965
991
259568975
991
259568985
991
259568995
991
259569005
991
259569015
991
259569025
991
259569035
991
259569045
991
259569055
991
259569065
991
259569075
991
259569085
991
259569095
991
259569105
991
259569115
991
259569125
991
259569135
991
259569145
991
259569155
991
259569165
991
259569175
991
259569185
991
259569195
991
259569205
991
259569215
991
259569225
991
259569235
991
259569245
991
259569255
991
259569265
991
259569275
991
259569285
991
259569295
991
259569305
991
259569315
991
259569325
991
259569335
991
259569345
991
259569355
991
259569365
991
259569375
991
259569385
991
259569395
991
259569405
991
259569415
991
259569425
991
259569435
991
259569445
991
259569455
991
259569465
991
259569475
991
259569485
991
259569495
991
259569505
991
259569515
991
259569525
991
259569535
991
259569545
991
259569555
991
259569565
991
259569575
991
259569585
991
259569595
991
259569605
991
259569615
991
259569625
991
259569635
991
259569645
991
259569655
991
259569665
991
259569675
991
259569685
991
259569695
991
259569705
991
259569715
991
259569725
991
259569735
991
259569745
991
259569755
991
259569765
991
259569775
991
259569785
991
259569795
991
259569805
991
259569815
991
259569825
991
259569835
991
259569845
991
259569855
991
259569865
991
259569875
991
259569885
991
259569895
991
259569905
991
259569915
991
259569925
991
259569935
991
259569945
991
259569955
991
259569965
991
259569975
991
259569985
991
259569995
991
259570005
991
259570015
991
259570025
991
259570035
991
259570045
991
259570055
991
259570065
991
259570075
991
259570085
991
259570095
991
259570105
991
259570115
991
259570125
991
259570135
991
259570145
991
259570155
991
259570165
991
259570175
991
259570185
991
259570195
991
259570205
991
259570215
991
259570225
991
259570235
991
259570245
991
259570255
991
259570265
991
259570275
991
259570285
991
259570295
991
259570305
991
259570315
991
259570325
991
259570335
991
259570345
991
259570355
991
259570365
991
259570375
991
259570385
991
259570395
991
259570405
991
259570415
991
259570425
991
259570435
991
259570445
991
259570455
991
259570465
991
259570475
991
259570485
991
259570495
991
259570505
991
259570515
991
259570525
991
259570535
991
259570545
991
259570555
991
259570565
991
259570575
991
259570585
991
259570595
991
259570605
991
259570615
991
259570625
991
259570635
991
259570645
991
259570655
991
259570665
991
259570675
991
259570685
991
259570695
991
259570705
991
259570715
991
259570725
991
259570735
991
259570745
991
259570755
991
259570765
991
259570775
991
259570785
991
259570795
991
259570805
991
259570815
991
259570825
991
259570835
991
259570845
991
259570855
991
259570865
991
259570875
991
259570885
991
259570895
991
259570905
991
259570915
991
259570925
991
259570935
991
259570945
991
259570955
991
259570965
991
259570975
991
259570985
991
259570995
991
259571005
991
259571015
991
259571025
991
259571035
991
259571045
991
259571055
991
259571065
991
259571075
991
259571085
991
259571095
991
259571105
991
259571115
991
259571125
991
259571135
991
259571145
991
259571155
991
259571165
991
259571175
991
259571185
991
259571195
991
259571205
991
259571215
991
259571225
991
259571235
991
259571245
991
259571255
991
259571265
991
259571275
991
259571285
991
259571295
991
259571305
991
259571315
991
259571325
991
259571335
991
259571345
991
259571355
991
259571365
991
259571375
991
259571385
991
259571395
991
259571405
991
259571415
991
259571425
991
259571435
991
259571445
991
259571455
991
259571465
991
259571475
991
259571485
991
259571495
991
259571505
991
259571515
991
259571525
991
259571535
991
259571545
991
259571555
991
259571565
991
259571575
991
259571585
991
259571595
991
259571605
991
259571615
991
259571625
991
259571635
991
259571645
991
259571655
991
259571665
991
259571675
991
259571685
991
259571695
991
259571705
991
259731457
991
259731467
991
259731477
991
259731487
991
259731497
991
259731507
991
259731517
991
259731527
991
259731537
991
259731547
991
259731557
991
259731567
991
259731577
991
259731587
991
259731597
991
259731607
991
259731617
991
259731627
991
259731637
991
259731647
991
259731657
991
259731667
991
259731677
991
259731687
991
259731697
991
259731707
991
259731717
991
259731727
991
259731737
991
259731747
991
259731757
991
259731767
991
259731777
991
259731787
991
259731797
991
259731807
991
259731817
991
259731827
991
259731837
991
259731847
991
259731857
991
259731867
991
259731877
991
259731887
991
259731897
991
259731907
991
259731917
991
259731927
991
259731937
991
259731947
991
259731957
991
259731967
991
259731977
991
259731987
991
259731997
991
259732007
991
259732017
991
259732027
991
259732037
991
259732047
991
259732057
991
259732067
991
259732077
991
259732087
991
259732097
991
259732107
991
259732117
991
259732127
991
259732137
991
259732147
991
259732157
991
259732167
991
259732177
991
259732187
991
259732197
991
259732207
991
259732217
991
259732227
991
259732237
991
259732247
991
259732257
991
259732267
991
259732277
991
259732287
991
259732297
991
259732307
991
259732317
991
259732327
991
259732337
991
259732347
991
259732357
991
259732367
991
259732377
991
259732387
991
259732397
991
259732407
991
259732417
991
259732427
991
259732437
991
259732447
991
259732457
991
259732467
991
259732477
991
259732487
991
259732497
991
259732507
991
259732517
991
259732527
991
259732537
991
259732547
991
259732557
991
259732567
991
259732577
991
259732587
991
259732597
991
259732607
991
259732617
991
259732627
991
259732637
991
259732647
991
259732657
991
259732667
991
259732677
991
259732687
991
259732697
991
259732707
991
259732717
991
259732727
991
259732737
991
259732747
991
259732757
991
259732767
991
259732777
991
259732787
991
259732797
991
259732807
991
259732817
991
259732827
991
259732837
991
259732847
991
259732857
991
259732867
991
259732877
991
259732887
991
259732897
991
259732907
991
259732917
991
259732927
991
259732937
991
259732947
991
259732957
991
259732967
991
259732977
991
259732987
991
259732997
991
259733007
991
259733017
991
259733027
991
259733037
991
259733047
991
259733057
991
259733067
991
259733077
991
259733087
991
259733097
991
259733107
991
259733117
991
259733127
991
259733137
991
259733147
991
259733157
991
259733167
991
259733177
991
259733187
991
259733197
991
259733207
991
259733217
991
259733227
991
259733237
991
259733247
991
259733257
991
259733267
991
259733277
991
259733287
991
259733297
991
259733307
991
259733317
991
259733327
991
259733337
991
259733347
991
259733357
991
259733367
991
259733377
991
259733387
991
259733397
991
259733407
991
259733417
991
259733427
991
259733437
991
259733447
991
259733457
991
259733467
991
259733477
991
259733487
991
259733497
991
259733507
991
259733517
991
259733527
991
259733537
991
259733547
991
259733557
991
259733567
991
259733577
991
259733587
991
259733597
991
259733607
991
259733617
991
259733627
991
259733637
991
259733647
991
259733657
991
259733667
991
259733677
991
259733687
991
259733697
991
259733707
991
259733717
991
259733727
991
259733737
991
259733747
991
259733757
991
259733767
991
259733777
991
259733787
991
259733797
991
259733807
991
259733817
991
259733827
991
259733837
991
259733847
991
259733857
991
259733867
991
259733877
991
259733887
991
259733897
991
259733907
991
259733917
991
259733927
991
259733937
991
259733947
991
259733957
991
259733967
991
259733977
991
259733987
991
259733997
991
259734007
991
259734017
991
259734027
991
259734037
991
259734047
991
259734057
991
259734067
991
259734077
991
259734087
991
259734097
991
259734107
991
259734117
991
259734127
991
259734137
991
259734147
991
259734157
991
259734167
991
259734177
991
259734187
991
259734197
991
259734207
991
259734217
991
259734227
991
259734237
991
259734247
991
259734257
991
259734267
991
259734277
991
259734287
991
259734297
991
259734307
991
259734317
991
259734327
991
259734337
991
259734347
991
259734357
991
259734367
991
259734377
991
259734387
991
259734397
991
259734407
991
259734417
991
259734427
991
259734437
991
259734447
991
259734457
991
259734467
991
259734477
991
259734487
991
259734497
991
259734507
991
259734517
991
259734527
991
259734537
991
259734547
991
259734557
991
259734567
991
259734577
991
259734587
991
259734597
991
259734607
991
259734617
991
259734627
991
259734637
991
259734647
991
259734657
991
259734667
991
259734677
991
259734687
991
259734697
991
259734707
991
259734717
991
259734727
991
259734737
991
259734747
991
259734757
991
259734767
991
259734777
991
259734787
991
259734797
991
259734807
991
259734817
991
259734827
991
259734837
991
259734847
991
259734857
991
259734867
991
259734877
991
259734887
991
259734897
991
259734907
991
259734917
991
259734927
991
259734937
991
259734947
991
259734957
991
259734967
991
259734977
991
259734987
991
259734997
991
259735007
991
259735017
991
259735027
991
259735037
991
259735047
991
259735057
991
259735067
991
259735077
991
259735087
991
259735097
991
259735107
991
259735117
991
259735127
991
259735137
991
259735147
991
259735157
991
259735167
991
259735177
991
259735187
991
259735197
991
259735207
991
259735217
991
259735227
991
259735237
991
259735247
991
259735257
991
259735267
991
259735277
991
259735287
991
259735297
991
259735307
991
259735317
991
259735327
991
259735337
991
259735347
991
259735357
991
259735367
991
259735377
991
259735387
991
259735397
991
259735407
991
259735417
991
259735427
991
259735437
991
259735447
991
259735457
991
259735467
991
259735477
991
259735487
991
259735497
991
259735507
991
259735517
991
259735527
991
259735537
991
259735547
991
259641353
991
259641363
991
259641373
991
259641383
991
259641393
991
259641403
991
259641413
991
259641423
991
259641433
991
259641443
991
259641453
991
259641463
991
259641473
991
259641483
991
259641493
991
259641503
991
259641513
991
259641523
991
259641533
991
259641543
991
259641553
991
259641563
991
259641573
991
259641583
991
259641593
991
259641603
991
259641613
991
259641623
991
259641633
991
259641643
991
259641653
991
259641663
991
259641673
991
259641683
991
259641693
991
259641703
991
259641713
991
259641723
991
259641733
991
259641743
991
259641753
991
259641763
991
259641773
991
259641783
991
259641793
991
259641803
991
259641813
991
259641823
991
259641833
991
259641843
991
259641853
991
259641863
991
259641873
991
259641883
991
259641893
991
259641903
991
259641913
991
259641923
991
259641933
991
259641943
991
259641953
991
259641963
991
259641973
991
259641983
991
259641993
991
259642003
991
259642013
991
259642023
991
259642033
991
259642043
991
259642053
991
259642063
991
259642073
991
259642083
991
259642093
991
259642103
991
259642113
991
259642123
991
259642133
991
259642144
991
259642153
991
259642163
991
259642173
991
259642183
991
259642193
991
259642203
991
259642213
991
259642223
991
259642233
991
259642243
991
259642253
991
259642263
991
259642273
991
259642283
991
259642293
991
259642303
991
259642313
991
259642323
991
259642333
991
259642343
991
259642353
991
259642363
991
259642373
991
259642383
991
259642393
991
259642403
991
259642413
991
259642423
991
259642433
991
259642443
991
259642453
991
259642463
991
259642473
991
259642483
991
259642493
991
259642503
991
259642513
991
259642523
991
259642533
991
259642543
991
259642553
991
259642563
991
259642573
991
259642583
991
259642593
991
259642603
991
259642613
991
259642623
991
259642633
991
259642643
991
259642653
991
259642663
991
259642673
991
259642683
991
259642693
991
259642703
991
259642713
991
259642723
991
259642733
991
259642743
991
259642753
991
259642763
991
259642773
991
259642783
991
259642793
991
259642803
991
259642813
991
259642823
991
259642833
991
259642843
991
259642853
991
259642863
991
259642873
991
259642883
991
259642893
991
259642903
991
259642913
991
259642923
991
259642933
991
259642943
991
259642953
991
259642963
991
259642973
991
259642983
991
259642993
991
259643003
991
259643013
991
259643023
991
259643033
991
259643043
991
259643053
991
259643063
991
259643073
991
259643083
991
259643093
991
259643103
991
259643113
991
259643123
991
259643133
991
259643143
991
259643153
991
259643163
991
259643173
991
259643183
991
259643193
991
259643203
991
259643213
991
259643223
991
259643233
991
259643243
991
259643253
991
259643263
991
259643273
991
259643283
991
259643293
991
259643303
991
259643313
991
259643323
991
259643333
991
259643343
991
259643353
991
259643363
991
259643373
991
259643383
991
259643393
991
259643403
991
259643413
991
259643423
991
259643433
991
259643443
991
259643453
991
259643463
991
259643473
991
259643483
991
259643493
991
259643503
991
259643513
991
259643523
991
259643533
991
259643543
991
259643553
991
259643563
991
259643573
991
259643583
991
259643593
991
259643603
991
259643613
991
259643623
991
259643633
991
259643643
991
259643653
991
259643663
991
259643673
991
259643683
991
259643693
991
259643703
991
259643713
991
259643723
991
259643733
991
259643743
991
259643753
991
259643763
991
259643773
991
259643783
991
259643793
991
259643803
991
259643813
991
259643823
991
259643833
991
259643843
991
259643853
991
259643863
991
259643873
991
259643883
991
259643893
991
259643903
991
259643913
991
259643923
991
259643933
991
259643943
991
259643953
991
259643963
991
259643973
991
259643983
991
259643993
991
259644003
991
259644013
991
259644023
991
259644033
991
259644043
991
259644053
991
259644063
991
259644073
991
259644083
991
259644093
991
259644103
991
259644113
991
259644123
991
259644133
991
259644143
991
259644153
991
259644163
991
259644173
991
259644183
991
259644193
991
259644203
991
259644213
991
259644223
991
259644233
991
259644243
991
259644253
991
259644263
991
259644273
991
259644283
991
259644293
991
259644303
991
259644313
991
259644323
991
259644333
991
259644343
991
259644353
991
259644363
991
259644373
991
259644383
991
259644393
991
259644403
991
259644413
991
259644423
991
259644433
991
259644443
991
259644453
991
259644463
991
259644473
991
259644483
991
259644493
991
259644503
991
259644513
991
259644523
991
259644533
991
259644543
991
259644553
991
259644563
991
259644573
991
259644583
991
259644593
991
259644603
991
259644613
991
259644623
991
259644633
991
259644643
991
259644653
991
259644663
991
259644673
991
259644683
991
259644693
991
259644703
991
259644713
991
259644723
991
259644733
991
259644743
991
259644753
991
259644763
991
259644773
991
259644783
991
259644793
991
259644803
991
259644813
991
259644823
991
259644833
991
259644843
991
259644853
991
259644863
991
259644873
991
259644883
991
259644893
991
259644903
991
259644913
991
259644923
991
259644933
991
259644943
991
259644953
991
259644963
991
259644973
991
259644983
991
259644993
991
259645003
991
259645013
991
259645023
991
259645033
991
259645043
991
259645053
991
259645063
991
259645073
991
259645083
991
259645093
991
259645103
991
259645113
991
259645123
991
259645133
991
259645143
991
259645153
991
259645163
991
259645173
991
259645183
991
259645193
991
259645203
991
259645213
991
259645223
991
259645233
991
259645243
991
259645253
991
259645263
991
259645273
991
259645283
991
259645293
991
259645303
991
259645313
991
259645323
991
259645333
991
259645343
991
259645353
991
259645363
991
259645373
991
259645383
991
259645393
991
259645403
991
259645413
991
259645423
991
259645433
991
259645441
991
259645451
991
259645461
991
259645471
991
259645481
991
259645491
991
259645501
991
259645511
991
259645521
991
259645531
991
259645541
991
259645551
991
259645561
991
259645571
991
259645581
991
259645591
991
259645601
991
259645611
991
259645621
991
259645631
991
259645641
991
259645651
991
259645661
991
259645671
991
259645681
991
259645691
991
259645701
991
259645711
991
259645721
991
259645731
991
259645741
991
259645751
991
259645761
991
259645771
991
259645781
991
259645791
991
259645801
991
259645811
991
259645821
991
259645831
991
259645841
991
259645851
991
259645861
991
259645871
991
259645881
991
259645891
991
259645901
991
259645911
991
259645921
991
259645931
991
259645941
991
259645951
991
259645961
991
259645971
991
259645981
991
259645991
991
259646001
991
259646011
991
259646021
991
259646031
991
259646041
991
259646051
991
259646061
991
259646071
991
259646081
991
259646091
991
259646101
991
259646111
991
259646121
991
259646131
991
259646141
991
259646151
991
259646161
991
259646171
991
259646181
991
259646191
991
259646201
991
259646211
991
259646221
991
259646231
991
259646241
991
259646251
991
259646261
991
259646271
991
259646281
991
259646291
991
259646301
991
259646311
991
259646321
991
259646331
991
259646341
991
259646351
991
259646361
991
259646371
991
259646381
991
259646391
991
259646401
991
259646411
991
259646421
991
259646431
991
259646441
991
259646451
991
259646461
991
259646471
991
259646481
991
259646491
991
259646501
991
259646511
991
259646521
991
259646531
991
259646541
991
259646551
991
259646561
991
259646571
991
259646581
991
259646591
991
259646601
991
259646611
991
259646621
991
259646631
991
259646641
991
259646651
991
259646661
991
259646671
991
259646681
991
259646691
991
259646701
991
259646711
991
259646721
991
259646731
991
259646741
991
259646751
991
259646761
991
259646771
991
259646781
991
259646791
991
259646801
991
259646811
991
259646821
991
259646831
991
259646841
991
259646851
991
259646861
991
259646871
991
259646881
991
259646891
991
259646901
991
259646911
991
259646921
991
259646931
991
259646941
991
259646951
991
259646961
991
259646971
991
259646981
991
259646991
991
259647001
991
259647011
991
259647021
991
259647031
991
259647041
991
259647051
991
259647061
991
259647071
991
259647081
991
259647091
991
259647101
991
259647111
991
259647121
991
259647131
991
259647141
991
259647151
991
259647161
991
259647171
991
259647181
991
259647191
991
259647201
991
259647211
991
259647221
991
259647231
991
259647241
991
259647251
991
259647261
991
259647271
991
259647281
991
259647291
991
259647301
991
259647311
991
259647321
991
259647331
991
259647341
991
259647351
991
259647361
991
259647371
991
259647381
991
259647391
991
259647401
991
259647411
991
259647421
991
259647431
991
259647441
991
259647451
991
259647461
991
259647471
991
259647481
991
259647491
991
259647501
991
259647511
991
259647521
991
259647531
991
259647541
991
259647551
991
259647561
991
259647571
991
259647581
991
259647591
991
259647601
991
259647611
991
259647621
991
259647631
991
259647641
991
259647651
991
259647661
991
259647671
991
259647681
991
259647691
991
259647701
991
259647711
991
259647721
991
259647731
991
259647741
991
259647751
991
259647761
991
259647771
991
259647781
991
259647791
991
259647801
991
259647811
991
259647821
991
259647831
991
259647841
991
259647851
991
259647861
991
259647871
991
259647881
991
259647891
991
259647901
991
259647911
991
259647921
991
259647931
991
259647941
991
259647951
991
259647961
991
259647971
991
259647981
991
259647991
991
259648001
991
259648011
991
259648021
991
259648031
991
259648041
991
259648051
991
259648061
991
259648071
991
259648082
991
259648091
991
259648101
991
259648111
991
259648121
991
259648131
991
259648141
991
259648151
991
259648161
991
259648171
991
259648181
991
259648191
991
259648201
991
259648211
991
259648221
991
259648231
991
259648241
991
259648251
991
259648261
991
259648271
991
259648281
991
259648291
991
259648301
991
259648311
991
259648321
991
259648331
991
259648341
991
259648351
991
259648361
991
259648371
991
259648381
991
259648391
991
259648401
991
259648411
991
259648421
991
259648431
991
259648441
991
259648451
991
259648461
991
259648471
991
259648481
991
259648491
991
259648501
991
259648511
991
259648521
991
259648531
991
259648541
991
259648551
991
259648561
991
259648571
991
259648581
991
259648591
991
259648601
991
259648611
991
259648621
991
259648631
991
259648641
991
259648651
991
259648661
991
259648671
991
259648681
991
259648691
991
259648701
991
259648711
991
259648721
991
259648731
991
259648741
991
259648751
991
259648761
991
259648771
991
259648781
991
259648791
991
259648801
991
259648811
991
259648821
991
259648831
991
259648841
991
259648851
991
259648861
991
259648871
991
259648881
991
259648891
991
259648901
991
259648911
991
259648921
991
259648931
991
259648941
991
259648951
991
259648961
991
259648971
991
259648981
991
259648991
991
259649001
991
259649011
991
259649021
991
259649031
991
259649041
991
259649051
991
259649061
991
259649071
991
259649081
991
259649091
991
259649101
991
259649111
991
259649121
991
259649131
991
259649141
991
259649151
991
259649161
991
259649171
991
259649181
991
259649191
991
259649201
991
259649211
991
259649221
991
259649231
991
259649241
991
259649251
991
259649261
991
259649271
991
259649281
991
259649291
991
259649301
991
259649311
991
259649321
991
259649331
991
259649341
991
259649351
991
259649361
991
259649371
991
259649381
991
259649391
991
259649401
991
259649411
991
259649421
991
259649431
991
259649441
991
259649451
991
259649461
991
259649471
991
259649481
991
259649491
991
259649501
991
259649511
991
259649521
991
259649531
991
259678213
991
259678223
991
259678233
991
259678243
991
259678253
991
259678263
991
259678273
991
259678283
991
259678293
991
259678303
991
259678313
991
259678323
991
259678333
991
259678343
991
259678353
991
259678363
991
259678373
991
259678383
991
259678393
991
259678403
991
259678413
991
259678423
991
259678433
991
259678443
991
259678453
991
259678463
991
259678473
991
259678483
991
259678493
991
259678503
991
259678513
991
259678523
991
259678533
991
259678543
991
259678553
991
259678563
991
259678573
991
259678583
991
259678593
991
259678603
991
259678613
991
259678623
991
259678633
991
259678643
991
259678653
991
259678663
991
259678673
991
259678683
991
259678693
991
259678703
991
259678713
991
259678723
991
259678733
991
259678743
991
259678753
991
259678763
991
259678773
991
259678783
991
259678793
991
259678803
991
259678813
991
259678823
991
259678833
991
259678843
991
259678853
991
259678863
991
259678873
991
259678883
991
259678893
991
259678903
991
259678913
991
259678923
991
259678933
991
259678943
991
259678953
991
259678963
991
259678973
991
259678983
991
259678993
991
259679003
991
259679013
991
259679023
991
259679033
991
259679043
991
259679053
991
259679063
991
259679073
991
259679083
991
259679093
991
259679103
991
259679113
991
259679123
991
259679133
991
259679143
991
259679153
991
259679163
991
259679173
991
259679183
991
259679193
991
259679203
991
259679213
991
259679223
991
259679233
991
259679243
991
259679253
991
259679263
991
259679273
991
259679283
991
259679293
991
259679303
991
259679313
991
259679323
991
259679333
991
259679343
991
259679353
991
259679363
991
259679373
991
259679383
991
259679393
991
259679403
991
259679413
991
259679423
991
259679433
991
259679443
991
259679453
991
259679463
991
259679473
991
259679483
991
259679493
991
259679503
991
259679513
991
259679523
991
259679533
991
259679543
991
259679553
991
259679563
991
259679573
991
259679583
991
259679593
991
259679603
991
259679613
991
259679623
991
259679633
991
259679643
991
259679653
991
259679663
991
259679673
991
259679683
991
259679693
991
259679703
991
259679713
991
259679723
991
259679733
991
259679743
991
259679753
991
259679763
991
259679773
991
259679783
991
259679793
991
259679803
991
259679813
991
259679823
991
259679833
991
259679843
991
259679853
991
259679863
991
259679873
991
259679883
991
259679893
991
259679903
991
259679913
991
259679923
991
259679933
991
259679943
991
259679953
991
259679963
991
259679973
991
259679983
991
259679993
991
259680003
991
259680013
991
259680023
991
259680033
991
259680043
991
259680053
991
259680063
991
259680073
991
259680083
991
259680093
991
259680103
991
259680113
991
259680123
991
259680133
991
259680143
991
259680153
991
259680163
991
259680173
991
259680183
991
259680193
991
259680203
991
259680213
991
259680223
991
259680233
991
259680243
991
259680253
991
259680263
991
259680273
991
259680283
991
259680293
991
259680303
991
259680313
991
259680323
991
259680333
991
259680343
991
259680353
991
259680363
991
259680373
991
259680383
991
259680393
991
259680403
991
259680413
991
259680423
991
259680433
991
259680443
991
259680453
991
259680463
991
259680473
991
259680483
991
259680493
991
259680503
991
259680513
991
259680523
991
259680533
991
259680543
991
259680553
991
259680563
991
259680573
991
259680583
991
259680593
991
259680603
991
259680613
991
259680623
991
259680633
991
259680643
991
259680653
991
259680663
991
259680673
991
259680683
991
259680693
991
259680703
991
259680713
991
259680723
991
259680733
991
259680743
991
259680753
991
259680763
991
259680773
991
259680783
991
259680793
991
259680803
991
259680813
991
259680823
991
259680833
991
259680843
991
259680853
991
259680863
991
259680873
991
259680883
991
259680893
991
259680903
991
259680913
991
259680923
991
259680933
991
259680943
991
259680953
991
259680963
991
259680973
991
259680983
991
259680993
991
259681003
991
259681013
991
259681023
991
259681033
991
259681043
991
259681053
991
259681063
991
259681073
991
259681083
991
259681093
991
259681103
991
259681113
991
259681123
991
259681133
991
259681143
991
259681153
991
259681163
991
259681173
991
259681183
991
259681193
991
259681203
991
259681213
991
259681223
991
259681233
991
259681243
991
259681253
991
259681263
991
259681273
991
259681283
991
259681293
991
259681303
991
259681313
991
259681323
991
259681333
991
259681343
991
259681353
991
259681363
991
259681373
991
259681383
991
259681393
991
259681403
991
259681413
991
259681423
991
259681433
991
259681443
991
259681453
991
259681463
991
259681473
991
259681483
991
259681493
991
259681503
991
259681513
991
259681523
991
259681533
991
259681543
991
259681553
991
259681563
991
259681573
991
259681583
991
259681593
991
259681603
991
259681613
991
259681623
991
259681633
991
259681643
991
259681653
991
259681663
991
259681673
991
259681683
991
259681693
991
259681703
991
259681713
991
259681723
991
259681733
991
259681743
991
259681753
991
259681763
991
259681773
991
259681783
991
259681793
991
259681803
991
259681813
991
259681823
991
259681833
991
259681843
991
259681853
991
259681863
991
259681873
991
259681883
991
259681893
991
259681903
991
259681913
991
259681923
991
259681933
991
259681943
991
259681953
991
259681963
991
259681973
991
259681983
991
259681993
991
259682003
991
259682013
991
259682023
991
259682033
991
259682043
991
259682053
991
259682063
991
259682073
991
259682083
991
259682093
991
259682103
991
259682113
991
259682123
991
259682133
991
259682143
991
259682153
991
259682163
991
259682173
991
259682183
991
259682193
991
259682203
991
259682213
991
259682223
991
259682233
991
259682243
991
259682253
991
259682263
991
259682273
991
259682283
991
259682293
991
259682303
991
259756041
991
259756051
991
259756061
991
259756071
991
259756081
991
259756091
991
259756101
991
259756111
991
259756121
991
259756131
991
259756141
991
259756151
991
259756161
991
259756171
991
259756181
991
259756191
991
259756201
991
259756211
991
259756221
991
259756231
991
259756241
991
259756251
991
259756261
991
259756271
991
259756281
991
259756291
991
259756301
991
259756311
991
259756321
991
259756331
991
259756341
991
259756351
991
259756361
991
259756371
991
259756381
991
259756391
991
259756401
991
259756411
991
259756421
991
259756431
991
259756441
991
259756451
991
259756461
991
259756471
991
259756481
991
259756491
991
259756501
991
259756511
991
259756521
991
259756531
991
259756541
991
259756551
991
259756561
991
259756571
991
259756581
991
259756591
991
259756601
991
259756611
991
259756621
991
259756631
991
259756641
991
259756651
991
259756661
991
259756671
991
259756681
991
259756691
991
259756701
991
259756711
991
259756721
991
259756731
991
259756741
991
259756751
991
259756761
991
259756771
991
259756781
991
259756791
991
259756801
991
259756811
991
259756821
991
259756831
991
259756841
991
259756851
991
259756861
991
259756871
991
259756881
991
259756891
991
259756901
991
259756911
991
259756921
991
259756931
991
259756941
991
259756951
991
259756961
991
259756971
991
259756981
991
259756991
991
259757001
991
259757011
991
259757021
991
259757031
991
259757041
991
259757051
991
259757061
991
259757071
991
259757081
991
259757091
991
259757101
991
259757111
991
259757121
991
259757131
991
259757141
991
259757151
991
259757161
991
259757171
991
259757181
991
259757191
991
259757201
991
259757211
991
259757221
991
259757231
991
259757241
991
259757251
991
259757261
991
259757271
991
259757281
991
259757291
991
259757301
991
259757311
991
259757321
991
259757331
991
259757341
991
259757351
991
259757361
991
259757371
991
259757381
991
259757391
991
259757401
991
259757411
991
259757421
991
259757431
991
259757441
991
259757451
991
259757461
991
259757471
991
259757481
991
259757491
991
259757501
991
259757511
991
259757521
991
259757531
991
259757541
991
259757551
991
259757561
991
259757571
991
259757581
991
259757591
991
259757601
991
259757611
991
259757621
991
259757631
991
259757641
991
259757651
991
259757661
991
259757671
991
259757681
991
259757691
991
259757701
991
259757711
991
259757721
991
259757731
991
259757741
991
259757751
991
259757761
991
259757771
991
259757781
991
259757791
991
259757801
991
259757811
991
259757821
991
259757831
991
259757841
991
259757851
991
259757861
991
259757871
991
259757881
991
259757891
991
259757901
991
259757911
991
259757921
991
259757931
991
259757941
991
259757951
991
259757961
991
259757971
991
259757981
991
259757991
991
259758001
991
259758011
991
259758021
991
259758031
991
259758041
991
259758051
991
259758061
991
259758071
991
259758081
991
259758091
991
259758101
991
259758111
991
259758121
991
259758131
991
259758141
991
259758151
991
259758161
991
259758171
991
259758181
991
259758191
991
259758201
991
259758211
991
259758221
991
259758231
991
259758241
991
259758251
991
259758261
991
259758271
991
259758281
991
259758291
991
259758301
991
259758311
991
259758321
991
259758331
991
259758341
991
259758351
991
259758361
991
259758371
991
259758381
991
259758391
991
259758401
991
259758411
991
259758421
991
259758431
991
259758441
991
259758451
991
259758461
991
259758471
991
259758481
991
259758491
991
259758501
991
259758511
991
259758521
991
259758531
991
259758541
991
259758551
991
259758561
991
259758571
991
259758581
991
259758591
991
259758601
991
259758611
991
259758621
991
259758631
991
259758641
991
259758651
991
259758661
991
259758671
991
259758681
991
259758691
991
259758701
991
259758711
991
259758721
991
259758731
991
259758741
991
259758751
991
259758761
991
259758771
991
259758781
991
259758791
991
259758801
991
259758811
991
259758821
991
259758831
991
259758841
991
259758851
991
259758861
991
259758871
991
259758881
991
259758891
991
259758901
991
259758911
991
259758921
991
259758931
991
259758941
991
259758951
991
259758961
991
259758971
991
259758981
991
259758991
991
259759001
991
259759011
991
259759021
991
259759031
991
259759041
991
259759051
991
259759061
991
259759071
991
259759081
991
259759091
991
259759101
991
259759111
991
259759121
991
259759131
991
259759141
991
259759151
991
259759161
991
259759171
991
259759181
991
259759191
991
259759201
991
259759211
991
259759221
991
259759231
991
259759241
991
259759251
991
259759261
991
259759271
991
259759281
991
259759291
991
259759301
991
259759311
991
259759321
991
259759331
991
259759341
991
259759351
991
259759361
991
259759371
991
259759381
991
259759391
991
259759401
991
259759411
991
259759421
991
259759431
991
259759441
991
259759451
991
259759461
991
259759471
991
259759481
991
259759491
991
259759501
991
259759511
991
259759521
991
259759531
991
259759541
991
259759551
991
259759561
991
259759571
991
259759581
991
259759591
991
259759601
991
259759611
991
259759621
991
259759631
991
259759641
991
259759651
991
259759661
991
259759671
991
259759681
991
259759691
991
259759701
991
259759711
991
259759721
991
259759731
991
259759741
991
259759751
991
259759761
991
259759771
991
259759781
991
259759791
991
259759801
991
259759811
991
259759821
991
259759831
991
259759841
991
259759851
991
259759861
991
259759871
991
259759881
991
259759891
991
259759901
991
259759911
991
259759921
991
259759931
991
259759941
991
259759951
991
259759961
991
259759971
991
259759981
991
259759991
991
259760001
991
259760011
991
259760021
991
259760031
991
259760041
991
259760051
991
259760061
991
259760071
991
259760081
991
259760091
991
259760101
991
259760111
991
259760121
991
259629065
991
259629075
991
259629085
991
259629095
991
259629105
991
259629115
991
259629125
991
259629135
991
259629145
991
259629155
991
259629165
991
259629175
991
259629185
991
259629195
991
259629205
991
259629215
991
259629225
991
259629235
991
259629245
991
259629255
991
259629265
991
259629275
991
259629285
991
259629295
991
259629305
991
259629315
991
259629325
991
259629335
991
259629345
991
259629355
991
259629365
991
259629375
991
259629385
991
259629395
991
259629405
991
259629415
991
259629425
991
259629435
991
259629445
991
259629455
991
259629465
991
259629475
991
259629485
991
259629495
991
259629505
991
259629515
991
259629525
991
259629535
991
259629545
991
259629555
991
259629565
991
259629575
991
259629585
991
259629595
991
259629605
991
259629615
991
259629625
991
259629635
991
259629645
991
259629655
991
259629665
991
259629675
991
259629685
991
259629695
991
259629705
991
259629715
991
259629725
991
259629735
991
259629745
991
259629755
991
259629765
991
259629775
991
259629785
991
259629795
991
259629805
991
259629815
991
259629825
991
259629835
991
259629845
991
259629855
991
259629865
991
259629875
991
259629885
991
259629895
991
259629905
991
259629915
991
259629925
991
259629935
991
259629945
991
259629955
991
259629965
991
259629975
991
259629985
991
259629995
991
259630005
991
259630015
991
259630025
991
259630035
991
259630045
991
259630055
991
259630065
991
259630075
991
259630085
991
259630095
991
259630105
991
259630115
991
259630125
991
259630135
991
259630145
991
259630155
991
259630165
991
259630175
991
259630185
991
259630195
991
259630205
991
259630215
991
259630225
991
259630235
991
259630245
991
259630255
991
259630265
991
259630275
991
259630285
991
259630295
991
259630305
991
259630315
991
259630325
991
259630335
991
259630345
991
259630355
991
259630365
991
259630375
991
259630385
991
259630395
991
259630405
991
259630415
991
259630425
991
259630435
991
259630445
991
259630455
991
259630465
991
259630475
991
259630485
991
259630495
991
259630505
991
259630515
991
259630525
991
259630535
991
259630545
991
259630555
991
259630565
991
259630575
991
259630585
991
259630595
991
259630605
991
259630615
991
259630625
991
259630635
991
259630645
991
259630655
991
259630665
991
259630675
991
259630685
991
259630695
991
259630705
991
259630715
991
259630725
991
259630735
991
259630745
991
259630755
991
259630765
991
259630775
991
259630785
991
259630795
991
259630805
991
259630815
991
259630825
991
259630835
991
259630845
991
259630855
991
259630865
991
259630875
991
259630885
991
259630895
991
259630905
991
259630915
991
259630925
991
259630935
991
259630945
991
259630955
991
259630965
991
259630975
991
259630985
991
259630995
991
259631005
991
259631015
991
259631025
991
259631035
991
259631045
991
259631055
991
259631065
991
259631075
991
259631085
991
259631095
991
259631105
991
259631115
991
259631125
991
259631135
991
259631145
991
259631155
991
259631165
991
259631175
991
259631185
991
259631195
991
259631205
991
259631215
991
259631225
991
259631235
991
259631245
991
259631255
991
259631265
991
259631275
991
259631285
991
259631295
991
259631305
991
259631315
991
259631325
991
259631335
991
259631345
991
259631355
991
259631365
991
259631375
991
259631385
991
259631395
991
259631405
991
259631415
991
259631425
991
259631435
991
259631445
991
259631455
991
259631465
991
259631475
991
259631485
991
259631495
991
259631505
991
259631515
991
259631525
991
259631535
991
259631545
991
259631555
991
259631565
991
259631575
991
259631585
991
259631595
991
259631605
991
259631615
991
259631625
991
259631635
991
259631645
991
259631655
991
259631665
991
259631675
991
259631685
991
259631695
991
259631705
991
259631715
991
259631725
991
259631735
991
259631745
991
259631755
991
259631765
991
259631775
991
259631785
991
259631795
991
259631805
991
259631815
991
259631825
991
259631835
991
259631845
991
259631855
991
259631865
991
259631875
991
259631885
991
259631895
991
259631905
991
259631915
991
259631925
991
259631935
991
259631945
991
259631955
991
259631965
991
259631975
991
259631985
991
259631995
991
259632005
991
259632015
991
259632025
991
259632035
991
259632045
991
259632055
991
259632065
991
259632075
991
259632085
991
259632095
991
259632105
991
259632115
991
259632125
991
259632135
991
259632145
991
259632155
991
259632165
991
259632175
991
259632185
991
259632195
991
259632205
991
259632215
991
259632225
991
259632235
991
259632245
991
259632255
991
259632265
991
259632275
991
259632285
991
259632295
991
259632305
991
259632315
991
259632325
991
259632335
991
259632345
991
259632355
991
259632365
991
259632375
991
259632385
991
259632395
991
259632405
991
259632415
991
259632425
991
259632435
991
259632445
991
259632455
991
259632465
991
259632475
991
259632485
991
259632495
991
259632505
991
259632515
991
259632525
991
259632535
991
259632545
991
259632555
991
259632565
991
259632575
991
259632585
991
259632595
991
259632605
991
259632615
991
259632625
991
259632635
991
259632645
991
259632655
991
259632665
991
259632675
991
259632685
991
259632695
991
259632705
991
259632715
991
259632725
991
259632735
991
259632745
991
259632755
991
259632765
991
259632775
991
259632785
991
259632795
991
259632805
991
259632815
991
259632825
991
259632835
991
259632845
991
259632855
991
259632865
991
259632875
991
259632885
991
259632895
991
259632905
991
259632915
991
259632925
991
259632935
991
259632945
991
259632955
991
259632965
991
259632975
991
259632985
991
259632995
991
259633005
991
259633015
991
259633025
991
259633035
991
259633045
991
259633055
991
259633065
991
259633075
991
259633085
991
259633095
991
259633105
991
259633115
991
259633125
991
259633135
991
259633145
991
259637251
991
259637261
991
259637271
991
259637281
991
259637291
991
259637301
991
259637311
991
259637321
991
259637331
991
259637341
991
259637351
991
259637361
991
259637371
991
259637381
991
259637391
991
259637401
991
259637411
991
259637421
991
259637431
991
259637441
991
259637451
991
259637461
991
259637471
991
259637481
991
259637491
991
259637501
991
259637511
991
259637521
991
259637531
991
259637541
991
259637551
991
259637561
991
259637571
991
259637581
991
259637591
991
259637601
991
259637611
991
259637621
991
259637631
991
259637641
991
259637651
991
259637661
991
259637671
991
259637681
991
259637691
991
259637701
991
259637711
991
259637721
991
259637731
991
259637741
991
259637751
991
259637761
991
259637771
991
259637781
991
259637791
991
259637801
991
259637811
991
259637821
991
259637831
991
259637841
991
259637851
991
259637861
991
259637871
991
259637881
991
259637891
991
259637901
991
259637911
991
259637921
991
259637931
991
259637941
991
259637951
991
259637961
991
259637971
991
259637981
991
259637991
991
259638001
991
259638011
991
259638021
991
259638031
991
259638041
991
259638051
991
259638061
991
259638071
991
259638081
991
259638091
991
259638101
991
259638111
991
259638121
991
259638131
991
259638141
991
259638151
991
259638161
991
259638171
991
259638181
991
259638191
991
259638201
991
259638211
991
259638221
991
259638231
991
259638241
991
259638251
991
259638261
991
259638271
991
259638281
991
259638291
991
259638301
991
259638311
991
259638321
991
259638331
991
259638341
991
259638351
991
259638361
991
259638371
991
259638381
991
259638391
991
259638401
991
259638411
991
259638421
991
259638431
991
259638441
991
259638451
991
259638461
991
259638471
991
259638481
991
259638491
991
259638501
991
259638511
991
259638521
991
259638531
991
259638541
991
259638551
991
259638561
991
259638571
991
259638581
991
259638591
991
259638601
991
259638611
991
259638621
991
259638631
991
259638641
991
259638651
991
259638661
991
259638671
991
259638681
991
259638691
991
259638701
991
259638711
991
259638721
991
259638731
991
259638741
991
259638751
991
259638761
991
259638771
991
259638781
991
259638791
991
259638801
991
259638811
991
259638821
991
259638831
991
259638841
991
259638851
991
259638861
991
259638871
991
259638881
991
259638891
991
259638901
991
259638911
991
259638921
991
259638931
991
259638941
991
259638951
991
259638961
991
259638971
991
259638981
991
259638991
991
259639001
991
259639011
991
259639021
991
259639031
991
259639041
991
259639051
991
259639061
991
259639071
991
259639081
991
259639091
991
259639101
991
259639111
991
259639121
991
259639131
991
259639141
991
259639151
991
259639161
991
259639171
991
259639181
991
259639191
991
259639201
991
259639211
991
259639221
991
259639231
991
259639241
991
259639251
991
259639261
991
259639271
991
259639281
991
259639291
991
259639301
991
259639311
991
259639321
991
259639331
991
259639341
991
259639351
991
259639361
991
259639371
991
259639381
991
259639391
991
259639401
991
259639411
991
259639421
991
259639431
991
259639441
991
259639451
991
259639461
991
259639471
991
259639481
991
259639491
991
259639501
991
259639511
991
259639521
991
259639531
991
259639541
991
259639551
991
259639561
991
259639571
991
259639581
991
259639591
991
259639601
991
259639611
991
259639621
991
259639631
991
259639641
991
259639651
991
259639661
991
259639671
991
259639681
991
259639691
991
259639701
991
259639711
991
259639721
991
259639731
991
259639741
991
259639751
991
259639761
991
259639771
991
259639781
991
259639791
991
259639801
991
259639811
991
259639821
991
259639831
991
259639841
991
259639851
991
259639861
991
259639871
991
259639881
991
259639891
991
259639901
991
259639911
991
259639921
991
259639931
991
259639941
991
259639951
991
259639961
991
259639971
991
259639981
991
259639991
991
259640001
991
259640011
991
259640021
991
259640031
991
259640041
991
259640051
991
259640061
991
259640071
991
259640081
991
259640091
991
259640101
991
259640111
991
259640121
991
259640131
991
259640141
991
259640151
991
259640161
991
259640171
991
259640181
991
259640191
991
259640201
991
259640211
991
259640221
991
259640231
991
259640241
991
259640251
991
259640261
991
259640271
991
259640281
991
259640291
991
259640301
991
259640311
991
259640321
991
259640331
991
259640341
991
259640351
991
259640361
991
259640371
991
259640381
991
259640391
991
259640401
991
259640411
991
259640421
991
259640431
991
259640441
991
259640451
991
259640461
991
259640471
991
259640481
991
259640491
991
259640501
991
259640511
991
259640521
991
259640531
991
259640541
991
259640551
991
259640561
991
259640571
991
259640581
991
259640591
991
259640601
991
259640611
991
259640621
991
259640631
991
259640641
991
259640651
991
259640661
991
259640671
991
259640681
991
259640691
991
259640701
991
259640711
991
259640721
991
259640731
991
259640741
991
259640751
991
259640761
991
259640771
991
259640781
991
259640791
991
259640801
991
259640811
991
259640821
991
259640831
991
259640841
991
259640851
991
259640861
991
259640871
991
259640881
991
259640891
991
259640901
991
259640911
991
259640921
991
259640931
991
259640941
991
259640951
991
259640961
991
259640971
991
259640981
991
259640991
991
259641001
991
259641011
991
259641021
991
259641031
991
259641041
991
259641051
991
259641061
991
259641071
991
259641081
991
259641091
991
259641101
991
259641111
991
259641121
991
259641131
991
259641141
991
259641151
991
259641161
991
259641171
991
259641181
991
259641191
991
259641201
991
259641211
991
259641221
991
259641231
991
259641241
991
259641251
991
259641261
991
259641271
991
259641281
991
259641291
991
259641301
991
259641311
991
259641321
991
259641331
991
259641341
991
259772423
991
259772433
991
259772443
991
259772453
991
259772463
991
259772473
991
259772483
991
259772493
991
259772503
991
259772513
991
259772523
991
259772533
991
259772543
991
259772553
991
259772563
991
259772573
991
259772583
991
259772593
991
259772603
991
259772613
991
259772623
991
259772633
991
259772643
991
259772653
991
259772663
991
259772673
991
259772683
991
259772693
991
259772703
991
259772713
991
259772723
991
259772733
991
259772743
991
259772753
991
259772763
991
259772773
991
259772783
991
259772793
991
259772803
991
259772813
991
259772823
991
259772833
991
259772843
991
259772853
991
259772863
991
259772873
991
259772883
991
259772893
991
259772903
991
259772913
991
259772923
991
259772933
991
259772943
991
259772953
991
259772963
991
259772973
991
259772983
991
259772993
991
259773003
991
259773013
991
259773023
991
259773033
991
259773043
991
259773053
991
259773063
991
259773073
991
259773083
991
259773093
991
259773103
991
259773113
991
259773123
991
259773133
991
259773143
991
259773153
991
259773163
991
259773173
991
259773183
991
259773193
991
259773203
991
259773213
991
259773223
991
259773233
991
259773243
991
259773253
991
259773263
991
259773273
991
259773283
991
259773293
991
259773303
991
259773313
991
259773323
991
259773333
991
259773343
991
259773353
991
259773363
991
259773373
991
259773383
991
259773393
991
259773403
991
259773413
991
259773423
991
259773433
991
259773443
991
259773453
991
259773463
991
259773473
991
259773483
991
259773493
991
259773503
991
259773513
991
259773523
991
259773533
991
259773543
991
259773553
991
259773563
991
259773573
991
259773583
991
259773593
991
259773603
991
259773613
991
259773623
991
259773633
991
259773643
991
259773653
991
259773663
991
259773673
991
259773683
991
259773693
991
259773703
991
259773713
991
259773723
991
259773733
991
259773743
991
259773753
991
259773763
991
259773773
991
259773783
991
259773793
991
259773803
991
259773813
991
259773823
991
259773833
991
259773843
991
259773853
991
259773863
991
259773873
991
259773883
991
259773893
991
259773903
991
259773913
991
259773923
991
259773933
991
259773943
991
259773953
991
259773963
991
259773973
991
259773983
991
259773993
991
259774003
991
259774013
991
259774023
991
259774033
991
259774043
991
259774053
991
259774063
991
259774073
991
259774083
991
259774093
991
259774103
991
259774113
991
259774123
991
259774133
991
259774143
991
259774153
991
259774163
991
259774173
991
259774183
991
259774193
991
259774203
991
259774213
991
259774223
991
259774233
991
259774243
991
259774253
991
259774263
991
259774273
991
259774283
991
259774293
991
259774303
991
259774313
991
259774323
991
259774333
991
259774343
991
259774353
991
259774363
991
259774373
991
259774383
991
259774393
991
259774403
991
259774413
991
259774423
991
259774433
991
259774443
991
259774453
991
259774463
991
259774473
991
259774483
991
259774493
991
259774503
991
259774513
991
259774523
991
259774533
991
259774543
991
259774553
991
259774563
991
259774573
991
259774583
991
259774593
991
259774603
991
259774613
991
259774623
991
259774633
991
259774643
991
259774653
991
259774663
991
259774673
991
259774683
991
259774693
991
259774703
991
259774713
991
259774723
991
259774733
991
259774743
991
259774753
991
259774763
991
259774773
991
259774783
991
259774793
991
259774803
991
259774813
991
259774823
991
259774833
991
259774843
991
259774853
991
259774863
991
259774873
991
259774883
991
259774893
991
259774903
991
259774913
991
259774923
991
259774933
991
259774943
991
259774953
991
259774963
991
259774973
991
259774983
991
259774993
991
259775003
991
259775013
991
259775023
991
259775033
991
259775043
991
259775053
991
259775063
991
259775073
991
259775083
991
259775093
991
259775103
991
259775113
991
259775123
991
259775133
991
259775143
991
259775153
991
259775163
991
259775173
991
259775183
991
259775193
991
259775203
991
259775213
991
259775223
991
259775233
991
259775243
991
259775253
991
259775263
991
259775273
991
259775283
991
259775293
991
259775303
991
259775313
991
259775323
991
259775333
991
259775343
991
259775353
991
259775363
991
259775373
991
259775383
991
259775393
991
259775403
991
259775413
991
259775423
991
259775433
991
259775443
991
259775453
991
259775463
991
259775473
991
259775483
991
259775493
991
259775503
991
259775513
991
259775523
991
259775533
991
259775543
991
259775553
991
259775563
991
259775573
991
259775583
991
259775593
991
259775603
991
259775613
991
259775623
991
259775633
991
259775643
991
259775653
991
259775663
991
259775673
991
259775683
991
259775693
991
259775703
991
259775713
991
259775723
991
259775733
991
259775743
991
259775753
991
259775763
991
259775773
991
259775783
991
259775793
991
259775803
991
259775813
991
259775823
991
259775833
991
259775843
991
259775853
991
259775863
991
259775873
991
259775883
991
259775893
991
259775903
991
259775913
991
259775923
991
259775933
991
259775943
991
259775953
991
259775963
991
259775973
991
259775983
991
259775993
991
259776003
991
259776013
991
259776023
991
259776033
991
259776043
991
259776053
991
259776063
991
259776073
991
259776083
991
259776093
991
259776103
991
259776113
991
259776123
991
259776133
991
259776143
991
259776153
991
259776163
991
259776173
991
259776183
991
259776193
991
259776203
991
259776213
991
259776223
991
259776233
991
259776243
991
259776253
991
259776263
991
259776273
991
259776283
991
259776293
991
259776303
991
259776313
991
259776323
991
259776333
991
259776343
991
259776353
991
259776363
991
259776373
991
259776383
991
259776393
991
259776403
991
259776413
991
259776423
991
259776433
991
259776443
991
259776453
991
259776463
991
259776473
991
259776483
991
259776493
991
259776503
991
259543045
991
259543055
991
259543065
991
259543075
991
259543085
991
259543095
991
259543105
991
259543115
991
259543125
991
259543135
991
259543145
991
259543155
991
259543165
991
259543175
991
259543185
991
259543195
991
259543205
991
259543215
991
259543225
991
259543235
991
259543245
991
259543255
991
259543265
991
259543275
991
259543285
991
259543295
991
259543305
991
259543315
991
259543325
991
259543335
991
259543345
991
259543355
991
259543365
991
259543375
991
259543385
991
259543395
991
259543405
991
259543415
991
259543425
991
259543435
991
259543445
991
259543455
991
259543465
991
259543475
991
259543485
991
259543495
991
259543505
991
259543515
991
259543525
991
259543535
991
259543545
991
259543555
991
259543565
991
259543575
991
259543585
991
259543595
991
259543605
991
259543615
991
259543625
991
259543635
991
259543645
991
259543655
991
259543665
991
259543675
991
259543685
991
259543695
991
259543705
991
259543715
991
259543725
991
259543735
991
259543745
991
259543755
991
259543765
991
259543775
991
259543785
991
259543795
991
259543805
991
259543815
991
259543825
991
259543835
991
259543845
991
259543855
991
259543865
991
259543875
991
259543885
991
259543895
991
259543905
991
259543915
991
259543925
991
259543935
991
259543945
991
259543955
991
259543965
991
259543975
991
259543985
991
259543995
991
259544005
991
259544015
991
259544025
991
259544035
991
259544045
991
259544055
991
259544065
991
259544075
991
259544085
991
259544095
991
259544105
991
259544115
991
259544125
991
259544135
991
259544145
991
259544155
991
259544165
991
259544175
991
259544185
991
259544195
991
259544205
991
259544215
991
259544225
991
259544235
991
259544245
991
259544255
991
259544265
991
259544275
991
259544285
991
259544295
991
259544305
991
259544315
991
259544325
991
259544335
991
259544345
991
259544355
991
259544365
991
259544375
991
259544385
991
259544395
991
259544405
991
259544415
991
259544425
991
259544435
991
259544445
991
259544455
991
259544465
991
259544475
991
259544485
991
259544495
991
259544505
991
259544515
991
259544525
991
259544535
991
259544545
991
259544555
991
259544565
991
259544575
991
259544585
991
259544595
991
259544605
991
259544615
991
259544625
991
259544635
991
259544645
991
259544655
991
259544665
991
259544675
991
259544685
991
259544695
991
259544705
991
259544715
991
259544725
991
259544735
991
259544745
991
259544755
991
259544765
991
259544775
991
259544785
991
259544795
991
259544805
991
259544815
991
259544825
991
259544835
991
259544845
991
259544855
991
259544865
991
259544875
991
259544885
991
259544895
991
259544905
991
259544915
991
259544925
991
259544935
991
259544945
991
259544955
991
259544965
991
259544975
991
259544985
991
259544995
991
259545005
991
259545015
991
259545025
991
259545035
991
259545045
991
259545055
991
259545065
991
259545075
991
259545085
991
259545095
991
259545105
991
259545115
991
259545125
991
259545135
991
259545145
991
259545155
991
259545165
991
259545175
991
259545185
991
259545195
991
259545205
991
259545215
991
259545225
991
259545235
991
259545245
991
259545255
991
259545265
991
259545275
991
259545285
991
259545295
991
259545305
991
259545315
991
259545325
991
259545335
991
259545345
991
259545355
991
259545365
991
259545375
991
259545385
991
259545395
991
259545405
991
259545415
991
259545425
991
259545435
991
259545445
991
259545455
991
259545465
991
259545475
991
259545485
991
259545495
991
259545505
991
259545515
991
259545525
991
259545535
991
259545545
991
259545555
991
259545565
991
259545575
991
259545585
991
259545595
991
259545605
991
259545615
991
259545625
991
259545635
991
259545645
991
259545655
991
259545665
991
259545675
991
259545685
991
259545695
991
259545705
991
259545715
991
259545725
991
259545735
991
259545745
991
259545755
991
259545765
991
259545775
991
259545785
991
259545795
991
259545805
991
259545815
991
259545825
991
259545835
991
259545845
991
259545855
991
259545865
991
259545875
991
259545885
991
259545895
991
259545905
991
259545915
991
259545925
991
259545935
991
259545945
991
259545955
991
259545965
991
259545975
991
259545985
991
259545995
991
259546005
991
259546015
991
259546025
991
259546035
991
259546045
991
259546055
991
259546065
991
259546075
991
259546085
991
259546095
991
259546105
991
259546115
991
259546125
991
259546135
991
259546145
991
259546155
991
259546165
991
259546175
991
259546185
991
259546195
991
259546205
991
259546215
991
259546225
991
259546235
991
259546245
991
259546255
991
259546265
991
259546275
991
259546285
991
259546295
991
259546305
991
259546315
991
259546325
991
259546335
991
259546345
991
259546355
991
259546365
991
259546375
991
259546385
991
259546395
991
259546405
991
259546415
991
259546425
991
259546435
991
259546445
991
259546455
991
259546465
991
259546475
991
259546485
991
259546495
991
259546505
991
259546515
991
259546525
991
259546535
991
259546545
991
259546555
991
259546565
991
259546575
991
259546585
991
259546595
991
259546605
991
259546615
991
259546625
991
259546635
991
259546645
991
259546655
991
259546665
991
259546675
991
259546685
991
259546695
991
259546705
991
259546715
991
259546725
991
259546735
991
259546745
991
259546755
991
259546765
991
259546775
991
259546785
991
259546795
991
259546805
991
259546815
991
259546825
991
259546835
991
259546845
991
259546855
991
259546865
991
259546875
991
259546885
991
259546895
991
259546905
991
259546915
991
259546925
991
259546935
991
259546945
991
259546955
991
259546965
991
259546975
991
259546985
991
259546995
991
259547005
991
259547015
991
259547025
991
259547035
991
259547045
991
259547055
991
259547065
991
259547075
991
259547085
991
259547095
991
259547105
991
259547115
991
259547125
991
259547135
991
259670025
991
259670035
991
259670045
991
259670055
991
259670065
991
259670075
991
259670085
991
259670095
991
259670105
991
259670115
991
259670125
991
259670135
991
259670145
991
259670155
991
259670165
991
259670175
991
259670185
991
259670195
991
259670205
991
259670215
991
259670225
991
259670235
991
259670245
991
259670255
991
259670265
991
259670275
991
259670285
991
259670295
991
259670305
991
259670315
991
259670325
991
259670335
991
259670345
991
259670355
991
259670365
991
259670375
991
259670385
991
259670395
991
259670405
991
259670415
991
259670425
991
259670435
991
259670445
991
259670455
991
259670465
991
259670475
991
259670485
991
259670495
991
259670505
991
259670515
991
259670525
991
259670535
991
259670545
991
259670555
991
259670565
991
259670575
991
259670585
991
259670595
991
259670605
991
259670615
991
259670625
991
259670635
991
259670645
991
259670655
991
259670665
991
259670675
991
259670685
991
259670695
991
259670705
991
259670715
991
259670725
991
259670735
991
259670745
991
259670755
991
259670765
991
259670775
991
259670785
991
259670795
991
259670805
991
259670815
991
259670825
991
259670835
991
259670845
991
259670855
991
259670865
991
259670875
991
259670885
991
259670895
991
259670905
991
259670915
991
259670925
991
259670935
991
259670945
991
259670955
991
259670965
991
259670975
991
259670985
991
259670995
991
259671005
991
259671015
991
259671025
991
259671035
991
259671045
991
259671055
991
259671065
991
259671075
991
259671085
991
259671095
991
259671105
991
259671115
991
259671125
991
259671135
991
259671145
991
259671155
991
259671165
991
259671175
991
259671185
991
259671195
991
259671205
991
259671215
991
259671225
991
259671235
991
259671245
991
259671255
991
259671265
991
259671275
991
259671285
991
259671295
991
259671305
991
259671315
991
259671325
991
259671335
991
259671345
991
259671355
991
259671365
991
259671375
991
259671385
991
259671395
991
259671405
991
259671415
991
259671425
991
259671435
991
259671445
991
259671455
991
259671465
991
259671475
991
259671485
991
259671495
991
259671505
991
259671515
991
259671525
991
259671535
991
259671545
991
259671555
991
259671565
991
259671575
991
259671585
991
259671595
991
259671605
991
259671615
991
259671625
991
259671635
991
259671645
991
259671655
991
259671665
991
259671675
991
259671685
991
259671695
991
259671705
991
259671715
991
259671725
991
259671735
991
259671745
991
259671755
991
259671765
991
259671775
991
259671785
991
259671795
991
259671805
991
259671815
991
259671825
991
259671835
991
259671845
991
259671855
991
259671865
991
259671875
991
259671885
991
259671895
991
259671905
991
259671915
991
259671925
991
259671935
991
259671945
991
259671955
991
259671965
991
259671975
991
259671985
991
259671995
991
259672005
991
259672015
991
259672025
991
259672035
991
259672045
991
259672055
991
259672065
991
259672075
991
259672085
991
259672095
991
259672105
991
259672115
991
259672125
991
259672135
991
259672145
991
259672155
991
259672165
991
259672175
991
259672185
991
259672195
991
259672205
991
259672215
991
259672225
991
259672235
991
259672245
991
259672255
991
259672265
991
259672275
991
259672285
991
259672295
991
259672305
991
259672315
991
259672325
991
259672335
991
259672345
991
259672355
991
259672365
991
259672375
991
259672385
991
259672395
991
259672405
991
259672415
991
259672425
991
259672435
991
259672445
991
259672455
991
259672465
991
259672475
991
259672485
991
259672495
991
259672505
991
259672515
991
259672525
991
259672535
991
259672545
991
259672555
991
259672565
991
259672575
991
259672585
991
259672595
991
259672605
991
259672615
991
259672625
991
259672635
991
259672645
991
259672655
991
259672665
991
259672675
991
259672685
991
259672695
991
259672705
991
259672715
991
259672725
991
259672735
991
259672745
991
259672755
991
259672765
991
259672775
991
259672785
991
259672795
991
259672805
991
259672815
991
259672825
991
259672835
991
259672845
991
259672855
991
259672865
991
259672875
991
259672885
991
259672895
991
259672905
991
259672915
991
259672925
991
259672935
991
259672945
991
259672955
991
259672965
991
259672975
991
259672985
991
259672995
991
259673005
991
259673015
991
259673025
991
259673035
991
259673045
991
259673055
991
259673065
991
259673075
991
259673085
991
259673095
991
259673105
991
259673115
991
259673125
991
259673135
991
259673145
991
259673155
991
259673165
991
259673175
991
259673185
991
259673195
991
259673205
991
259673215
991
259673225
991
259673235
991
259673245
991
259673255
991
259673265
991
259673275
991
259673285
991
259673295
991
259673305
991
259673315
991
259673325
991
259673335
991
259673345
991
259673355
991
259673365
991
259673375
991
259673385
991
259673395
991
259673405
991
259673415
991
259673425
991
259673435
991
259673445
991
259673455
991
259673465
991
259673475
991
259673485
991
259673495
991
259673505
991
259673515
991
259673525
991
259673535
991
259673545
991
259673555
991
259673565
991
259673575
991
259673585
991
259673595
991
259673605
991
259673615
991
259673625
991
259673635
991
259673645
991
259673655
991
259673665
991
259673675
991
259673685
991
259673695
991
259673705
991
259673715
991
259673725
991
259673735
991
259673745
991
259673755
991
259673765
991
259673775
991
259673785
991
259673795
991
259673805
991
259673815
991
259673825
991
259673835
991
259673845
991
259673855
991
259673865
991
259673875
991
259673885
991
259673895
991
259673905
991
259673915
991
259673925
991
259673935
991
259673945
991
259673955
991
259673965
991
259673975
991
259673985
991
259673995
991
259674005
991
259674015
991
259674025
991
259674035
991
259674045
991
259674055
991
259674065
991
259674075
991
259674085
991
259674095
991
259674105
991
259563527
991
259563537
991
259563547
991
259563557
991
259563567
991
259563577
991
259563587
991
259563597
991
259563607
991
259563617
991
259563627
991
259563637
991
259563647
991
259563657
991
259563667
991
259563677
991
259563687
991
259563697
991
259563707
991
259563717
991
259563727
991
259563737
991
259563747
991
259563757
991
259563767
991
259563777
991
259563787
991
259563797
991
259563807
991
259563817
991
259563827
991
259563837
991
259563847
991
259563857
991
259563867
991
259563877
991
259563887
991
259563897
991
259563907
991
259563917
991
259563927
991
259563937
991
259563947
991
259563957
991
259563967
991
259563977
991
259563987
991
259563997
991
259564007
991
259564017
991
259564027
991
259564037
991
259564047
991
259564057
991
259564067
991
259564077
991
259564087
991
259564097
991
259564107
991
259564117
991
259564127
991
259564137
991
259564147
991
259564157
991
259564167
991
259564177
991
259564187
991
259564197
991
259564207
991
259564217
991
259564227
991
259564237
991
259564247
991
259564257
991
259564267
991
259564277
991
259564287
991
259564297
991
259564307
991
259564317
991
259564327
991
259564337
991
259564347
991
259564357
991
259564367
991
259564377
991
259564387
991
259564397
991
259564407
991
259564417
991
259564427
991
259564437
991
259564447
991
259564457
991
259564467
991
259564477
991
259564487
991
259564497
991
259564507
991
259564517
991
259564527
991
259564537
991
259564547
991
259564557
991
259564567
991
259564577
991
259564587
991
259564597
991
259564607
991
259564617
991
259564627
991
259564637
991
259564647
991
259564657
991
259564667
991
259564677
991
259564687
991
259564697
991
259564707
991
259564717
991
259564727
991
259564737
991
259564747
991
259564757
991
259564767
991
259564777
991
259564787
991
259564797
991
259564807
991
259564817
991
259564827
991
259564837
991
259564847
991
259564857
991
259564867
991
259564877
991
259564887
991
259564897
991
259564907
991
259564917
991
259564927
991
259564937
991
259564947
991
259564957
991
259564967
991
259564977
991
259564987
991
259564997
991
259565007
991
259565017
991
259565027
991
259565037
991
259565047
991
259565057
991
259565067
991
259565077
991
259565087
991
259565097
991
259565107
991
259565117
991
259565127
991
259565137
991
259565147
991
259565157
991
259565167
991
259565177
991
259565187
991
259565197
991
259565207
991
259565217
991
259565227
991
259565237
991
259565247
991
259565257
991
259565267
991
259565277
991
259565287
991
259565297
991
259565307
991
259565317
991
259565327
991
259565337
991
259565347
991
259565357
991
259565367
991
259565377
991
259565387
991
259565397
991
259565407
991
259565417
991
259565427
991
259565437
991
259565447
991
259565457
991
259565467
991
259565477
991
259565487
991
259565497
991
259565507
991
259565517
991
259565527
991
259565537
991
259565547
991
259565557
991
259565567
991
259565577
991
259565587
991
259565597
991
259565607
991
259565617
991
259565627
991
259565637
991
259565647
991
259565657
991
259565667
991
259565677
991
259565687
991
259565697
991
259565707
991
259565717
991
259565727
991
259565737
991
259565747
991
259565757
991
259565767
991
259565777
991
259565787
991
259565797
991
259565807
991
259565817
991
259565827
991
259565837
991
259565847
991
259565857
991
259565867
991
259565877
991
259565887
991
259565897
991
259565907
991
259565917
991
259565927
991
259565937
991
259565947
991
259565957
991
259565967
991
259565977
991
259565987
991
259565997
991
259566007
991
259566017
991
259566027
991
259566037
991
259566047
991
259566057
991
259566067
991
259566077
991
259566087
991
259566097
991
259566107
991
259566117
991
259566127
991
259566137
991
259566147
991
259566157
991
259566167
991
259566177
991
259566187
991
259566197
991
259566207
991
259566217
991
259566227
991
259566237
991
259566247
991
259566257
991
259566267
991
259566277
991
259566287
991
259566296
991
259566307
991
259566317
991
259566327
991
259566337
991
259566347
991
259566357
991
259566367
991
259566377
991
259566387
991
259566397
991
259566407
991
259566417
991
259566427
991
259566437
991
259566447
991
259566457
991
259566467
991
259566477
991
259566487
991
259566497
991
259566507
991
259566517
991
259566527
991
259566537
991
259566547
991
259566557
991
259566567
991
259566577
991
259566587
991
259566597
991
259566607
991
259566617
991
259566627
991
259566637
991
259566647
991
259566657
991
259566667
991
259566677
991
259566687
991
259566697
991
259566707
991
259566717
991
259566727
991
259566737
991
259566747
991
259566757
991
259566767
991
259566777
991
259566787
991
259566797
991
259566807
991
259566817
991
259566827
991
259566837
991
259566847
991
259566857
991
259566867
991
259566877
991
259566887
991
259566897
991
259566907
991
259566917
991
259566927
991
259566937
991
259566947
991
259566957
991
259566967
991
259566977
991
259566987
991
259566997
991
259567007
991
259567017
991
259567027
991
259567037
991
259567047
991
259567057
991
259567067
991
259567077
991
259567087
991
259567097
991
259567107
991
259567117
991
259567127
991
259567137
991
259567147
991
259567157
991
259567167
991
259567177
991
259567187
991
259567197
991
259567207
991
259567217
991
259567227
991
259567237
991
259567247
991
259567257
991
259567267
991
259567277
991
259567287
991
259567297
991
259567307
991
259567317
991
259567327
991
259567337
991
259567347
991
259567357
991
259567367
991
259567377
991
259567387
991
259567397
991
259567407
991
259567417
991
259567427
991
259567437
991
259567447
991
259567457
991
259567467
991
259567477
991
259567487
991
259567497
991
259567507
991
259567517
991
259567527
991
259567537
991
259567547
991
259567557
991
259567567
991
259567577
991
259567587
991
259567597
991
259567607
991
259698691
991
259698701
991
259698711
991
259698721
991
259698731
991
259698741
991
259698751
991
259698761
991
259698771
991
259698781
991
259698791
991
259698801
991
259698811
991
259698821
991
259698831
991
259698841
991
259698851
991
259698861
991
259698871
991
259698881
991
259698891
991
259698901
991
259698911
991
259698921
991
259698931
991
259698941
991
259698951
991
259698961
991
259698971
991
259698981
991
259698991
991
259699001
991
259699011
991
259699021
991
259699031
991
259699041
991
259699051
991
259699061
991
259699071
991
259699081
991
259699091
991
259699101
991
259699111
991
259699121
991
259699131
991
259699141
991
259699151
991
259699161
991
259699171
991
259699181
991
259699191
991
259699201
991
259699211
991
259699221
991
259699231
991
259699241
991
259699251
991
259699261
991
259699271
991
259699281
991
259699291
991
259699301
991
259699311
991
259699321
991
259699331
991
259699341
991
259699351
991
259699361
991
259699371
991
259699381
991
259699391
991
259699401
991
259699411
991
259699421
991
259699431
991
259699441
991
259699451
991
259699461
991
259699471
991
259699481
991
259699491
991
259699501
991
259699511
991
259699521
991
259699531
991
259699541
991
259699551
991
259699561
991
259699571
991
259699581
991
259699591
991
259699601
991
259699611
991
259699621
991
259699631
991
259699641
991
259699651
991
259699661
991
259699671
991
259699681
991
259699691
991
259699701
991
259699711
991
259699721
991
259699731
991
259699741
991
259699751
991
259699761
991
259699771
991
259699781
991
259699791
991
259699801
991
259699811
991
259699821
991
259699831
991
259699841
991
259699851
991
259699861
991
259699871
991
259699881
991
259699891
991
259699901
991
259699911
991
259699921
991
259699931
991
259699941
991
259699951
991
259699961
991
259699971
991
259699981
991
259699991
991
259700001
991
259700011
991
259700021
991
259700031
991
259700041
991
259700051
991
259700061
991
259700071
991
259700081
991
259700091
991
259700101
991
259700111
991
259700121
991
259700131
991
259700141
991
259700151
991
259700161
991
259700171
991
259700181
991
259700191
991
259700201
991
259700211
991
259700221
991
259700231
991
259700241
991
259700251
991
259700261
991
259700271
991
259700281
991
259700291
991
259700301
991
259700311
991
259700321
991
259700331
991
259700341
991
259700351
991
259700361
991
259700371
991
259700381
991
259700391
991
259700401
991
259700411
991
259700421
991
259700431
991
259700441
991
259700451
991
259700461
991
259700471
991
259700481
991
259700491
991
259700501
991
259700511
991
259700521
991
259700531
991
259700541
991
259700551
991
259700561
991
259700571
991
259700581
991
259700591
991
259700601
991
259700611
991
259700621
991
259700631
991
259700641
991
259700651
991
259700661
991
259700671
991
259700681
991
259700691
991
259700701
991
259700711
991
259700721
991
259700731
991
259700741
991
259700751
991
259700761
991
259700771
991
259700781
991
259700791
991
259700801
991
259700811
991
259700821
991
259700831
991
259700841
991
259700851
991
259700861
991
259700871
991
259700881
991
259700891
991
259700901
991
259700911
991
259700921
991
259700931
991
259700941
991
259700951
991
259700961
991
259700971
991
259700981
991
259700991
991
259701001
991
259701011
991
259701021
991
259701031
991
259701041
991
259701051
991
259701061
991
259701071
991
259701081
991
259701091
991
259701101
991
259701111
991
259701121
991
259701131
991
259701141
991
259701151
991
259701161
991
259701171
991
259701181
991
259701191
991
259701201
991
259701211
991
259701221
991
259701231
991
259701241
991
259701251
991
259701261
991
259701271
991
259701281
991
259701291
991
259701301
991
259701311
991
259701321
991
259701331
991
259701341
991
259701351
991
259701361
991
259701371
991
259701381
991
259701391
991
259701401
991
259701411
991
259701421
991
259701431
991
259701441
991
259701451
991
259701461
991
259701471
991
259701481
991
259701491
991
259701501
991
259701511
991
259701521
991
259701531
991
259701541
991
259701551
991
259701561
991
259701571
991
259701581
991
259701591
991
259701601
991
259701611
991
259701621
991
259701631
991
259701641
991
259701651
991
259701661
991
259701671
991
259701681
991
259701691
991
259701701
991
259701711
991
259701721
991
259701731
991
259701741
991
259701751
991
259701761
991
259701771
991
259701781
991
259701791
991
259701801
991
259701811
991
259701821
991
259701831
991
259701841
991
259701851
991
259701861
991
259701871
991
259701881
991
259701891
991
259701901
991
259701911
991
259701921
991
259701931
991
259701941
991
259701951
991
259701961
991
259701971
991
259701981
991
259701991
991
259702001
991
259702011
991
259702021
991
259702031
991
259702041
991
259702051
991
259702061
991
259702071
991
259702081
991
259702091
991
259702101
991
259702111
991
259702121
991
259702131
991
259702141
991
259702151
991
259702161
991
259702171
991
259702181
991
259702191
991
259702201
991
259702211
991
259702221
991
259702231
991
259702241
991
259702251
991
259702261
991
259702271
991
259702281
991
259702291
991
259702301
991
259702311
991
259702321
991
259702331
991
259702341
991
259702351
991
259702361
991
259702371
991
259702381
991
259702391
991
259702401
991
259702411
991
259702421
991
259702431
991
259702441
991
259702451
991
259702461
991
259702471
991
259702481
991
259702491
991
259702501
991
259702511
991
259702521
991
259702531
991
259702541
991
259702551
991
259702561
991
259702571
991
259702581
991
259702591
991
259702601
991
259702611
991
259702621
991
259702631
991
259702641
991
259702651
991
259702661
991
259702671
991
259702681
991
259702691
991
259702701
991
259702711
991
259702721
991
259702731
991
259702741
991
259702751
991
259702761
991
259702771
991
259702781
991
259706887
991
259706897
991
259706907
991
259706917
991
259706927
991
259706937
991
259706947
991
259706957
991
259706967
991
259706977
991
259706987
991
259706997
991
259707007
991
259707017
991
259707027
991
259707037
991
259707047
991
259707057
991
259707067
991
259707077
991
259707087
991
259707097
991
259707107
991
259707117
991
259707127
991
259707137
991
259707147
991
259707157
991
259707167
991
259707177
991
259707187
991
259707197
991
259707207
991
259707217
991
259707227
991
259707237
991
259707247
991
259707257
991
259707267
991
259707277
991
259707287
991
259707297
991
259707307
991
259707317
991
259707327
991
259707337
991
259707347
991
259707357
991
259707367
991
259707377
991
259707387
991
259707397
991
259707407
991
259707417
991
259707427
991
259707437
991
259707447
991
259707457
991
259707467
991
259707477
991
259707487
991
259707497
991
259707507
991
259707517
991
259707527
991
259707537
991
259707547
991
259707557
991
259707567
991
259707577
991
259707587
991
259707597
991
259707607
991
259707617
991
259707627
991
259707637
991
259707647
991
259707657
991
259707667
991
259707677
991
259707687
991
259707697
991
259707707
991
259707717
991
259707727
991
259707737
991
259707747
991
259707757
991
259707767
991
259707777
991
259707787
991
259707797
991
259707807
991
259707817
991
259707827
991
259707837
991
259707847
991
259707857
991
259707867
991
259707877
991
259707887
991
259707897
991
259707907
991
259707917
991
259707927
991
259707937
991
259707947
991
259707957
991
259707967
991
259707977
991
259707987
991
259707997
991
259708007
991
259708017
991
259708027
991
259708037
991
259708047
991
259708057
991
259708067
991
259708077
991
259708087
991
259708097
991
259708107
991
259708117
991
259708127
991
259708137
991
259708147
991
259708157
991
259708167
991
259708177
991
259708187
991
259708197
991
259708207
991
259708217
991
259708227
991
259708237
991
259708247
991
259708257
991
259708267
991
259708277
991
259708287
991
259708297
991
259708307
991
259708317
991
259708327
991
259708337
991
259708347
991
259708357
991
259708367
991
259708377
991
259708387
991
259708397
991
259708407
991
259708417
991
259708427
991
259708437
991
259708447
991
259708457
991
259708467
991
259708477
991
259708487
991
259708497
991
259708507
991
259708517
991
259708527
991
259708537
991
259708547
991
259708557
991
259708567
991
259708577
991
259708587
991
259708597
991
259708607
991
259708617
991
259708627
991
259708637
991
259708647
991
259708657
991
259708667
991
259708677
991
259708687
991
259708697
991
259708707
991
259708717
991
259708727
991
259708737
991
259708747
991
259708757
991
259708767
991
259708777
991
259708787
991
259708797
991
259708807
991
259708817
991
259708827
991
259708837
991
259708847
991
259708857
991
259708867
991
259708877
991
259708887
991
259708897
991
259708907
991
259708917
991
259708927
991
259708937
991
259708947
991
259708957
991
259708967
991
259708977
991
259708987
991
259708997
991
259709007
991
259709017
991
259709027
991
259709037
991
259709047
991
259709057
991
259709067
991
259709077
991
259709087
991
259709097
991
259709107
991
259709117
991
259709127
991
259709137
991
259709147
991
259709157
991
259709167
991
259709177
991
259709187
991
259709197
991
259709207
991
259709217
991
259709227
991
259709237
991
259709247
991
259709257
991
259709267
991
259709277
991
259709287
991
259709297
991
259709307
991
259709317
991
259709327
991
259709337
991
259709347
991
259709357
991
259709367
991
259709377
991
259709387
991
259709397
991
259709407
991
259709417
991
259709427
991
259709437
991
259709447
991
259709457
991
259709467
991
259709477
991
259709487
991
259709497
991
259709507
991
259709517
991
259709527
991
259709537
991
259709547
991
259709557
991
259709567
991
259709577
991
259709587
991
259709597
991
259709607
991
259709617
991
259709627
991
259709637
991
259709647
991
259709657
991
259709667
991
259709677
991
259709687
991
259709697
991
259709707
991
259709717
991
259709727
991
259709737
991
259709747
991
259709757
991
259709767
991
259709777
991
259709787
991
259709797
991
259709807
991
259709817
991
259709827
991
259709837
991
259709847
991
259709857
991
259709867
991
259709877
991
259709887
991
259709897
991
259709907
991
259709917
991
259709927
991
259709937
991
259709947
991
259709957
991
259709967
991
259709977
991
259709987
991
259709997
991
259710007
991
259710017
991
259710027
991
259710037
991
259710047
991
259710057
991
259710067
991
259710077
991
259710087
991
259710097
991
259710107
991
259710117
991
259710127
991
259710137
991
259710147
991
259710157
991
259710167
991
259710177
991
259710187
991
259710197
991
259710207
991
259710217
991
259710227
991
259710237
991
259710247
991
259710257
991
259710267
991
259710277
991
259710287
991
259710297
991
259710307
991
259710317
991
259710327
991
259710337
991
259710347
991
259710357
991
259710367
991
259710377
991
259710387
991
259710397
991
259710407
991
259710417
991
259710427
991
259710437
991
259710447
991
259710457
991
259710467
991
259710477
991
259710487
991
259710497
991
259710507
991
259710517
991
259710527
991
259710537
991
259710547
991
259710557
991
259710567
991
259710577
991
259710587
991
259710597
991
259710607
991
259710617
991
259710627
991
259710637
991
259710647
991
259710657
991
259710667
991
259710677
991
259710687
991
259710697
991
259710707
991
259710717
991
259710727
991
259710737
991
259710747
991
259710757
991
259710767
991
259710777
991
259710787
991
259710797
991
259710807
991
259710817
991
259710827
991
259710837
991
259710847
991
259710857
991
259710867
991
259710877
991
259710887
991
259710897
991
259710907
991
259710917
991
259710927
991
259710937
991
259710947
991
259710957
991
259710967
991
259743747
991
259743757
991
259743767
991
259743777
991
259743787
991
259743797
991
259743807
991
259743817
991
259743827
991
259743837
991
259743847
991
259743857
991
259743867
991
259743877
991
259743887
991
259743897
991
259743907
991
259743917
991
259743927
991
259743937
991
259743947
991
259743957
991
259743967
991
259743977
991
259743987
991
259743997
991
259744007
991
259744017
991
259744027
991
259744037
991
259744047
991
259744057
991
259744067
991
259744077
991
259744087
991
259744097
991
259744107
991
259744117
991
259744127
991
259744137
991
259744147
991
259744157
991
259744167
991
259744177
991
259744187
991
259744197
991
259744207
991
259744217
991
259744227
991
259744237
991
259744247
991
259744257
991
259744267
991
259744277
991
259744287
991
259744297
991
259744307
991
259744317
991
259744327
991
259744337
991
259744347
991
259744357
991
259744367
991
259744377
991
259744387
991
259744397
991
259744407
991
259744417
991
259744427
991
259744437
991
259744447
991
259744457
991
259744467
991
259744477
991
259744487
991
259744497
991
259744507
991
259744517
991
259744527
991
259744537
991
259744547
991
259744557
991
259744567
991
259744577
991
259744587
991
259744597
991
259744607
991
259744617
991
259744627
991
259744637
991
259744647
991
259744657
991
259744667
991
259744677
991
259744687
991
259744697
991
259744707
991
259744717
991
259744727
991
259744737
991
259744747
991
259744757
991
259744767
991
259744777
991
259744787
991
259744797
991
259744807
991
259744817
991
259744827
991
259744837
991
259744847
991
259744857
991
259744867
991
259744877
991
259744887
991
259744897
991
259744907
991
259744917
991
259744927
991
259744937
991
259744947
991
259744957
991
259744967
991
259744977
991
259744987
991
259744997
991
259745007
991
259745017
991
259745027
991
259745037
991
259745047
991
259745057
991
259745067
991
259745077
991
259745087
991
259745097
991
259745107
991
259745117
991
259745127
991
259745137
991
259745147
991
259745157
991
259745167
991
259745177
991
259745187
991
259745197
991
259745207
991
259745217
991
259745227
991
259745237
991
259745247
991
259745257
991
259745267
991
259745277
991
259745287
991
259745297
991
259745307
991
259745317
991
259745327
991
259745337
991
259745347
991
259745357
991
259745367
991
259745377
991
259745387
991
259745397
991
259745407
991
259745417
991
259745427
991
259745437
991
259745447
991
259745457
991
259745467
991
259745477
991
259745487
991
259745497
991
259745507
991
259745517
991
259745527
991
259745537
991
259745547
991
259745557
991
259745567
991
259745577
991
259745587
991
259745597
991
259745607
991
259745617
991
259745627
991
259745637
991
259745647
991
259745657
991
259745667
991
259745677
991
259745687
991
259745697
991
259745707
991
259745717
991
259745727
991
259745737
991
259745747
991
259745757
991
259745767
991
259745777
991
259745787
991
259745797
991
259745807
991
259745817
991
259745827
991
259745837
991
259745847
991
259745857
991
259745867
991
259745877
991
259745887
991
259745897
991
259745907
991
259745917
991
259745927
991
259745937
991
259745947
991
259745957
991
259745967
991
259745977
991
259745987
991
259745997
991
259746007
991
259746017
991
259746027
991
259746037
991
259746047
991
259746057
991
259746067
991
259746077
991
259746087
991
259746097
991
259746107
991
259746117
991
259746127
991
259746137
991
259746147
991
259746157
991
259746167
991
259746177
991
259746187
991
259746197
991
259746207
991
259746217
991
259746227
991
259746237
991
259746247
991
259746257
991
259746267
991
259746277
991
259746287
991
259746297
991
259746307
991
259746317
991
259746327
991
259746337
991
259746347
991
259746357
991
259746367
991
259746377
991
259746387
991
259746397
991
259746407
991
259746417
991
259746427
991
259746437
991
259746447
991
259746457
991
259746467
991
259746477
991
259746487
991
259746497
991
259746507
991
259746517
991
259746527
991
259746537
991
259746547
991
259746557
991
259746567
991
259746577
991
259746587
991
259746597
991
259746607
991
259746617
991
259746627
991
259746637
991
259746647
991
259746657
991
259746667
991
259746677
991
259746687
991
259746697
991
259746707
991
259746717
991
259746727
991
259746737
991
259746747
991
259746757
991
259746767
991
259746777
991
259746787
991
259746797
991
259746807
991
259746817
991
259746827
991
259746837
991
259746847
991
259746857
991
259746867
991
259746877
991
259746887
991
259746897
991
259746907
991
259746917
991
259746927
991
259746937
991
259746947
991
259746957
991
259746967
991
259746977
991
259746987
991
259746997
991
259747007
991
259747017
991
259747027
991
259747037
991
259747047
991
259747057
991
259747067
991
259747077
991
259747087
991
259747097
991
259747107
991
259747117
991
259747127
991
259747137
991
259747147
991
259747157
991
259747167
991
259747177
991
259747187
991
259747197
991
259747207
991
259747217
991
259747227
991
259747237
991
259747247
991
259747257
991
259747267
991
259747277
991
259747287
991
259747297
991
259747307
991
259747317
991
259747327
991
259747337
991
259747347
991
259747357
991
259747367
991
259747377
991
259747387
991
259747397
991
259747407
991
259747417
991
259747427
991
259747437
991
259747447
991
259747457
991
259747467
991
259747477
991
259747487
991
259747497
991
259747507
991
259747517
991
259747527
991
259747537
991
259747547
991
259747557
991
259747567
991
259747577
991
259747587
991
259747597
991
259747607
991
259747617
991
259747627
991
259747637
991
259747647
991
259747657
991
259747667
991
259747677
991
259747687
991
259747697
991
259747707
991
259747717
991
259747727
991
259747737
991
259747747
991
259747757
991
259747767
991
259747777
991
259747787
991
259747797
991
259747807
991
259747817
991
259747827
991
259747837
991
259604489
991
259604499
991
259604509
991
259604519
991
259604529
991
259604539
991
259604549
991
259604559
991
259604569
991
259604579
991
259604589
991
259604599
991
259604609
991
259604619
991
259604629
991
259604639
991
259604649
991
259604659
991
259604669
991
259604679
991
259604689
991
259604699
991
259604709
991
259604719
991
259604729
991
259604739
991
259604749
991
259604759
991
259604769
991
259604779
991
259604789
991
259604799
991
259604809
991
259604819
991
259604829
991
259604839
991
259604849
991
259604859
991
259604869
991
259604879
991
259604889
991
259604899
991
259604909
991
259604919
991
259604929
991
259604939
991
259604949
991
259604959
991
259604969
991
259604979
991
259604989
991
259604999
991
259605009
991
259605019
991
259605029
991
259605039
991
259605049
991
259605059
991
259605069
991
259605079
991
259605089
991
259605099
991
259605109
991
259605119
991
259605129
991
259605139
991
259605149
991
259605159
991
259605169
991
259605179
991
259605189
991
259605199
991
259605209
991
259605219
991
259605229
991
259605239
991
259605249
991
259605259
991
259605269
991
259605279
991
259605289
991
259605299
991
259605309
991
259605319
991
259605329
991
259605339
991
259605349
991
259605359
991
259605369
991
259605379
991
259605389
991
259605399
991
259605409
991
259605419
991
259605429
991
259605439
991
259605449
991
259605459
991
259605469
991
259605479
991
259605489
991
259605499
991
259605509
991
259605519
991
259605529
991
259605539
991
259605549
991
259605559
991
259605569
991
259605579
991
259605589
991
259605599
991
259605609
991
259605619
991
259605629
991
259605639
991
259605649
991
259605659
991
259605669
991
259605679
991
259605689
991
259605699
991
259605709
991
259605719
991
259605729
991
259605739
991
259605749
991
259605759
991
259605769
991
259605779
991
259605789
991
259605799
991
259605809
991
259605819
991
259605829
991
259605839
991
259605849
991
259605859
991
259605869
991
259605879
991
259605889
991
259605899
991
259605909
991
259605919
991
259605929
991
259605939
991
259605949
991
259605959
991
259605969
991
259605979
991
259605989
991
259605999
991
259606009
991
259606019
991
259606029
991
259606039
991
259606049
991
259606059
991
259606069
991
259606079
991
259606089
991
259606099
991
259606109
991
259606119
991
259606129
991
259606139
991
259606149
991
259606159
991
259606169
991
259606179
991
259606189
991
259606199
991
259606209
991
259606219
991
259606229
991
259606239
991
259606249
991
259606259
991
259606269
991
259606279
991
259606289
991
259606299
991
259606309
991
259606319
991
259606329
991
259606339
991
259606349
991
259606359
991
259606369
991
259606379
991
259606389
991
259606399
991
259606409
991
259606419
991
259606429
991
259606439
991
259606449
991
259606459
991
259606469
991
259606479
991
259606489
991
259606499
991
259606509
991
259606519
991
259606529
991
259606539
991
259606549
991
259606559
991
259606569
991
259606579
991
259606589
991
259606599
991
259606610
991
259606619
991
259606629
991
259606639
991
259606649
991
259606659
991
259606669
991
259606679
991
259606689
991
259606699
991
259606709
991
259606719
991
259606729
991
259606739
991
259606749
991
259606759
991
259606769
991
259606779
991
259606789
991
259606799
991
259606809
991
259606819
991
259606829
991
259606839
991
259606849
991
259606859
991
259606869
991
259606879
991
259606889
991
259606899
991
259606909
991
259606919
991
259606929
991
259606939
991
259606949
991
259606959
991
259606969
991
259606979
991
259606989
991
259606999
991
259607009
991
259607019
991
259607029
991
259607039
991
259607049
991
259607059
991
259607069
991
259607079
991
259607089
991
259607099
991
259607109
991
259607119
991
259607129
991
259607139
991
259607149
991
259607159
991
259607169
991
259607179
991
259607189
991
259607199
991
259607209
991
259607219
991
259607229
991
259607239
991
259607249
991
259607259
991
259607269
991
259607279
991
259607289
991
259607299
991
259607309
991
259607319
991
259607329
991
259607339
991
259607349
991
259607359
991
259607369
991
259607379
991
259607389
991
259607399
991
259607409
991
259607419
991
259607429
991
259607439
991
259607449
991
259607459
991
259607469
991
259607479
991
259607489
991
259607499
991
259607509
991
259607519
991
259607529
991
259607539
991
259607549
991
259607559
991
259607569
991
259607579
991
259607589
991
259607599
991
259607609
991
259607619
991
259607629
991
259607639
991
259607649
991
259607659
991
259607669
991
259607679
991
259607689
991
259607699
991
259607709
991
259607719
991
259607729
991
259607739
991
259607749
991
259607759
991
259607769
991
259607779
991
259607789
991
259607799
991
259607809
991
259607819
991
259607829
991
259607839
991
259607849
991
259607859
991
259607869
991
259607879
991
259607889
991
259607899
991
259607909
991
259607919
991
259607929
991
259607939
991
259607949
991
259607959
991
259607969
991
259607979
991
259607989
991
259607999
991
259608009
991
259608019
991
259608029
991
259608039
991
259608049
991
259608059
991
259608069
991
259608079
991
259608089
991
259608099
991
259608109
991
259608119
991
259608129
991
259608139
991
259608149
991
259608159
991
259608169
991
259608179
991
259608189
991
259608199
991
259608209
991
259608219
991
259608229
991
259608239
991
259608249
991
259608259
991
259608269
991
259608279
991
259608289
991
259608299
991
259608309
991
259608319
991
259608329
991
259608339
991
259608349
991
259608359
991
259608369
991
259608379
991
259608389
991
259608399
991
259608409
991
259608419
991
259608429
991
259608439
991
259608449
991
259608459
991
259608469
991
259608479
991
259608489
991
259608499
991
259608509
991
259608519
991
259608529
991
259608539
991
259608549
991
259608559
991
259608569
991
259760129
991
259760139
991
259760149
991
259760159
991
259760169
991
259760179
991
259760189
991
259760199
991
259760209
991
259760219
991
259760229
991
259760239
991
259760249
991
259760259
991
259760269
991
259760279
991
259760289
991
259760299
991
259760309
991
259760319
991
259760329
991
259760339
991
259760349
991
259760359
991
259760369
991
259760379
991
259760389
991
259760399
991
259760409
991
259760419
991
259760429
991
259760439
991
259760449
991
259760459
991
259760469
991
259760479
991
259760489
991
259760499
991
259760509
991
259760519
991
259760529
991
259760539
991
259760549
991
259760559
991
259760569
991
259760579
991
259760589
991
259760599
991
259760609
991
259760619
991
259760629
991
259760639
991
259760649
991
259760659
991
259760669
991
259760679
991
259760689
991
259760699
991
259760709
991
259760719
991
259760729
991
259760739
991
259760749
991
259760759
991
259760769
991
259760779
991
259760789
991
259760799
991
259760809
991
259760819
991
259760829
991
259760839
991
259760849
991
259760859
991
259760869
991
259760879
991
259760889
991
259760899
991
259760909
991
259760919
991
259760929
991
259760939
991
259760949
991
259760959
991
259760969
991
259760979
991
259760989
991
259760999
991
259761009
991
259761019
991
259761029
991
259761039
991
259761049
991
259761059
991
259761069
991
259761079
991
259761089
991
259761099
991
259761109
991
259761119
991
259761129
991
259761139
991
259761149
991
259761159
991
259761169
991
259761179
991
259761189
991
259761199
991
259761209
991
259761219
991
259761229
991
259761239
991
259761249
991
259761259
991
259761269
991
259761279
991
259761289
991
259761299
991
259761309
991
259761319
991
259761329
991
259761339
991
259761349
991
259761359
991
259761369
991
259761379
991
259761389
991
259761399
991
259761409
991
259761419
991
259761429
991
259761439
991
259761449
991
259761459
991
259761469
991
259761479
991
259761489
991
259761499
991
259761509
991
259761519
991
259761529
991
259761539
991
259761549
991
259761559
991
259761569
991
259761579
991
259761589
991
259761599
991
259761609
991
259761619
991
259761629
991
259761639
991
259761649
991
259761659
991
259761669
991
259761679
991
259761689
991
259761699
991
259761709
991
259761719
991
259761729
991
259761739
991
259761749
991
259761759
991
259761769
991
259761779
991
259761789
991
259761799
991
259761809
991
259761819
991
259761829
991
259761839
991
259761849
991
259761859
991
259761869
991
259761879
991
259761889
991
259761899
991
259761909
991
259761919
991
259761929
991
259761939
991
259761949
991
259761959
991
259761969
991
259761979
991
259761989
991
259761999
991
259762009
991
259762019
991
259762029
991
259762039
991
259762049
991
259762059
991
259762069
991
259762079
991
259762089
991
259762099
991
259762109
991
259762119
991
259762129
991
259762139
991
259762149
991
259762159
991
259762169
991
259762179
991
259762189
991
259762199
991
259762209
991
259762219
991
259762229
991
259762239
991
259762249
991
259762259
991
259762269
991
259762279
991
259762289
991
259762299
991
259762309
991
259762319
991
259762329
991
259762339
991
259762349
991
259762359
991
259762369
991
259762379
991
259762389
991
259762399
991
259762409
991
259762419
991
259762429
991
259762439
991
259762449
991
259762459
991
259762469
991
259762479
991
259762489
991
259762499
991
259762509
991
259762519
991
259762529
991
259762539
991
259762549
991
259762559
991
259762569
991
259762579
991
259762589
991
259762599
991
259762609
991
259762619
991
259762629
991
259762639
991
259762649
991
259762659
991
259762669
991
259762679
991
259762689
991
259762699
991
259762709
991
259762719
991
259762729
991
259762739
991
259762749
991
259762759
991
259762769
991
259762779
991
259762789
991
259762799
991
259762809
991
259762819
991
259762829
991
259762839
991
259762849
991
259762859
991
259762869
991
259762879
991
259762889
991
259762899
991
259762909
991
259762919
991
259762929
991
259762939
991
259762949
991
259762959
991
259762969
991
259762979
991
259762989
991
259762999
991
259763009
991
259763019
991
259763029
991
259763039
991
259763049
991
259763059
991
259763069
991
259763079
991
259763089
991
259763099
991
259763109
991
259763119
991
259763129
991
259763139
991
259763149
991
259763159
991
259763169
991
259763179
991
259763189
991
259763199
991
259763209
991
259763219
991
259763229
991
259763239
991
259763249
991
259763259
991
259763269
991
259763279
991
259763289
991
259763299
991
259763309
991
259763319
991
259763329
991
259763339
991
259763349
991
259763359
991
259763369
991
259763379
991
259763389
991
259763399
991
259763409
991
259763419
991
259763429
991
259763439
991
259763449
991
259763459
991
259763469
991
259763479
991
259763489
991
259763499
991
259763509
991
259763519
991
259763529
991
259763539
991
259763549
991
259763559
991
259763569
991
259763579
991
259763589
991
259763599
991
259763609
991
259763619
991
259763629
991
259763639
991
259763649
991
259763659
991
259763669
991
259763679
991
259763689
991
259763699
991
259763709
991
259763719
991
259763729
991
259763739
991
259763749
991
259763759
991
259763769
991
259763779
991
259763789
991
259763799
991
259763809
991
259763819
991
259763829
991
259763839
991
259763849
991
259763859
991
259763869
991
259763879
991
259763889
991
259763899
991
259763909
991
259763919
991
259763929
991
259763939
991
259763949
991
259763959
991
259763969
991
259763979
991
259763989
991
259763999
991
259764009
991
259764019
991
259764029
991
259764039
991
259764049
991
259764059
991
259764069
991
259764079
991
259764089
991
259764099
991
259764109
991
259764119
991
259764129
991
259764139
991
259764149
991
259764159
991
259764169
991
259764179
991
259764189
991
259764199
991
259764209
991
259764219
991
259571721
991
259571731
991
259571741
991
259571751
991
259571761
991
259571771
991
259571781
991
259571791
991
259571801
991
259571811
991
259571821
991
259571831
991
259571841
991
259571851
991
259571861
991
259571871
991
259571881
991
259571891
991
259571901
991
259571911
991
259571921
991
259571931
991
259571941
991
259571951
991
259571961
991
259571971
991
259571981
991
259571991
991
259572001
991
259572011
991
259572021
991
259572031
991
259572041
991
259572051
991
259572061
991
259572071
991
259572081
991
259572091
991
259572101
991
259572111
991
259572121
991
259572131
991
259572141
991
259572151
991
259572161
991
259572171
991
259572181
991
259572191
991
259572201
991
259572211
991
259572221
991
259572231
991
259572241
991
259572251
991
259572261
991
259572271
991
259572281
991
259572291
991
259572301
991
259572311
991
259572321
991
259572331
991
259572341
991
259572351
991
259572361
991
259572371
991
259572381
991
259572391
991
259572401
991
259572411
991
259572421
991
259572431
991
259572441
991
259572451
991
259572461
991
259572471
991
259572481
991
259572491
991
259572501
991
259572511
991
259572521
991
259572531
991
259572541
991
259572551
991
259572561
991
259572571
991
259572581
991
259572591
991
259572601
991
259572611
991
259572621
991
259572631
991
259572641
991
259572651
991
259572661
991
259572671
991
259572691
991
259572681
991
259572701
991
259572711
991
259572721
991
259572731
991
259572741
991
259572751
991
259572761
991
259572771
991
259572781
991
259572791
991
259572801
991
259572811
991
259572821
991
259572831
991
259572841
991
259572851
991
259572861
991
259572871
991
259572881
991
259572891
991
259572901
991
259572911
991
259572921
991
259572931
991
259572941
991
259572951
991
259572961
991
259572971
991
259572981
991
259572991
991
259573001
991
259573011
991
259573021
991
259573031
991
259573041
991
259573051
991
259573061
991
259573071
991
259573081
991
259573091
991
259573101
991
259573111
991
259573121
991
259573131
991
259573141
991
259573151
991
259573161
991
259573171
991
259573181
991
259573191
991
259573201
991
259573211
991
259573221
991
259573231
991
259573241
991
259573251
991
259573261
991
259573271
991
259573281
991
259573291
991
259573301
991
259573311
991
259573321
991
259573331
991
259573341
991
259573351
991
259573361
991
259573371
991
259573381
991
259573391
991
259573401
991
259573411
991
259573421
991
259573431
991
259573441
991
259573451
991
259573461
991
259573471
991
259573481
991
259573491
991
259573501
991
259573511
991
259573521
991
259573531
991
259573541
991
259573551
991
259573561
991
259573571
991
259573581
991
259573591
991
259573601
991
259573611
991
259573621
991
259573631
991
259573641
991
259573651
991
259573661
991
259573671
991
259573681
991
259573691
991
259573701
991
259573711
991
259573721
991
259573731
991
259573741
991
259573751
991
259573761
991
259573771
991
259573781
991
259573791
991
259573801
991
259573811
991
259573821
991
259573831
991
259573841
991
259573851
991
259573861
991
259573871
991
259573881
991
259573891
991
259573901
991
259573911
991
259573921
991
259573931
991
259573941
991
259573951
991
259573961
991
259573971
991
259573981
991
259573991
991
259574001
991
259574011
991
259574021
991
259574031
991
259574041
991
259574051
991
259574061
991
259574071
991
259574081
991
259574091
991
259574101
991
259574111
991
259574121
991
259574131
991
259574141
991
259574151
991
259574161
991
259574171
991
259574181
991
259574191
991
259574201
991
259574211
991
259574221
991
259574231
991
259574241
991
259574251
991
259574261
991
259574271
991
259574281
991
259574291
991
259574301
991
259574311
991
259574321
991
259574331
991
259574341
991
259574351
991
259574361
991
259574371
991
259574381
991
259574391
991
259574401
991
259574411
991
259574421
991
259574431
991
259574441
991
259574451
991
259574461
991
259574471
991
259574481
991
259574491
991
259574501
991
259574511
991
259574521
991
259574531
991
259574541
991
259574551
991
259574561
991
259574571
991
259574581
991
259574591
991
259574601
991
259574611
991
259574621
991
259574631
991
259574641
991
259574651
991
259574661
991
259574671
991
259574681
991
259574691
991
259574701
991
259574711
991
259574721
991
259574731
991
259574741
991
259574751
991
259574761
991
259574771
991
259574781
991
259574791
991
259574801
991
259574811
991
259574821
991
259574831
991
259574841
991
259574851
991
259574861
991
259574871
991
259574881
991
259574891
991
259574901
991
259574911
991
259574921
991
259574931
991
259574941
991
259574951
991
259574961
991
259574971
991
259574981
991
259574991
991
259575001
991
259575011
991
259575021
991
259575031
991
259575041
991
259575051
991
259575061
991
259575071
991
259575081
991
259575091
991
259575101
991
259575111
991
259575121
991
259575131
991
259575141
991
259575151
991
259575161
991
259575171
991
259575181
991
259575191
991
259575201
991
259575211
991
259575221
991
259575231
991
259575241
991
259575251
991
259575261
991
259575271
991
259575281
991
259575291
991
259575301
991
259575311
991
259575321
991
259575331
991
259575341
991
259575351
991
259575361
991
259575371
991
259575381
991
259575391
991
259575401
991
259575411
991
259575421
991
259575431
991
259575441
991
259575451
991
259575461
991
259575471
991
259575481
991
259575491
991
259575501
991
259575511
991
259575521
991
259575531
991
259575541
991
259575551
991
259575561
991
259575571
991
259575581
991
259575591
991
259575601
991
259575611
991
259575621
991
259575631
991
259575641
991
259575651
991
259575661
991
259575671
991
259575681
991
259575691
991
259575701
991
259575711
991
259575721
991
259575731
991
259575741
991
259575751
991
259575761
991
259575771
991
259575781
991
259575791
991
259575801
991
259747845
991
259747855
991
259747865
991
259747875
991
259747885
991
259747895
991
259747905
991
259747915
991
259747925
991
259747935
991
259747945
991
259747955
991
259747965
991
259747975
991
259747985
991
259747995
991
259748005
991
259748015
991
259748025
991
259748035
991
259748045
991
259748055
991
259748065
991
259748075
991
259748085
991
259748095
991
259748105
991
259748115
991
259748125
991
259748135
991
259748145
991
259748155
991
259748165
991
259748175
991
259748185
991
259748195
991
259748205
991
259748215
991
259748225
991
259748235
991
259748245
991
259748255
991
259748265
991
259748275
991
259748285
991
259748295
991
259748305
991
259748315
991
259748325
991
259748335
991
259748345
991
259748355
991
259748365
991
259748375
991
259748385
991
259748395
991
259748405
991
259748415
991
259748425
991
259748435
991
259748445
991
259748455
991
259748465
991
259748475
991
259748485
991
259748495
991
259748505
991
259748515
991
259748525
991
259748535
991
259748545
991
259748555
991
259748565
991
259748575
991
259748585
991
259748595
991
259748605
991
259748615
991
259748625
991
259748635
991
259748645
991
259748655
991
259748665
991
259748675
991
259748685
991
259748695
991
259748705
991
259748715
991
259748725
991
259748735
991
259748745
991
259748755
991
259748765
991
259748775
991
259748785
991
259748795
991
259748805
991
259748815
991
259748825
991
259748835
991
259748845
991
259748855
991
259748865
991
259748875
991
259748885
991
259748895
991
259748905
991
259748915
991
259748925
991
259748935
991
259748945
991
259748955
991
259748965
991
259748975
991
259748985
991
259748995
991
259749005
991
259749015
991
259749025
991
259749035
991
259749045
991
259749055
991
259749065
991
259749075
991
259749085
991
259749095
991
259749105
991
259749115
991
259749125
991
259749135
991
259749145
991
259749155
991
259749165
991
259749175
991
259749185
991
259749195
991
259749205
991
259749215
991
259749225
991
259749235
991
259749245
991
259749255
991
259749265
991
259749275
991
259749285
991
259749295
991
259749305
991
259749315
991
259749325
991
259749335
991
259749345
991
259749355
991
259749365
991
259749375
991
259749385
991
259749395
991
259749405
991
259749415
991
259749425
991
259749435
991
259749445
991
259749455
991
259749465
991
259749475
991
259749485
991
259749495
991
259749505
991
259749515
991
259749525
991
259749535
991
259749545
991
259749555
991
259749565
991
259749575
991
259749585
991
259749595
991
259749605
991
259749615
991
259749625
991
259749635
991
259749645
991
259749655
991
259749665
991
259749675
991
259749685
991
259749695
991
259749705
991
259749715
991
259749725
991
259749735
991
259749745
991
259749755
991
259749765
991
259749775
991
259749785
991
259749795
991
259749805
991
259749815
991
259749825
991
259749835
991
259749845
991
259749855
991
259749865
991
259749875
991
259749885
991
259749895
991
259749905
991
259749915
991
259749925
991
259749935
991
259749945
991
259749955
991
259749965
991
259749975
991
259749985
991
259749995
991
259750005
991
259750015
991
259750025
991
259750035
991
259750045
991
259750055
991
259750065
991
259750075
991
259750085
991
259750095
991
259750105
991
259750115
991
259750125
991
259750135
991
259750145
991
259750155
991
259750165
991
259750175
991
259750185
991
259750195
991
259750205
991
259750215
991
259750225
991
259750235
991
259750245
991
259750255
991
259750265
991
259750275
991
259750285
991
259750295
991
259750305
991
259750315
991
259750325
991
259750335
991
259750345
991
259750355
991
259750365
991
259750375
991
259750385
991
259750395
991
259750405
991
259750415
991
259750425
991
259750435
991
259750445
991
259750455
991
259750465
991
259750475
991
259750485
991
259750495
991
259750505
991
259750515
991
259750525
991
259750535
991
259750545
991
259750555
991
259750565
991
259750575
991
259750585
991
259750595
991
259750605
991
259750615
991
259750625
991
259750635
991
259750645
991
259750655
991
259750665
991
259750675
991
259750685
991
259750695
991
259750705
991
259750715
991
259750725
991
259750735
991
259750745
991
259750755
991
259750765
991
259750775
991
259750785
991
259750795
991
259750805
991
259750815
991
259750825
991
259750835
991
259750845
991
259750855
991
259750865
991
259750875
991
259750885
991
259750895
991
259750905
991
259750915
991
259750925
991
259750935
991
259750945
991
259750955
991
259750965
991
259750975
991
259750985
991
259750995
991
259751005
991
259751015
991
259751025
991
259751035
991
259751045
991
259751055
991
259751065
991
259751075
991
259751085
991
259751095
991
259751105
991
259751115
991
259751125
991
259751135
991
259751145
991
259751155
991
259751165
991
259751175
991
259751185
991
259751195
991
259751205
991
259751215
991
259751225
991
259751235
991
259751245
991
259751255
991
259751265
991
259751275
991
259751285
991
259751295
991
259751305
991
259751315
991
259751325
991
259751335
991
259751345
991
259751355
991
259751365
991
259751375
991
259751385
991
259751395
991
259751405
991
259751415
991
259751425
991
259751435
991
259751445
991
259751455
991
259751465
991
259751475
991
259751485
991
259751495
991
259751505
991
259751515
991
259751525
991
259751535
991
259751545
991
259751555
991
259751565
991
259751575
991
259751585
991
259751595
991
259751605
991
259751615
991
259751625
991
259751635
991
259751645
991
259751655
991
259751665
991
259751675
991
259751685
991
259751695
991
259751705
991
259751715
991
259751725
991
259751735
991
259751745
991
259751755
991
259751765
991
259751775
991
259751785
991
259751795
991
259751805
991
259751815
991
259751825
991
259751835
991
259751845
991
259751855
991
259751865
991
259751875
991
259751885
991
259751895
991
259751905
991
259751915
991
259751925
991
259751935
991
259661829
991
259661839
991
259661849
991
259661859
991
259661869
991
259661879
991
259661889
991
259661899
991
259661909
991
259661919
991
259661929
991
259661939
991
259661949
991
259661959
991
259661969
991
259661979
991
259661989
991
259661999
991
259662009
991
259662019
991
259662029
991
259662039
991
259662049
991
259662059
991
259662069
991
259662079
991
259662089
991
259662099
991
259662109
991
259662119
991
259662129
991
259662139
991
259662149
991
259662159
991
259662169
991
259662179
991
259662189
991
259662199
991
259662209
991
259662219
991
259662229
991
259662239
991
259662249
991
259662259
991
259662269
991
259662279
991
259662289
991
259662299
991
259662309
991
259662319
991
259662329
991
259662339
991
259662349
991
259662359
991
259662369
991
259662379
991
259662389
991
259662399
991
259662409
991
259662419
991
259662429
991
259662439
991
259662449
991
259662459
991
259662469
991
259662479
991
259662489
991
259662499
991
259662509
991
259662519
991
259662529
991
259662539
991
259662549
991
259662559
991
259662569
991
259662579
991
259662589
991
259662599
991
259662609
991
259662619
991
259662629
991
259662639
991
259662649
991
259662659
991
259662669
991
259662679
991
259662689
991
259662699
991
259662709
991
259662719
991
259662729
991
259662739
991
259662749
991
259662759
991
259662769
991
259662779
991
259662789
991
259662799
991
259662809
991
259662819
991
259662829
991
259662839
991
259662849
991
259662859
991
259662869
991
259662879
991
259662889
991
259662899
991
259662909
991
259662919
991
259662929
991
259662939
991
259662949
991
259662959
991
259662969
991
259662979
991
259662989
991
259662999
991
259663009
991
259663019
991
259663029
991
259663039
991
259663049
991
259663059
991
259663069
991
259663079
991
259663089
991
259663099
991
259663109
991
259663119
991
259663129
991
259663139
991
259663149
991
259663159
991
259663169
991
259663179
991
259663189
991
259663199
991
259663209
991
259663219
991
259663229
991
259663239
991
259663249
991
259663259
991
259663269
991
259663279
991
259663289
991
259663299
991
259663309
991
259663319
991
259663329
991
259663339
991
259663349
991
259663359
991
259663369
991
259663379
991
259663389
991
259663399
991
259663409
991
259663419
991
259663429
991
259663439
991
259663449
991
259663459
991
259663469
991
259663479
991
259663489
991
259663499
991
259663509
991
259663519
991
259663529
991
259663539
991
259663549
991
259663559
991
259663569
991
259663579
991
259663589
991
259663599
991
259663609
991
259663619
991
259663629
991
259663639
991
259663649
991
259663659
991
259663669
991
259663679
991
259663689
991
259663699
991
259663709
991
259663719
991
259663729
991
259663739
991
259663749
991
259663759
991
259663769
991
259663779
991
259663789
991
259663799
991
259663809
991
259663819
991
259663829
991
259663839
991
259663849
991
259663859
991
259663869
991
259663879
991
259663889
991
259663899
991
259663909
991
259663919
991
259663929
991
259663939
991
259663949
991
259663959
991
259663969
991
259663979
991
259663989
991
259663999
991
259664009
991
259664019
991
259664029
991
259664039
991
259664049
991
259664059
991
259664069
991
259664079
991
259664089
991
259664099
991
259664109
991
259664119
991
259664129
991
259664139
991
259664149
991
259664159
991
259664169
991
259664179
991
259664189
991
259664199
991
259664209
991
259664219
991
259664229
991
259664239
991
259664249
991
259664259
991
259664269
991
259664279
991
259664289
991
259664299
991
259664309
991
259664319
991
259664329
991
259664339
991
259664349
991
259664359
991
259664369
991
259664379
991
259664389
991
259664399
991
259664409
991
259664419
991
259664429
991
259664439
991
259664449
991
259664459
991
259664469
991
259664479
991
259664489
991
259664499
991
259664509
991
259664519
991
259664529
991
259664539
991
259664549
991
259664559
991
259664569
991
259664579
991
259664589
991
259664599
991
259664609
991
259664619
991
259664629
991
259664639
991
259664649
991
259664659
991
259664669
991
259664679
991
259664689
991
259664699
991
259664709
991
259664719
991
259664729
991
259664739
991
259664749
991
259664759
991
259664769
991
259664779
991
259664789
991
259664799
991
259664809
991
259664819
991
259664829
991
259664839
991
259664849
991
259664859
991
259664869
991
259664879
991
259664889
991
259664899
991
259664909
991
259664919
991
259664929
991
259664939
991
259664949
991
259664959
991
259664969
991
259664979
991
259664989
991
259664999
991
259665009
991
259665019
991
259665029
991
259665039
991
259665049
991
259665059
991
259665069
991
259665079
991
259665089
991
259665099
991
259665109
991
259665119
991
259665129
991
259665139
991
259665149
991
259665159
991
259665169
991
259665179
991
259665189
991
259665199
991
259665209
991
259665219
991
259665229
991
259665239
991
259665249
991
259665259
991
259665269
991
259665279
991
259665289
991
259665299
991
259665309
991
259665319
991
259665329
991
259665339
991
259665349
991
259665359
991
259665369
991
259665379
991
259665389
991
259665399
991
259665409
991
259665419
991
259665429
991
259665439
991
259665449
991
259665459
991
259665469
991
259665479
991
259665489
991
259665499
991
259665509
991
259665519
991
259665529
991
259665539
991
259665549
991
259665559
991
259665569
991
259665579
991
259665589
991
259665599
991
259665609
991
259665619
991
259665629
991
259665639
991
259665649
991
259665659
991
259665669
991
259665679
991
259665689
991
259665699
991
259665709
991
259665719
991
259665729
991
259665739
991
259665749
991
259665759
991
259665769
991
259665779
991
259665789
991
259665799
991
259665809
991
259665819
991
259665829
991
259665839
991
259665849
991
259665859
991
259665869
991
259665879
991
259665889
991
259665899
991
259665909
991
259665919
991
259522569
991
259522579
991
259522589
991
259522599
991
259522609
991
259522619
991
259522629
991
259522639
991
259522649
991
259522659
991
259522669
991
259522679
991
259522689
991
259522699
991
259522709
991
259522719
991
259522729
991
259522739
991
259522749
991
259522759
991
259522769
991
259522779
991
259522789
991
259522799
991
259522809
991
259522819
991
259522829
991
259522839
991
259522849
991
259522859
991
259522869
991
259522879
991
259522889
991
259522899
991
259522909
991
259522919
991
259522929
991
259522939
991
259522949
991
259522959
991
259522969
991
259522979
991
259522989
991
259522999
991
259523009
991
259523019
991
259523029
991
259523039
991
259523049
991
259523059
991
259523069
991
259523079
991
259523089
991
259523099
991
259523109
991
259523119
991
259523129
991
259523139
991
259523149
991
259523159
991
259523169
991
259523179
991
259523189
991
259523199
991
259523209
991
259523219
991
259523229
991
259523239
991
259523249
991
259523259
991
259523269
991
259523279
991
259523289
991
259523299
991
259523309
991
259523319
991
259523329
991
259523339
991
259523349
991
259523359
991
259523369
991
259523379
991
259523389
991
259523399
991
259523409
991
259523419
991
259523429
991
259523439
991
259523449
991
259523459
991
259523469
991
259523479
991
259523489
991
259523499
991
259523509
991
259523519
991
259523529
991
259523539
991
259523549
991
259523559
991
259523569
991
259523579
991
259523589
991
259523599
991
259523609
991
259523619
991
259523629
991
259523639
991
259523649
991
259523659
991
259523669
991
259523679
991
259523689
991
259523699
991
259523709
991
259523719
991
259523729
991
259523739
991
259523749
991
259523759
991
259523769
991
259523779
991
259523789
991
259523799
991
259523809
991
259523819
991
259523829
991
259523839
991
259523849
991
259523859
991
259523869
991
259523879
991
259523889
991
259523899
991
259523909
991
259523919
991
259523929
991
259523939
991
259523949
991
259523959
991
259523969
991
259523979
991
259523989
991
259523999
991
259524009
991
259524019
991
259524029
991
259524039
991
259524049
991
259524059
991
259524069
991
259524079
991
259524089
991
259524099
991
259524109
991
259524119
991
259524129
991
259524139
991
259524149
991
259524159
991
259524169
991
259524179
991
259524189
991
259524199
991
259524209
991
259524219
991
259524229
991
259524239
991
259524249
991
259524259
991
259524269
991
259524279
991
259524289
991
259524299
991
259524309
991
259524319
991
259524329
991
259524339
991
259524349
991
259524359
991
259524369
991
259524379
991
259524389
991
259524399
991
259524409
991
259524419
991
259524429
991
259524439
991
259524449
991
259524459
991
259524469
991
259524479
991
259524489
991
259524499
991
259524509
991
259524519
991
259524529
991
259524539
991
259524549
991
259524559
991
259524569
991
259524579
991
259524589
991
259524599
991
259524609
991
259524619
991
259524629
991
259524639
991
259524649
991
259524659
991
259524669
991
259524679
991
259524689
991
259524699
991
259524709
991
259524719
991
259524729
991
259524739
991
259524749
991
259524759
991
259524769
991
259524779
991
259524789
991
259524799
991
259524809
991
259524819
991
259524829
991
259524839
991
259524849
991
259524859
991
259524869
991
259524879
991
259524889
991
259524899
991
259524909
991
259524919
991
259524929
991
259524939
991
259524949
991
259524959
991
259524969
991
259524979
991
259524989
991
259524999
991
259525009
991
259525019
991
259525029
991
259525039
991
259525049
991
259525059
991
259525069
991
259525079
991
259525089
991
259525099
991
259525109
991
259525119
991
259525129
991
259525139
991
259525149
991
259525159
991
259525169
991
259525179
991
259525189
991
259525199
991
259525209
991
259525219
991
259525229
991
259525239
991
259525249
991
259525259
991
259525269
991
259525279
991
259525289
991
259525299
991
259525309
991
259525319
991
259525329
991
259525339
991
259525349
991
259525359
991
259525369
991
259525379
991
259525389
991
259525399
991
259525409
991
259525419
991
259525429
991
259525439
991
259525449
991
259525459
991
259525469
991
259525479
991
259525489
991
259525499
991
259525509
991
259525519
991
259525529
991
259525539
991
259525549
991
259525559
991
259525569
991
259525579
991
259525589
991
259525599
991
259525609
991
259525619
991
259525629
991
259525639
991
259525649
991
259525659
991
259525669
991
259525679
991
259525689
991
259525699
991
259525709
991
259525719
991
259525729
991
259525739
991
259525749
991
259525759
991
259525769
991
259525779
991
259525789
991
259525799
991
259525809
991
259525819
991
259525829
991
259525839
991
259525849
991
259525859
991
259525869
991
259525879
991
259525889
991
259525899
991
259525909
991
259525919
991
259525929
991
259525939
991
259525949
991
259525959
991
259525969
991
259525979
991
259525989
991
259525999
991
259526009
991
259526019
991
259526029
991
259526039
991
259526049
991
259526059
991
259526069
991
259526079
991
259526089
991
259526099
991
259526109
991
259526119
991
259526129
991
259526139
991
259526149
991
259526159
991
259526169
991
259526179
991
259526189
991
259526199
991
259526209
991
259526219
991
259526229
991
259526239
991
259526249
991
259526259
991
259526269
991
259526279
991
259526289
991
259526299
991
259526309
991
259526319
991
259526329
991
259526339
991
259526349
991
259526359
991
259526369
991
259526379
991
259526389
991
259526399
991
259526409
991
259526419
991
259526429
991
259526439
991
259526449
991
259526459
991
259526469
991
259526479
991
259526489
991
259526499
991
259526509
991
259526519
991
259526529
991
259526539
991
259526549
991
259526559
991
259526569
991
259526579
991
259526589
991
259526599
991
259526609
991
259526619
991
259526629
991
259526639
991
259526649
991
259600387
991
259600397
991
259600407
991
259600417
991
259600427
991
259600437
991
259600447
991
259600457
991
259600467
991
259600477
991
259600487
991
259600497
991
259600507
991
259600517
991
259600527
991
259600537
991
259600547
991
259600557
991
259600567
991
259600577
991
259600587
991
259600597
991
259600607
991
259600617
991
259600627
991
259600637
991
259600647
991
259600657
991
259600667
991
259600677
991
259600687
991
259600697
991
259600707
991
259600717
991
259600727
991
259600737
991
259600747
991
259600757
991
259600767
991
259600777
991
259600787
991
259600797
991
259600807
991
259600817
991
259600827
991
259600837
991
259600847
991
259600857
991
259600867
991
259600877
991
259600887
991
259600897
991
259600907
991
259600917
991
259600927
991
259600937
991
259600947
991
259600957
991
259600967
991
259600977
991
259600987
991
259600997
991
259601007
991
259601017
991
259601027
991
259601037
991
259601047
991
259601057
991
259601067
991
259601077
991
259601087
991
259601097
991
259601107
991
259601117
991
259601127
991
259601137
991
259601147
991
259601157
991
259601167
991
259601177
991
259601187
991
259601197
991
259601207
991
259601217
991
259601227
991
259601237
991
259601247
991
259601257
991
259601267
991
259601277
991
259601287
991
259601297
991
259601307
991
259601317
991
259601327
991
259601337
991
259601347
991
259601357
991
259601367
991
259601377
991
259601387
991
259601397
991
259601407
991
259601417
991
259601427
991
259601437
991
259601447
991
259601457
991
259601467
991
259601477
991
259601487
991
259601497
991
259601507
991
259601517
991
259601527
991
259601537
991
259601547
991
259601557
991
259601567
991
259601577
991
259601587
991
259601597
991
259601607
991
259601617
991
259601627
991
259601637
991
259601647
991
259601657
991
259601667
991
259601677
991
259601687
991
259601697
991
259601707
991
259601717
991
259601727
991
259601737
991
259601747
991
259601757
991
259601767
991
259601777
991
259601787
991
259601797
991
259601807
991
259601817
991
259601827
991
259601837
991
259601847
991
259601857
991
259601867
991
259601877
991
259601887
991
259601897
991
259601907
991
259601917
991
259601927
991
259601937
991
259601947
991
259601957
991
259601967
991
259601977
991
259601987
991
259601997
991
259602007
991
259602017
991
259602027
991
259602037
991
259602047
991
259602057
991
259602067
991
259602077
991
259602087
991
259602097
991
259602107
991
259602117
991
259602127
991
259602137
991
259602147
991
259602157
991
259602167
991
259602177
991
259602187
991
259602197
991
259602207
991
259602217
991
259602227
991
259602237
991
259602247
991
259602257
991
259602267
991
259602277
991
259602287
991
259602297
991
259602307
991
259602317
991
259602327
991
259602337
991
259602347
991
259602357
991
259602367
991
259602377
991
259602387
991
259602397
991
259602407
991
259602417
991
259602427
991
259602437
991
259602447
991
259602457
991
259602467
991
259602477
991
259602487
991
259602497
991
259602507
991
259602517
991
259602527
991
259602537
991
259602547
991
259602557
991
259602567
991
259602577
991
259602587
991
259602597
991
259602607
991
259602617
991
259602627
991
259602637
991
259602647
991
259602657
991
259602667
991
259602677
991
259602687
991
259602697
991
259602707
991
259602717
991
259602727
991
259602737
991
259602747
991
259602757
991
259602767
991
259602777
991
259602787
991
259602797
991
259602807
991
259602817
991
259602827
991
259602837
991
259602847
991
259602857
991
259602867
991
259602877
991
259602887
991
259602897
991
259602907
991
259602917
991
259602927
991
259602937
991
259602947
991
259602957
991
259602967
991
259602977
991
259602987
991
259602997
991
259603007
991
259603017
991
259603027
991
259603037
991
259603047
991
259603057
991
259603067
991
259603077
991
259603087
991
259603097
991
259603107
991
259603117
991
259603127
991
259603137
991
259603147
991
259603157
991
259603167
991
259603177
991
259603187
991
259603197
991
259603207
991
259603217
991
259603227
991
259603237
991
259603247
991
259603257
991
259603267
991
259603277
991
259603287
991
259603297
991
259603307
991
259603317
991
259603327
991
259603337
991
259603347
991
259603357
991
259603367
991
259603377
991
259603387
991
259603397
991
259603407
991
259603417
991
259603427
991
259603437
991
259603447
991
259603457
991
259603467
991
259603477
991
259603487
991
259603497
991
259603507
991
259603517
991
259603527
991
259603537
991
259603547
991
259603557
991
259603567
991
259603577
991
259603587
991
259603597
991
259603607
991
259603617
991
259603627
991
259603637
991
259603647
991
259603657
991
259603667
991
259603677
991
259603687
991
259603697
991
259603707
991
259603717
991
259603727
991
259603737
991
259603747
991
259603757
991
259603767
991
259603777
991
259603787
991
259603797
991
259603807
991
259603817
991
259603827
991
259603837
991
259603847
991
259603857
991
259603867
991
259603877
991
259603887
991
259603897
991
259603907
991
259603917
991
259603927
991
259603937
991
259603947
991
259603957
991
259603967
991
259603977
991
259603987
991
259603997
991
259604007
991
259604017
991
259604027
991
259604037
991
259604047
991
259604057
991
259604067
991
259604077
991
259604087
991
259604097
991
259604107
991
259604117
991
259604127
991
259604137
991
259604147
991
259604157
991
259604167
991
259604177
991
259604187
991
259604197
991
259604207
991
259604217
991
259604227
991
259604237
991
259604247
991
259604257
991
259604267
991
259604277
991
259604287
991
259604297
991
259604307
991
259604317
991
259604327
991
259604337
991
259604347
991
259604357
991
259604367
991
259604377
991
259604387
991
259604397
991
259604407
991
259604417
991
259604427
991
259604437
991
259604447
991
259604457
991
259604467
991
259604477
991
259624967
991
259624977
991
259624987
991
259624997
991
259625007
991
259625017
991
259625027
991
259625037
991
259625047
991
259625057
991
259625067
991
259625077
991
259625087
991
259625097
991
259625107
991
259625117
991
259625127
991
259625137
991
259625147
991
259625157
991
259625167
991
259625177
991
259625187
991
259625197
991
259625207
991
259625217
991
259625227
991
259625237
991
259625247
991
259625257
991
259625267
991
259625277
991
259625287
991
259625297
991
259625307
991
259625317
991
259625327
991
259625337
991
259625347
991
259625357
991
259625367
991
259625377
991
259625387
991
259625397
991
259625407
991
259625417
991
259625427
991
259625437
991
259625447
991
259625457
991
259625467
991
259625477
991
259625487
991
259625497
991
259625507
991
259625517
991
259625527
991
259625537
991
259625547
991
259625557
991
259625567
991
259625577
991
259625587
991
259625597
991
259625607
991
259625617
991
259625627
991
259625637
991
259625647
991
259625657
991
259625667
991
259625677
991
259625687
991
259625697
991
259625707
991
259625717
991
259625727
991
259625737
991
259625747
991
259625757
991
259625767
991
259625777
991
259625787
991
259625797
991
259625807
991
259625817
991
259625827
991
259625837
991
259625847
991
259625857
991
259625867
991
259625877
991
259625887
991
259625897
991
259625907
991
259625917
991
259625927
991
259625937
991
259625947
991
259625957
991
259625967
991
259625977
991
259625987
991
259625997
991
259626007
991
259626017
991
259626027
991
259626037
991
259626047
991
259626057
991
259626067
991
259626077
991
259626087
991
259626097
991
259626107
991
259626117
991
259626127
991
259626137
991
259626147
991
259626157
991
259626167
991
259626177
991
259626187
991
259626197
991
259626207
991
259626217
991
259626227
991
259626237
991
259626247
991
259626257
991
259626267
991
259626277
991
259626287
991
259626297
991
259626307
991
259626317
991
259626327
991
259626337
991
259626347
991
259626357
991
259626367
991
259626377
991
259626387
991
259626397
991
259626407
991
259626417
991
259626427
991
259626437
991
259626447
991
259626457
991
259626467
991
259626477
991
259626487
991
259626497
991
259626507
991
259626517
991
259626527
991
259626537
991
259626547
991
259626557
991
259626567
991
259626577
991
259626587
991
259626597
991
259626607
991
259626617
991
259626627
991
259626637
991
259626647
991
259626657
991
259626667
991
259626677
991
259626687
991
259626697
991
259626707
991
259626717
991
259626727
991
259626737
991
259626747
991
259626757
991
259626767
991
259626777
991
259626787
991
259626797
991
259626807
991
259626817
991
259626827
991
259626837
991
259626847
991
259626857
991
259626867
991
259626877
991
259626887
991
259626897
991
259626907
991
259626917
991
259626927
991
259626937
991
259626947
991
259626957
991
259626967
991
259626977
991
259626987
991
259626997
991
259627007
991
259627017
991
259627027
991
259627037
991
259627047
991
259627057
991
259627067
991
259627077
991
259627087
991
259627097
991
259627107
991
259627117
991
259627127
991
259627137
991
259627147
991
259627157
991
259627167
991
259627177
991
259627187
991
259627197
991
259627207
991
259627217
991
259627227
991
259627237
991
259627247
991
259627257
991
259627267
991
259627277
991
259627287
991
259627297
991
259627307
991
259627317
991
259627327
991
259627337
991
259627347
991
259627357
991
259627367
991
259627377
991
259627387
991
259627397
991
259627407
991
259627417
991
259627427
991
259627437
991
259627447
991
259627457
991
259627467
991
259627477
991
259627487
991
259627497
991
259627507
991
259627517
991
259627527
991
259627537
991
259627547
991
259627557
991
259627567
991
259627577
991
259627587
991
259627597
991
259627607
991
259627617
991
259627627
991
259627637
991
259627647
991
259627657
991
259627667
991
259627677
991
259627687
991
259627697
991
259627707
991
259627717
991
259627727
991
259627737
991
259627747
991
259627757
991
259627767
991
259627777
991
259627787
991
259627797
991
259627807
991
259627817
991
259627827
991
259627837
991
259627847
991
259627857
991
259627867
991
259627877
991
259627887
991
259627897
991
259627907
991
259627917
991
259627927
991
259627937
991
259627947
991
259627957
991
259627967
991
259627977
991
259627987
991
259627997
991
259628007
991
259628017
991
259628027
991
259628037
991
259628047
991
259628057
991
259628067
991
259628077
991
259628087
991
259628097
991
259628107
991
259628117
991
259628127
991
259628137
991
259628147
991
259628157
991
259628167
991
259628177
991
259628187
991
259628197
991
259628207
991
259628217
991
259628227
991
259628237
991
259628247
991
259628257
991
259628267
991
259628277
991
259628287
991
259628297
991
259628307
991
259628317
991
259628327
991
259628337
991
259628347
991
259628357
991
259628367
991
259628377
991
259628387
991
259628397
991
259628407
991
259628417
991
259628427
991
259628437
991
259628447
991
259628457
991
259628467
991
259628477
991
259628487
991
259628497
991
259628507
991
259628517
991
259628527
991
259628537
991
259628547
991
259628557
991
259628567
991
259628577
991
259628587
991
259628597
991
259628607
991
259628617
991
259628627
991
259628637
991
259628647
991
259628657
991
259628667
991
259628677
991
259628687
991
259628697
991
259628707
991
259628717
991
259628727
991
259628737
991
259628747
991
259628757
991
259628767
991
259628777
991
259628787
991
259628797
991
259628807
991
259628817
991
259628827
991
259628837
991
259628847
991
259628857
991
259628867
991
259628877
991
259628887
991
259628897
991
259628907
991
259628917
991
259628927
991
259628937
991
259628947
991
259628957
991
259628967
991
259628977
991
259628987
991
259628997
991
259629007
991
259629017
991
259629027
991
259629037
991
259629047
991
259555331
991
259555341
991
259555351
991
259555361
991
259555371
991
259555381
991
259555391
991
259555401
991
259555411
991
259555421
991
259555431
991
259555441
991
259555451
991
259555461
991
259555471
991
259555481
991
259555491
991
259555501
991
259555511
991
259555521
991
259555531
991
259555541
991
259555551
991
259555561
991
259555571
991
259555581
991
259555591
991
259555601
991
259555611
991
259555621
991
259555631
991
259555641
991
259555651
991
259555661
991
259555671
991
259555681
991
259555691
991
259555701
991
259555711
991
259555721
991
259555731
991
259555741
991
259555751
991
259555761
991
259555771
991
259555781
991
259555791
991
259555801
991
259555811
991
259555821
991
259555831
991
259555841
991
259555851
991
259555861
991
259555871
991
259555881
991
259555891
991
259555901
991
259555911
991
259555921
991
259555931
991
259555941
991
259555951
991
259555961
991
259555971
991
259555981
991
259555991
991
259556001
991
259556011
991
259556021
991
259556031
991
259556041
991
259556051
991
259556061
991
259556071
991
259556081
991
259556091
991
259556101
991
259556111
991
259556121
991
259556131
991
259556141
991
259556151
991
259556161
991
259556171
991
259556181
991
259556191
991
259556201
991
259556211
991
259556221
991
259556231
991
259556241
991
259556251
991
259556261
991
259556271
991
259556281
991
259556291
991
259556301
991
259556311
991
259556321
991
259556331
991
259556341
991
259556351
991
259556361
991
259556371
991
259556381
991
259556391
991
259556401
991
259556411
991
259556421
991
259556431
991
259556441
991
259556451
991
259556461
991
259556471
991
259556481
991
259556491
991
259556501
991
259556511
991
259556521
991
259556531
991
259556541
991
259556551
991
259556561
991
259556571
991
259556581
991
259556591
991
259556601
991
259556611
991
259556621
991
259556631
991
259556641
991
259556651
991
259556661
991
259556671
991
259556681
991
259556691
991
259556701
991
259556711
991
259556721
991
259556731
991
259556741
991
259556751
991
259556761
991
259556771
991
259556781
991
259556791
991
259556801
991
259556811
991
259556821
991
259556831
991
259556841
991
259556851
991
259556861
991
259556871
991
259556881
991
259556891
991
259556901
991
259556911
991
259556921
991
259556931
991
259556941
991
259556951
991
259556961
991
259556971
991
259556981
991
259556991
991
259557001
991
259557011
991
259557021
991
259557031
991
259557041
991
259557051
991
259557061
991
259557071
991
259557081
991
259557091
991
259557101
991
259557111
991
259557121
991
259557131
991
259557141
991
259557151
991
259557161
991
259557171
991
259557181
991
259557191
991
259557201
991
259557211
991
259557221
991
259557231
991
259557241
991
259557251
991
259557261
991
259557271
991
259557281
991
259557291
991
259557301
991
259557311
991
259557321
991
259557331
991
259557341
991
259557351
991
259557361
991
259557371
991
259557381
991
259557391
991
259557401
991
259557411
991
259557421
991
259557431
991
259557441
991
259557451
991
259557461
991
259557471
991
259557481
991
259557491
991
259557501
991
259557511
991
259557521
991
259557531
991
259557541
991
259557551
991
259557561
991
259557571
991
259557581
991
259557591
991
259557601
991
259557611
991
259557621
991
259557631
991
259557641
991
259557651
991
259557661
991
259557671
991
259557681
991
259557691
991
259557701
991
259557711
991
259557721
991
259557731
991
259557741
991
259557751
991
259557761
991
259557771
991
259557781
991
259557791
991
259557801
991
259557811
991
259557821
991
259557831
991
259557841
991
259557851
991
259557861
991
259557871
991
259557881
991
259557891
991
259557901
991
259557911
991
259557921
991
259557931
991
259557941
991
259557951
991
259557961
991
259557971
991
259557981
991
259557991
991
259558001
991
259558011
991
259558021
991
259558031
991
259558041
991
259558051
991
259558061
991
259558071
991
259558081
991
259558091
991
259558101
991
259558111
991
259558121
991
259558131
991
259558141
991
259558151
991
259558161
991
259558171
991
259558181
991
259558191
991
259558201
991
259558211
991
259558221
991
259558231
991
259558241
991
259558251
991
259558261
991
259558271
991
259558281
991
259558291
991
259558301
991
259558311
991
259558321
991
259558331
991
259558341
991
259558351
991
259558361
991
259558371
991
259558381
991
259558391
991
259558401
991
259558411
991
259558421
991
259558431
991
259558441
991
259558451
991
259558461
991
259558471
991
259558481
991
259558491
991
259558501
991
259558511
991
259558521
991
259558531
991
259558541
991
259558551
991
259558561
991
259558571
991
259558581
991
259558591
991
259558601
991
259558611
991
259558621
991
259558631
991
259558641
991
259558651
991
259558661
991
259558671
991
259558681
991
259558691
991
259558701
991
259558711
991
259558721
991
259558731
991
259558741
991
259558751
991
259558761
991
259558771
991
259558781
991
259558791
991
259558801
991
259558811
991
259558821
991
259558831
991
259558841
991
259558851
991
259558861
991
259558871
991
259558881
991
259558891
991
259558901
991
259558911
991
259558921
991
259558931
991
259558941
991
259558951
991
259558961
991
259558971
991
259558981
991
259558991
991
259559001
991
259559011
991
259559021
991
259559031
991
259559041
991
259559051
991
259559061
991
259559071
991
259559081
991
259559091
991
259559101
991
259559111
991
259559121
991
259559131
991
259559141
991
259559151
991
259559161
991
259559171
991
259559181
991
259559191
991
259559201
991
259559211
991
259559221
991
259559231
991
259559241
991
259559251
991
259559261
991
259559271
991
259559281
991
259559291
991
259559301
991
259559311
991
259559321
991
259559331
991
259559341
991
259559351
991
259559361
991
259559371
991
259559381
991
259559391
991
259559401
991
259559411
991
259559421
991
259588101
991
259588111
991
259588121
991
259588131
991
259588141
991
259588151
991
259588161
991
259588171
991
259588181
991
259588191
991
259588201
991
259588211
991
259588221
991
259588231
991
259588241
991
259588251
991
259588261
991
259588271
991
259588281
991
259588291
991
259588301
991
259588311
991
259588321
991
259588331
991
259588341
991
259588351
991
259588361
991
259588371
991
259588381
991
259588391
991
259588401
991
259588411
991
259588421
991
259588431
991
259588441
991
259588451
991
259588461
991
259588471
991
259588481
991
259588491
991
259588501
991
259588511
991
259588521
991
259588531
991
259588541
991
259588550
991
259588561
991
259588571
991
259588581
991
259588591
991
259588601
991
259588611
991
259588621
991
259588631
991
259588641
991
259588651
991
259588661
991
259588671
991
259588681
991
259588691
991
259588701
991
259588711
991
259588721
991
259588731
991
259588741
991
259588751
991
259588761
991
259588771
991
259588781
991
259588791
991
259588801
991
259588811
991
259588821
991
259588831
991
259588841
991
259588851
991
259588861
991
259588871
991
259588881
991
259588891
991
259588901
991
259588911
991
259588921
991
259588931
991
259588941
991
259588951
991
259588961
991
259588971
991
259588981
991
259588991
991
259589001
991
259589011
991
259589021
991
259589031
991
259589041
991
259589051
991
259589061
991
259589071
991
259589081
991
259589091
991
259589101
991
259589111
991
259589121
991
259589131
991
259589141
991
259589151
991
259589161
991
259589171
991
259589181
991
259589191
991
259589201
991
259589211
991
259589221
991
259589231
991
259589241
991
259589251
991
259589261
991
259589271
991
259589281
991
259589291
991
259589301
991
259589311
991
259589321
991
259589331
991
259589341
991
259589351
991
259589361
991
259589371
991
259589381
991
259589391
991
259589401
991
259589411
991
259589421
991
259589431
991
259589441
991
259589451
991
259589461
991
259589471
991
259589481
991
259589491
991
259589501
991
259589511
991
259589521
991
259589531
991
259589541
991
259589551
991
259589561
991
259589571
991
259589581
991
259589591
991
259589601
991
259589611
991
259589621
991
259589631
991
259589641
991
259589651
991
259589661
991
259589671
991
259589681
991
259589691
991
259589701
991
259589711
991
259589721
991
259589731
991
259589741
991
259589751
991
259589761
991
259589771
991
259589781
991
259589791
991
259589801
991
259589811
991
259589821
991
259589831
991
259589841
991
259589851
991
259589861
991
259589871
991
259589881
991
259589891
991
259589901
991
259589911
991
259589921
991
259589931
991
259589941
991
259589951
991
259589961
991
259589971
991
259589981
991
259589991
991
259590001
991
259590011
991
259590021
991
259590031
991
259590041
991
259590051
991
259590061
991
259590071
991
259590081
991
259590091
991
259590101
991
259590111
991
259590121
991
259590131
991
259590141
991
259590151
991
259590161
991
259590171
991
259590181
991
259590191
991
259590201
991
259590211
991
259590221
991
259590231
991
259590241
991
259590251
991
259590261
991
259590271
991
259590281
991
259590291
991
259590301
991
259590311
991
259590321
991
259590331
991
259590341
991
259590351
991
259590361
991
259590371
991
259590381
991
259590391
991
259590401
991
259590411
991
259590421
991
259590431
991
259590441
991
259590451
991
259590461
991
259590471
991
259590481
991
259590491
991
259590501
991
259590511
991
259590521
991
259590531
991
259590541
991
259590551
991
259590561
991
259590571
991
259590581
991
259590591
991
259590601
991
259590611
991
259590621
991
259590631
991
259590641
991
259590651
991
259590661
991
259590671
991
259590681
991
259590691
991
259590701
991
259590711
991
259590721
991
259590731
991
259590741
991
259590751
991
259590761
991
259590771
991
259590781
991
259590791
991
259590801
991
259590811
991
259590821
991
259590831
991
259590841
991
259590851
991
259590861
991
259590871
991
259590881
991
259590891
991
259590901
991
259590911
991
259590921
991
259590931
991
259590941
991
259590951
991
259590961
991
259590971
991
259590981
991
259590991
991
259591001
991
259591011
991
259591021
991
259591031
991
259591041
991
259591051
991
259591061
991
259591071
991
259591081
991
259591091
991
259591101
991
259591111
991
259591121
991
259591131
991
259591141
991
259591151
991
259591161
991
259591171
991
259591181
991
259591191
991
259591201
991
259591211
991
259591221
991
259591231
991
259591241
991
259591251
991
259591261
991
259591271
991
259591281
991
259591291
991
259591301
991
259591311
991
259591321
991
259591331
991
259591341
991
259591351
991
259591361
991
259591371
991
259591381
991
259591391
991
259591401
991
259591411
991
259591421
991
259591431
991
259591441
991
259591451
991
259591461
991
259591471
991
259591481
991
259591491
991
259591501
991
259591511
991
259591521
991
259591531
991
259591541
991
259591551
991
259591561
991
259591571
991
259591581
991
259591591
991
259591601
991
259591611
991
259591621
991
259591631
991
259591641
991
259591651
991
259591661
991
259591671
991
259591681
991
259591691
991
259591701
991
259591711
991
259591721
991
259591731
991
259591741
991
259591751
991
259591761
991
259591771
991
259591781
991
259591791
991
259591801
991
259591811
991
259591821
991
259591831
991
259591841
991
259591851
991
259591861
991
259591871
991
259591881
991
259591891
991
259591901
991
259591911
991
259591921
991
259591931
991
259591941
991
259591951
991
259591961
991
259591971
991
259591981
991
259591991
991
259592001
991
259592011
991
259592021
991
259592031
991
259592041
991
259592051
991
259592061
991
259592071
991
259592081
991
259592091
991
259592101
991
259592111
991
259592121
991
259592131
991
259592141
991
259592151
991
259592161
991
259592171
991
259592181
991
259592191
991
259739657
991
259739667
991
259739677
991
259739687
991
259739697
991
259739707
991
259739717
991
259739727
991
259739737
991
259739747
991
259739757
991
259739767
991
259739777
991
259739787
991
259739797
991
259739807
991
259739817
991
259739827
991
259739837
991
259739847
991
259739857
991
259739867
991
259739877
991
259739887
991
259739897
991
259739907
991
259739917
991
259739927
991
259739937
991
259739947
991
259739957
991
259739967
991
259739977
991
259739987
991
259739997
991
259740007
991
259740017
991
259740027
991
259740037
991
259740047
991
259740057
991
259740067
991
259740077
991
259740087
991
259740097
991
259740107
991
259740117
991
259740127
991
259740137
991
259740147
991
259740157
991
259740167
991
259740177
991
259740187
991
259740197
991
259740207
991
259740217
991
259740227
991
259740237
991
259740247
991
259740257
991
259740267
991
259740277
991
259740287
991
259740297
991
259740307
991
259740317
991
259740327
991
259740337
991
259740347
991
259740357
991
259740367
991
259740377
991
259740387
991
259740397
991
259740407
991
259740417
991
259740427
991
259740437
991
259740447
991
259740457
991
259740467
991
259740477
991
259740487
991
259740497
991
259740507
991
259740517
991
259740527
991
259740537
991
259740547
991
259740567
991
259740557
991
259740577
991
259740587
991
259740597
991
259740607
991
259740617
991
259740627
991
259740637
991
259740647
991
259740657
991
259740667
991
259740677
991
259740687
991
259740697
991
259740707
991
259740717
991
259740727
991
259740737
991
259740747
991
259740757
991
259740767
991
259740777
991
259740787
991
259740797
991
259740807
991
259740817
991
259740827
991
259740837
991
259740847
991
259740857
991
259740867
991
259740877
991
259740887
991
259740897
991
259740907
991
259740917
991
259740927
991
259740937
991
259740947
991
259740957
991
259740967
991
259740977
991
259740987
991
259740997
991
259741007
991
259741017
991
259741027
991
259741037
991
259741047
991
259741057
991
259741067
991
259741077
991
259741087
991
259741097
991
259741107
991
259741117
991
259741127
991
259741137
991
259741147
991
259741157
991
259741167
991
259741177
991
259741187
991
259741197
991
259741207
991
259741217
991
259741227
991
259741237
991
259741247
991
259741257
991
259741267
991
259741277
991
259741287
991
259741297
991
259741307
991
259741317
991
259741327
991
259741337
991
259741347
991
259741357
991
259741367
991
259741377
991
259741387
991
259741397
991
259741407
991
259741417
991
259741427
991
259741437
991
259741447
991
259741457
991
259741467
991
259741477
991
259741487
991
259741497
991
259741507
991
259741517
991
259741527
991
259741537
991
259741547
991
259741557
991
259741567
991
259741577
991
259741587
991
259741597
991
259741607
991
259741617
991
259741627
991
259741637
991
259741647
991
259741657
991
259741667
991
259741677
991
259741687
991
259741697
991
259741707
991
259741717
991
259741727
991
259741737
991
259741747
991
259741757
991
259741767
991
259741777
991
259741787
991
259741797
991
259741807
991
259741817
991
259741827
991
259741837
991
259741847
991
259741857
991
259741867
991
259741877
991
259741887
991
259741897
991
259741907
991
259741917
991
259741927
991
259741937
991
259741947
991
259741957
991
259741967
991
259741977
991
259741987
991
259741997
991
259742007
991
259742017
991
259742027
991
259742037
991
259742047
991
259742057
991
259742067
991
259742077
991
259742087
991
259742097
991
259742107
991
259742117
991
259742127
991
259742137
991
259742147
991
259742157
991
259742167
991
259742177
991
259742187
991
259742197
991
259742207
991
259742217
991
259742227
991
259742237
991
259742247
991
259742257
991
259742267
991
259742277
991
259742287
991
259742297
991
259742307
991
259742317
991
259742327
991
259742337
991
259742347
991
259742357
991
259742367
991
259742377
991
259742387
991
259742397
991
259742407
991
259742417
991
259742427
991
259742437
991
259742447
991
259742457
991
259742467
991
259742477
991
259742487
991
259742497
991
259742507
991
259742517
991
259742527
991
259742537
991
259742547
991
259742557
991
259742567
991
259742577
991
259742587
991
259742597
991
259742607
991
259742617
991
259742627
991
259742637
991
259742647
991
259742657
991
259742667
991
259742677
991
259742687
991
259742697
991
259742707
991
259742717
991
259742727
991
259742737
991
259742747
991
259742757
991
259742767
991
259742777
991
259742787
991
259742797
991
259742807
991
259742817
991
259742827
991
259742837
991
259742847
991
259742857
991
259742867
991
259742877
991
259742887
991
259742897
991
259742907
991
259742917
991
259742927
991
259742937
991
259742947
991
259742957
991
259742967
991
259742977
991
259742987
991
259742997
991
259743007
991
259743017
991
259743027
991
259743037
991
259743047
991
259743057
991
259743067
991
259743077
991
259743087
991
259743097
991
259743107
991
259743117
991
259743127
991
259743137
991
259743147
991
259743157
991
259743167
991
259743177
991
259743187
991
259743197
991
259743207
991
259743217
991
259743227
991
259743237
991
259743247
991
259743257
991
259743267
991
259743277
991
259743287
991
259743297
991
259743307
991
259743317
991
259743327
991
259743337
991
259743347
991
259743357
991
259743367
991
259743377
991
259743387
991
259743397
991
259743407
991
259743417
991
259743427
991
259743437
991
259743447
991
259743457
991
259743467
991
259743477
991
259743487
991
259743497
991
259743507
991
259743517
991
259743527
991
259743537
991
259743547
991
259743557
991
259743567
991
259743577
991
259743587
991
259743597
991
259743607
991
259743617
991
259743627
991
259743637
991
259743647
991
259743657
991
259743667
991
259743677
991
259743687
991
259743697
991
259743707
991
259743717
991
259743727
991
259743737
991
259751939
991
259751949
991
259751959
991
259751969
991
259751979
991
259751989
991
259751999
991
259752009
991
259752019
991
259752029
991
259752039
991
259752049
991
259752059
991
259752069
991
259752079
991
259752089
991
259752099
991
259752109
991
259752119
991
259752129
991
259752139
991
259752149
991
259752159
991
259752169
991
259752179
991
259752189
991
259752199
991
259752209
991
259752219
991
259752229
991
259752239
991
259752249
991
259752259
991
259752269
991
259752279
991
259752289
991
259752299
991
259752309
991
259752319
991
259752329
991
259752339
991
259752349
991
259752359
991
259752369
991
259752379
991
259752389
991
259752399
991
259752409
991
259752419
991
259752429
991
259752439
991
259752449
991
259752459
991
259752469
991
259752479
991
259752489
991
259752499
991
259752509
991
259752519
991
259752529
991
259752539
991
259752549
991
259752559
991
259752569
991
259752579
991
259752589
991
259752599
991
259752609
991
259752619
991
259752629
991
259752639
991
259752649
991
259752659
991
259752669
991
259752679
991
259752689
991
259752699
991
259752709
991
259752719
991
259752729
991
259752739
991
259752749
991
259752759
991
259752769
991
259752779
991
259752789
991
259752799
991
259752809
991
259752819
991
259752829
991
259752839
991
259752849
991
259752859
991
259752869
991
259752879
991
259752889
991
259752899
991
259752909
991
259752919
991
259752929
991
259752939
991
259752949
991
259752959
991
259752969
991
259752979
991
259752989
991
259752999
991
259753009
991
259753019
991
259753029
991
259753039
991
259753049
991
259753059
991
259753069
991
259753079
991
259753089
991
259753099
991
259753109
991
259753119
991
259753129
991
259753139
991
259753149
991
259753159
991
259753169
991
259753179
991
259753189
991
259753199
991
259753209
991
259753219
991
259753229
991
259753239
991
259753249
991
259753259
991
259753269
991
259753279
991
259753289
991
259753299
991
259753309
991
259753319
991
259753329
991
259753339
991
259753349
991
259753359
991
259753369
991
259753379
991
259753389
991
259753399
991
259753409
991
259753419
991
259753429
991
259753439
991
259753449
991
259753459
991
259753469
991
259753479
991
259753489
991
259753499
991
259753509
991
259753519
991
259753529
991
259753539
991
259753549
991
259753559
991
259753569
991
259753579
991
259753589
991
259753599
991
259753609
991
259753619
991
259753629
991
259753639
991
259753649
991
259753659
991
259753669
991
259753679
991
259753689
991
259753699
991
259753709
991
259753719
991
259753729
991
259753739
991
259753749
991
259753759
991
259753769
991
259753779
991
259753789
991
259753799
991
259753809
991
259753819
991
259753829
991
259753839
991
259753849
991
259753859
991
259753869
991
259753879
991
259753889
991
259753899
991
259753909
991
259753919
991
259753929
991
259753939
991
259753949
991
259753959
991
259753969
991
259753979
991
259753989
991
259753999
991
259754009
991
259754019
991
259754029
991
259754039
991
259754049
991
259754059
991
259754069
991
259754079
991
259754089
991
259754099
991
259754109
991
259754119
991
259754129
991
259754139
991
259754149
991
259754159
991
259754169
991
259754179
991
259754189
991
259754199
991
259754209
991
259754219
991
259754229
991
259754239
991
259754249
991
259754259
991
259754269
991
259754279
991
259754289
991
259754299
991
259754309
991
259754319
991
259754329
991
259754339
991
259754349
991
259754359
991
259754369
991
259754379
991
259754389
991
259754399
991
259754409
991
259754419
991
259754429
991
259754439
991
259754449
991
259754459
991
259754469
991
259754479
991
259754489
991
259754499
991
259754509
991
259754519
991
259754529
991
259754539
991
259754549
991
259754559
991
259754569
991
259754579
991
259754589
991
259754599
991
259754609
991
259754619
991
259754629
991
259754639
991
259754649
991
259754659
991
259754669
991
259754679
991
259754689
991
259754699
991
259754709
991
259754719
991
259754729
991
259754739
991
259754749
991
259754759
991
259754769
991
259754779
991
259754789
991
259754799
991
259754809
991
259754819
991
259754829
991
259754839
991
259754849
991
259754859
991
259754869
991
259754879
991
259754889
991
259754899
991
259754909
991
259754919
991
259754929
991
259754939
991
259754949
991
259754959
991
259754969
991
259754979
991
259754989
991
259754999
991
259755009
991
259755019
991
259755029
991
259755039
991
259755049
991
259755059
991
259755069
991
259755079
991
259755089
991
259755099
991
259755109
991
259755119
991
259755129
991
259755139
991
259755149
991
259755159
991
259755169
991
259755179
991
259755189
991
259755199
991
259755209
991
259755219
991
259755229
991
259755239
991
259755249
991
259755259
991
259755269
991
259755279
991
259755289
991
259755299
991
259755309
991
259755319
991
259755329
991
259755339
991
259755349
991
259755359
991
259755369
991
259755379
991
259755389
991
259755399
991
259755409
991
259755419
991
259755429
991
259755439
991
259755449
991
259755459
991
259755469
991
259755479
991
259755489
991
259755499
991
259755509
991
259755519
991
259755529
991
259755539
991
259755549
991
259755559
991
259755569
991
259755579
991
259755589
991
259755599
991
259755609
991
259755619
991
259755629
991
259755639
991
259755649
991
259755659
991
259755669
991
259755679
991
259755689
991
259755699
991
259755709
991
259755719
991
259755729
991
259755739
991
259755749
991
259755759
991
259755769
991
259755779
991
259755789
991
259755799
991
259755809
991
259755819
991
259755829
991
259755839
991
259755849
991
259755859
991
259755869
991
259755879
991
259755889
991
259755899
991
259755909
991
259755919
991
259755929
991
259755939
991
259755949
991
259755959
991
259755969
991
259755979
991
259755989
991
259755999
991
259756009
991
259756019
991
259756029
991
259702791
991
259702801
991
259702811
991
259702821
991
259702831
991
259702841
991
259702851
991
259702861
991
259702871
991
259702881
991
259702891
991
259702901
991
259702911
991
259702921
991
259702931
991
259702941
991
259702951
991
259702961
991
259702971
991
259702981
991
259702991
991
259703001
991
259703011
991
259703021
991
259703031
991
259703041
991
259703051
991
259703061
991
259703071
991
259703081
991
259703091
991
259703101
991
259703111
991
259703121
991
259703131
991
259703141
991
259703151
991
259703161
991
259703171
991
259703181
991
259703191
991
259703201
991
259703211
991
259703221
991
259703231
991
259703241
991
259703251
991
259703261
991
259703271
991
259703281
991
259703291
991
259703301
991
259703311
991
259703321
991
259703331
991
259703341
991
259703351
991
259703361
991
259703371
991
259703381
991
259703391
991
259703401
991
259703411
991
259703421
991
259703431
991
259703441
991
259703451
991
259703461
991
259703471
991
259703481
991
259703491
991
259703501
991
259703511
991
259703521
991
259703531
991
259703541
991
259703551
991
259703561
991
259703571
991
259703581
991
259703591
991
259703601
991
259703611
991
259703621
991
259703631
991
259703641
991
259703651
991
259703661
991
259703671
991
259703681
991
259703691
991
259703701
991
259703711
991
259703721
991
259703731
991
259703741
991
259703751
991
259703761
991
259703771
991
259703781
991
259703791
991
259703801
991
259703811
991
259703821
991
259703831
991
259703841
991
259703851
991
259703861
991
259703871
991
259703881
991
259703891
991
259703901
991
259703911
991
259703921
991
259703931
991
259703941
991
259703951
991
259703961
991
259703971
991
259703981
991
259703991
991
259704001
991
259704011
991
259704021
991
259704031
991
259704041
991
259704051
991
259704061
991
259704071
991
259704081
991
259704091
991
259704101
991
259704111
991
259704121
991
259704131
991
259704141
991
259704151
991
259704161
991
259704171
991
259704181
991
259704191
991
259704201
991
259704211
991
259704221
991
259704231
991
259704241
991
259704251
991
259704261
991
259704271
991
259704281
991
259704291
991
259704301
991
259704311
991
259704321
991
259704331
991
259704341
991
259704351
991
259704361
991
259704371
991
259704381
991
259704391
991
259704401
991
259704411
991
259704421
991
259704431
991
259704441
991
259704451
991
259704461
991
259704471
991
259704481
991
259704491
991
259704501
991
259704511
991
259704521
991
259704531
991
259704541
991
259704551
991
259704561
991
259704571
991
259704581
991
259704591
991
259704601
991
259704611
991
259704621
991
259704631
991
259704641
991
259704651
991
259704661
991
259704671
991
259704681
991
259704691
991
259704701
991
259704711
991
259704721
991
259704731
991
259704741
991
259704751
991
259704761
991
259704771
991
259704781
991
259704791
991
259704801
991
259704811
991
259704821
991
259704831
991
259704841
991
259704851
991
259704861
991
259704871
991
259704881
991
259704891
991
259704901
991
259704911
991
259704921
991
259704931
991
259704941
991
259704951
991
259704961
991
259704971
991
259704981
991
259704991
991
259705001
991
259705011
991
259705021
991
259705031
991
259705041
991
259705051
991
259705061
991
259705071
991
259705081
991
259705091
991
259705101
991
259705111
991
259705121
991
259705131
991
259705141
991
259705151
991
259705161
991
259705171
991
259705181
991
259705191
991
259705201
991
259705211
991
259705221
991
259705231
991
259705241
991
259705251
991
259705261
991
259705271
991
259705281
991
259705291
991
259705301
991
259705311
991
259705321
991
259705331
991
259705341
991
259705351
991
259705361
991
259705371
991
259705381
991
259705391
991
259705401
991
259705411
991
259705421
991
259705431
991
259705441
991
259705451
991
259705461
991
259705471
991
259705481
991
259705491
991
259705501
991
259705511
991
259705521
991
259705531
991
259705541
991
259705551
991
259705561
991
259705571
991
259705581
991
259705591
991
259705601
991
259705611
991
259705621
991
259705631
991
259705641
991
259705651
991
259705661
991
259705671
991
259705681
991
259705691
991
259705701
991
259705711
991
259705721
991
259705731
991
259705741
991
259705751
991
259705761
991
259705771
991
259705781
991
259705791
991
259705801
991
259705811
991
259705821
991
259705831
991
259705841
991
259705851
991
259705861
991
259705871
991
259705881
991
259705891
991
259705901
991
259705911
991
259705921
991
259705931
991
259705941
991
259705951
991
259705961
991
259705971
991
259705981
991
259705991
991
259706001
991
259706011
991
259706021
991
259706031
991
259706041
991
259706051
991
259706061
991
259706071
991
259706081
991
259706091
991
259706101
991
259706111
991
259706121
991
259706131
991
259706141
991
259706151
991
259706161
991
259706171
991
259706181
991
259706191
991
259706201
991
259706211
991
259706221
991
259706231
991
259706241
991
259706251
991
259706261
991
259706271
991
259706281
991
259706291
991
259706301
991
259706311
991
259706321
991
259706331
991
259706341
991
259706351
991
259706361
991
259706371
991
259706381
991
259706391
991
259706401
991
259706411
991
259706421
991
259706431
991
259706441
991
259706451
991
259706461
991
259706471
991
259706481
991
259706491
991
259706501
991
259706511
991
259706521
991
259706531
991
259706541
991
259706551
991
259706561
991
259706571
991
259706581
991
259706591
991
259706601
991
259706611
991
259706621
991
259706631
991
259706641
991
259706651
991
259706661
991
259706671
991
259706681
991
259706691
991
259706701
991
259706711
991
259706721
991
259706731
991
259706741
991
259706751
991
259706761
991
259706771
991
259706781
991
259706791
991
259706801
991
259706811
991
259706821
991
259706831
991
259706841
991
259706851
991
259706861
991
259706871
991
259657737
991
259657747
991
259657757
991
259657767
991
259657777
991
259657787
991
259657797
991
259657807
991
259657817
991
259657827
991
259657837
991
259657847
991
259657857
991
259657867
991
259657877
991
259657887
991
259657897
991
259657907
991
259657917
991
259657927
991
259657937
991
259657947
991
259657957
991
259657967
991
259657977
991
259657987
991
259657997
991
259658007
991
259658017
991
259658027
991
259658037
991
259658047
991
259658057
991
259658067
991
259658077
991
259658087
991
259658097
991
259658107
991
259658117
991
259658127
991
259658137
991
259658147
991
259658157
991
259658167
991
259658177
991
259658187
991
259658197
991
259658207
991
259658217
991
259658227
991
259658237
991
259658247
991
259658257
991
259658267
991
259658277
991
259658287
991
259658297
991
259658307
991
259658317
991
259658327
991
259658337
991
259658347
991
259658357
991
259658367
991
259658377
991
259658387
991
259658397
991
259658407
991
259658417
991
259658427
991
259658437
991
259658447
991
259658457
991
259658467
991
259658477
991
259658487
991
259658497
991
259658507
991
259658517
991
259658527
991
259658537
991
259658547
991
259658557
991
259658567
991
259658577
991
259658587
991
259658597
991
259658607
991
259658617
991
259658627
991
259658637
991
259658647
991
259658657
991
259658667
991
259658677
991
259658687
991
259658697
991
259658707
991
259658717
991
259658727
991
259658737
991
259658747
991
259658757
991
259658767
991
259658777
991
259658787
991
259658797
991
259658807
991
259658817
991
259658827
991
259658837
991
259658847
991
259658857
991
259658867
991
259658877
991
259658887
991
259658897
991
259658907
991
259658917
991
259658927
991
259658937
991
259658947
991
259658957
991
259658967
991
259658977
991
259658987
991
259658997
991
259659007
991
259659017
991
259659027
991
259659037
991
259659047
991
259659057
991
259659067
991
259659077
991
259659087
991
259659097
991
259659107
991
259659117
991
259659127
991
259659137
991
259659147
991
259659157
991
259659167
991
259659177
991
259659187
991
259659197
991
259659207
991
259659217
991
259659227
991
259659237
991
259659247
991
259659257
991
259659267
991
259659277
991
259659287
991
259659297
991
259659307
991
259659317
991
259659327
991
259659337
991
259659347
991
259659357
991
259659367
991
259659377
991
259659387
991
259659397
991
259659407
991
259659417
991
259659427
991
259659437
991
259659447
991
259659457
991
259659467
991
259659477
991
259659487
991
259659497
991
259659507
991
259659517
991
259659527
991
259659537
991
259659547
991
259659557
991
259659567
991
259659577
991
259659587
991
259659597
991
259659607
991
259659617
991
259659627
991
259659637
991
259659647
991
259659657
991
259659667
991
259659677
991
259659687
991
259659697
991
259659707
991
259659717
991
259659727
991
259659737
991
259659747
991
259659757
991
259659767
991
259659777
991
259659787
991
259659797
991
259659807
991
259659817
991
259659827
991
259659837
991
259659847
991
259659857
991
259659867
991
259659877
991
259659887
991
259659897
991
259659907
991
259659917
991
259659927
991
259659937
991
259659947
991
259659957
991
259659967
991
259659977
991
259659987
991
259659997
991
259660007
991
259660017
991
259660027
991
259660037
991
259660047
991
259660057
991
259660067
991
259660077
991
259660087
991
259660097
991
259660107
991
259660117
991
259660127
991
259660137
991
259660147
991
259660157
991
259660167
991
259660177
991
259660187
991
259660197
991
259660207
991
259660217
991
259660227
991
259660237
991
259660247
991
259660257
991
259660267
991
259660277
991
259660287
991
259660297
991
259660307
991
259660317
991
259660327
991
259660337
991
259660347
991
259660357
991
259660367
991
259660377
991
259660387
991
259660397
991
259660407
991
259660417
991
259660427
991
259660437
991
259660447
991
259660457
991
259660467
991
259660477
991
259660487
991
259660497
991
259660507
991
259660517
991
259660527
991
259660537
991
259660547
991
259660557
991
259660567
991
259660577
991
259660587
991
259660597
991
259660607
991
259660617
991
259660627
991
259660637
991
259660647
991
259660657
991
259660667
991
259660677
991
259660687
991
259660697
991
259660707
991
259660717
991
259660727
991
259660737
991
259660747
991
259660757
991
259660767
991
259660777
991
259660787
991
259660797
991
259660807
991
259660817
991
259660827
991
259660837
991
259660847
991
259660857
991
259660867
991
259660877
991
259660887
991
259660897
991
259660907
991
259660917
991
259660927
991
259660937
991
259660947
991
259660957
991
259660967
991
259660977
991
259660987
991
259660997
991
259661007
991
259661017
991
259661027
991
259661037
991
259661047
991
259661057
991
259661067
991
259661077
991
259661087
991
259661097
991
259661107
991
259661117
991
259661127
991
259661137
991
259661147
991
259661157
991
259661167
991
259661177
991
259661187
991
259661197
991
259661207
991
259661217
991
259661227
991
259661237
991
259661247
991
259661257
991
259661267
991
259661277
991
259661287
991
259661297
991
259661307
991
259661317
991
259661327
991
259661337
991
259661347
991
259661357
991
259661367
991
259661377
991
259661387
991
259661397
991
259661407
991
259661417
991
259661427
991
259661437
991
259661447
991
259661457
991
259661467
991
259661477
991
259661487
991
259661497
991
259661507
991
259661517
991
259661527
991
259661537
991
259661547
991
259661557
991
259661567
991
259661577
991
259661587
991
259661597
991
259661607
991
259661617
991
259661627
991
259661637
991
259661647
991
259661657
991
259661667
991
259661677
991
259661687
991
259661697
991
259661707
991
259661717
991
259661727
991
259661737
991
259661747
991
259661757
991
259661767
991
259661777
991
259661787
991
259661797
991
259661807
991
259661817
991
259682307
991
259682317
991
259682327
991
259682337
991
259682347
991
259682357
991
259682367
991
259682377
991
259682387
991
259682397
991
259682407
991
259682417
991
259682427
991
259682437
991
259682447
991
259682457
991
259682467
991
259682477
991
259682487
991
259682497
991
259682507
991
259682517
991
259682527
991
259682537
991
259682547
991
259682557
991
259682567
991
259682577
991
259682587
991
259682597
991
259682607
991
259682617
991
259682627
991
259682637
991
259682647
991
259682657
991
259682667
991
259682677
991
259682687
991
259682697
991
259682707
991
259682717
991
259682727
991
259682737
991
259682747
991
259682757
991
259682767
991
259682777
991
259682787
991
259682797
991
259682807
991
259682817
991
259682827
991
259682837
991
259682847
991
259682857
991
259682867
991
259682877
991
259682887
991
259682897
991
259682917
991
259682907
991
259682927
991
259682937
991
259682947
991
259682957
991
259682977
991
259682967
991
259682987
991
259682997
991
259683007
991
259683017
991
259683027
991
259683037
991
259683047
991
259683057
991
259683067
991
259683077
991
259683087
991
259683097
991
259683107
991
259683117
991
259683127
991
259683137
991
259683147
991
259683157
991
259683167
991
259683177
991
259683187
991
259683197
991
259683207
991
259683217
991
259683227
991
259683237
991
259683247
991
259683257
991
259683267
991
259683277
991
259683287
991
259683297
991
259683307
991
259683317
991
259683327
991
259683337
991
259683347
991
259683357
991
259683367
991
259683377
991
259683387
991
259683397
991
259683407
991
259683417
991
259683427
991
259683437
991
259683447
991
259683457
991
259683467
991
259683477
991
259683487
991
259683497
991
259683507
991
259683517
991
259683527
991
259683537
991
259683547
991
259683557
991
259683567
991
259683577
991
259683587
991
259683597
991
259683607
991
259683617
991
259683627
991
259683637
991
259683647
991
259683657
991
259683667
991
259683677
991
259683687
991
259683697
991
259683707
991
259683717
991
259683727
991
259683737
991
259683747
991
259683757
991
259683767
991
259683777
991
259683787
991
259683797
991
259683807
991
259683817
991
259683827
991
259683837
991
259683847
991
259683857
991
259683867
991
259683877
991
259683887
991
259683897
991
259683907
991
259683917
991
259683927
991
259683937
991
259683947
991
259683957
991
259683967
991
259683977
991
259683987
991
259683997
991
259684007
991
259684017
991
259684027
991
259684037
991
259684047
991
259684057
991
259684067
991
259684077
991
259684087
991
259684097
991
259684107
991
259684117
991
259684127
991
259684137
991
259684147
991
259684157
991
259684167
991
259684177
991
259684187
991
259684197
991
259684207
991
259684217
991
259684227
991
259684237
991
259684247
991
259684257
991
259684267
991
259684277
991
259684287
991
259684297
991
259684307
991
259684317
991
259684327
991
259684337
991
259684347
991
259684357
991
259684367
991
259684377
991
259684387
991
259684397
991
259684407
991
259684417
991
259684427
991
259684437
991
259684447
991
259684457
991
259684467
991
259684477
991
259684487
991
259684497
991
259684507
991
259684517
991
259684527
991
259684537
991
259684547
991
259684557
991
259684567
991
259684577
991
259684587
991
259684597
991
259684607
991
259684617
991
259684627
991
259684637
991
259684647
991
259684657
991
259684667
991
259684677
991
259684687
991
259684697
991
259684707
991
259684717
991
259684727
991
259684737
991
259684747
991
259684757
991
259684767
991
259684777
991
259684787
991
259684797
991
259684817
991
259684807
991
259684827
991
259684837
991
259684847
991
259684857
991
259684877
991
259684867
991
259684887
991
259684897
991
259684907
991
259684917
991
259684927
991
259684947
991
259684937
991
259684957
991
259684967
991
259684977
991
259684987
991
259684997
991
259685007
991
259685017
991
259685027
991
259685037
991
259685047
991
259685057
991
259685067
991
259685077
991
259685087
991
259685097
991
259685107
991
259685117
991
259685127
991
259685137
991
259685147
991
259685157
991
259685167
991
259685177
991
259685187
991
259685197
991
259685207
991
259685217
991
259685227
991
259685237
991
259685247
991
259685257
991
259685267
991
259685277
991
259685287
991
259685297
991
259685307
991
259685317
991
259685327
991
259685337
991
259685347
991
259685357
991
259685367
991
259685377
991
259685387
991
259685397
991
259685407
991
259685417
991
259685427
991
259685437
991
259685447
991
259685457
991
259685467
991
259685477
991
259685487
991
259685497
991
259685507
991
259685517
991
259685527
991
259685537
991
259685547
991
259685557
991
259685567
991
259685577
991
259685587
991
259685597
991
259685607
991
259685617
991
259685627
991
259685637
991
259685647
991
259685657
991
259685667
991
259685677
991
259685687
991
259685697
991
259685707
991
259685717
991
259685727
991
259685737
991
259685747
991
259685757
991
259685767
991
259685777
991
259685787
991
259685797
991
259685807
991
259685817
991
259685827
991
259685837
991
259685847
991
259685857
991
259685867
991
259685877
991
259685887
991
259685897
991
259685907
991
259685917
991
259685927
991
259685937
991
259685947
991
259685957
991
259685967
991
259685977
991
259685987
991
259685997
991
259686007
991
259686017
991
259686027
991
259686037
991
259686047
991
259686057
991
259686067
991
259686077
991
259686087
991
259686097
991
259686107
991
259686117
991
259686127
991
259686137
991
259686147
991
259686157
991
259686167
991
259686177
991
259686187
991
259686197
991
259686207
991
259686217
991
259686227
991
259686237
991
259686247
991
259686257
991
259686267
991
259686277
991
259686287
991
259686297
991
259686307
991
259686317
991
259686327
991
259686337
991
259686347
991
259686357
991
259686367
991
259686377
991
259686387
991
259686397
991
259653641
991
259653651
991
259653661
991
259653671
991
259653681
991
259653691
991
259653701
991
259653711
991
259653721
991
259653731
991
259653741
991
259653751
991
259653761
991
259653771
991
259653781
991
259653791
991
259653801
991
259653811
991
259653821
991
259653831
991
259653841
991
259653851
991
259653861
991
259653871
991
259653881
991
259653891
991
259653901
991
259653911
991
259653921
991
259653931
991
259653941
991
259653951
991
259653961
991
259653971
991
259653981
991
259653991
991
259654001
991
259654011
991
259654021
991
259654031
991
259654041
991
259654051
991
259654061
991
259654071
991
259654081
991
259654091
991
259654101
991
259654111
991
259654121
991
259654131
991
259654141
991
259654151
991
259654161
991
259654171
991
259654181
991
259654191
991
259654201
991
259654211
991
259654221
991
259654231
991
259654241
991
259654251
991
259654261
991
259654271
991
259654281
991
259654291
991
259654301
991
259654311
991
259654321
991
259654331
991
259654341
991
259654351
991
259654361
991
259654371
991
259654381
991
259654391
991
259654401
991
259654411
991
259654421
991
259654431
991
259654441
991
259654451
991
259654461
991
259654471
991
259654481
991
259654491
991
259654501
991
259654511
991
259654521
991
259654531
991
259654541
991
259654551
991
259654561
991
259654571
991
259654581
991
259654591
991
259654601
991
259654611
991
259654621
991
259654631
991
259654641
991
259654651
991
259654661
991
259654671
991
259654681
991
259654691
991
259654701
991
259654711
991
259654721
991
259654731
991
259654741
991
259654751
991
259654761
991
259654771
991
259654781
991
259654791
991
259654801
991
259654811
991
259654821
991
259654831
991
259654841
991
259654851
991
259654861
991
259654871
991
259654881
991
259654891
991
259654901
991
259654911
991
259654921
991
259654931
991
259654941
991
259654951
991
259654961
991
259654971
991
259654981
991
259654991
991
259655001
991
259655011
991
259655021
991
259655031
991
259655041
991
259655051
991
259655061
991
259655071
991
259655081
991
259655091
991
259655101
991
259655111
991
259655121
991
259655131
991
259655141
991
259655151
991
259655161
991
259655171
991
259655181
991
259655191
991
259655201
991
259655211
991
259655221
991
259655231
991
259655241
991
259655251
991
259655261
991
259655271
991
259655281
991
259655291
991
259655301
991
259655311
991
259655321
991
259655331
991
259655341
991
259655351
991
259655361
991
259655371
991
259655381
991
259655391
991
259655401
991
259655411
991
259655421
991
259655431
991
259655441
991
259655451
991
259655461
991
259655471
991
259655481
991
259655491
991
259655501
991
259655511
991
259655521
991
259655531
991
259655541
991
259655551
991
259655561
991
259655571
991
259655581
991
259655591
991
259655601
991
259655611
991
259655621
991
259655631
991
259655641
991
259655651
991
259655661
991
259655671
991
259655681
991
259655691
991
259655701
991
259655711
991
259655721
991
259655731
991
259655741
991
259655751
991
259655761
991
259655771
991
259655781
991
259655791
991
259655801
991
259655811
991
259655821
991
259655831
991
259655841
991
259655851
991
259655861
991
259655871
991
259655881
991
259655891
991
259655901
991
259655911
991
259655921
991
259655931
991
259655941
991
259655951
991
259655961
991
259655971
991
259655981
991
259655991
991
259656001
991
259656011
991
259656021
991
259656031
991
259656041
991
259656051
991
259656061
991
259656071
991
259656081
991
259656091
991
259656101
991
259656111
991
259656121
991
259656131
991
259656141
991
259656151
991
259656161
991
259656171
991
259656181
991
259656191
991
259656201
991
259656211
991
259656221
991
259656231
991
259656241
991
259656251
991
259656261
991
259656271
991
259656281
991
259656291
991
259656301
991
259656311
991
259656321
991
259656331
991
259656341
991
259656351
991
259656361
991
259656371
991
259656381
991
259656391
991
259656401
991
259656411
991
259656421
991
259656431
991
259656441
991
259656451
991
259656461
991
259656471
991
259656481
991
259656491
991
259656501
991
259656511
991
259656521
991
259656531
991
259656541
991
259656551
991
259656561
991
259656571
991
259656581
991
259656591
991
259656601
991
259656611
991
259656621
991
259656631
991
259656641
991
259656651
991
259656661
991
259656671
991
259656681
991
259656691
991
259656701
991
259656711
991
259656721
991
259656731
991
259656741
991
259656751
991
259656761
991
259656771
991
259656781
991
259656791
991
259656801
991
259656811
991
259656821
991
259656831
991
259656841
991
259656851
991
259656861
991
259656871
991
259656881
991
259656891
991
259656901
991
259656911
991
259656921
991
259656931
991
259656941
991
259656951
991
259656961
991
259656971
991
259656981
991
259656991
991
259657001
991
259657011
991
259657021
991
259657031
991
259657041
991
259657051
991
259657061
991
259657071
991
259657081
991
259657091
991
259657101
991
259657111
991
259657121
991
259657131
991
259657141
991
259657151
991
259657161
991
259657171
991
259657181
991
259657191
991
259657201
991
259657211
991
259657221
991
259657231
991
259657241
991
259657251
991
259657261
991
259657271
991
259657281
991
259657291
991
259657301
991
259657311
991
259657321
991
259657331
991
259657341
991
259657351
991
259657361
991
259657371
991
259657381
991
259657391
991
259657401
991
259657411
991
259657421
991
259657431
991
259657441
991
259657451
991
259657461
991
259657471
991
259657481
991
259657491
991
259657501
991
259657511
991
259657521
991
259657531
991
259657541
991
259657551
991
259657561
991
259657571
991
259657581
991
259657591
991
259657601
991
259657611
991
259657621
991
259657631
991
259657641
991
259657651
991
259657661
991
259657671
991
259657681
991
259657691
991
259657701
991
259657711
991
259657721
991
259690501
991
259690511
991
259690521
991
259690531
991
259690541
991
259690551
991
259690561
991
259690571
991
259690581
991
259690591
991
259690601
991
259690611
991
259690621
991
259690631
991
259690641
991
259690651
991
259690661
991
259690671
991
259690681
991
259690691
991
259690701
991
259690711
991
259690721
991
259690731
991
259690741
991
259690751
991
259690761
991
259690771
991
259690781
991
259690791
991
259690801
991
259690811
991
259690821
991
259690831
991
259690841
991
259690851
991
259690861
991
259690871
991
259690881
991
259690891
991
259690901
991
259690911
991
259690921
991
259690931
991
259690941
991
259690951
991
259690961
991
259690971
991
259690981
991
259690991
991
259691001
991
259691011
991
259691021
991
259691031
991
259691041
991
259691051
991
259691061
991
259691071
991
259691081
991
259691091
991
259691101
991
259691111
991
259691121
991
259691131
991
259691141
991
259691151
991
259691161
991
259691171
991
259691181
991
259691191
991
259691201
991
259691211
991
259691221
991
259691231
991
259691241
991
259691251
991
259691261
991
259691271
991
259691281
991
259691291
991
259691301
991
259691311
991
259691321
991
259691331
991
259691341
991
259691351
991
259691361
991
259691371
991
259691381
991
259691391
991
259691401
991
259691411
991
259691421
991
259691431
991
259691441
991
259691451
991
259691461
991
259691471
991
259691481
991
259691491
991
259691501
991
259691511
991
259691521
991
259691531
991
259691541
991
259691551
991
259691561
991
259691571
991
259691581
991
259691591
991
259691601
991
259691611
991
259691621
991
259691631
991
259691641
991
259691651
991
259691661
991
259691671
991
259691681
991
259691691
991
259691701
991
259691711
991
259691721
991
259691731
991
259691741
991
259691751
991
259691761
991
259691771
991
259691781
991
259691791
991
259691801
991
259691811
991
259691821
991
259691831
991
259691841
991
259691851
991
259691861
991
259691871
991
259691881
991
259691891
991
259691901
991
259691911
991
259691921
991
259691931
991
259691941
991
259691951
991
259691961
991
259691971
991
259691981
991
259691991
991
259692001
991
259692011
991
259692021
991
259692031
991
259692041
991
259692051
991
259692061
991
259692071
991
259692081
991
259692091
991
259692101
991
259692111
991
259692121
991
259692131
991
259692141
991
259692151
991
259692161
991
259692171
991
259692181
991
259692191
991
259692201
991
259692211
991
259692221
991
259692231
991
259692241
991
259692251
991
259692261
991
259692271
991
259692281
991
259692291
991
259692301
991
259692311
991
259692321
991
259692331
991
259692341
991
259692351
991
259692361
991
259692371
991
259692381
991
259692391
991
259692401
991
259692411
991
259692421
991
259692431
991
259692441
991
259692451
991
259692461
991
259692471
991
259692481
991
259692491
991
259692501
991
259692511
991
259692521
991
259692531
991
259692541
991
259692551
991
259692561
991
259692571
991
259692581
991
259692591
991
259692601
991
259692611
991
259692621
991
259692631
991
259692641
991
259692651
991
259692661
991
259692671
991
259692681
991
259692691
991
259692701
991
259692711
991
259692721
991
259692731
991
259692741
991
259692751
991
259692761
991
259692771
991
259692781
991
259692791
991
259692801
991
259692811
991
259692821
991
259692831
991
259692841
991
259692851
991
259692861
991
259692871
991
259692881
991
259692891
991
259692901
991
259692911
991
259692921
991
259692931
991
259692941
991
259692951
991
259692961
991
259692971
991
259692981
991
259692991
991
259693001
991
259693011
991
259693021
991
259693031
991
259693041
991
259693051
991
259693061
991
259693071
991
259693081
991
259693091
991
259693101
991
259693111
991
259693121
991
259693131
991
259693141
991
259693151
991
259693161
991
259693171
991
259693181
991
259693191
991
259693201
991
259693211
991
259693221
991
259693231
991
259693241
991
259693251
991
259693261
991
259693271
991
259693281
991
259693291
991
259693301
991
259693311
991
259693321
991
259693331
991
259693341
991
259693351
991
259693361
991
259693371
991
259693381
991
259693391
991
259693401
991
259693411
991
259693421
991
259693431
991
259693441
991
259693451
991
259693461
991
259693471
991
259693481
991
259693491
991
259693501
991
259693511
991
259693521
991
259693531
991
259693541
991
259693551
991
259693561
991
259693571
991
259693581
991
259693591
991
259693601
991
259693611
991
259693621
991
259693631
991
259693641
991
259693651
991
259693661
991
259693671
991
259693681
991
259693691
991
259693701
991
259693711
991
259693721
991
259693731
991
259693741
991
259693751
991
259693761
991
259693771
991
259693781
991
259693791
991
259693801
991
259693811
991
259693821
991
259693831
991
259693841
991
259693851
991
259693861
991
259693871
991
259693881
991
259693891
991
259693901
991
259693911
991
259693921
991
259693931
991
259693941
991
259693951
991
259693961
991
259693971
991
259693981
991
259693991
991
259694001
991
259694011
991
259694021
991
259694031
991
259694041
991
259694051
991
259694061
991
259694071
991
259694081
991
259694091
991
259694101
991
259694111
991
259694121
991
259694131
991
259694141
991
259694151
991
259694161
991
259694171
991
259694181
991
259694191
991
259694201
991
259694211
991
259694221
991
259694231
991
259694241
991
259694251
991
259694261
991
259694271
991
259694281
991
259694291
991
259694301
991
259694311
991
259694321
991
259694331
991
259694341
991
259694351
991
259694361
991
259694371
991
259694381
991
259694391
991
259694401
991
259694411
991
259694421
991
259694431
991
259694441
991
259694451
991
259694461
991
259694471
991
259694481
991
259694491
991
259694501
991
259694511
991
259694521
991
259694531
991
259694541
991
259694551
991
259694561
991
259694571
991
259694581
991
259694591
991
259674119
991
259674129
991
259674139
991
259674149
991
259674159
991
259674169
991
259674179
991
259674189
991
259674199
991
259674209
991
259674219
991
259674229
991
259674239
991
259674249
991
259674259
991
259674269
991
259674279
991
259674289
991
259674299
991
259674309
991
259674319
991
259674329
991
259674339
991
259674349
991
259674359
991
259674369
991
259674379
991
259674389
991
259674399
991
259674409
991
259674419
991
259674429
991
259674439
991
259674449
991
259674459
991
259674469
991
259674479
991
259674489
991
259674499
991
259674509
991
259674519
991
259674529
991
259674539
991
259674549
991
259674559
991
259674569
991
259674579
991
259674589
991
259674599
991
259674609
991
259674619
991
259674629
991
259674639
991
259674649
991
259674659
991
259674669
991
259674679
991
259674689
991
259674699
991
259674709
991
259674719
991
259674729
991
259674739
991
259674749
991
259674759
991
259674769
991
259674779
991
259674789
991
259674799
991
259674809
991
259674819
991
259674829
991
259674839
991
259674849
991
259674859
991
259674869
991
259674879
991
259674889
991
259674899
991
259674909
991
259674919
991
259674929
991
259674939
991
259674949
991
259674959
991
259674969
991
259674979
991
259674989
991
259674999
991
259675009
991
259675019
991
259675029
991
259675039
991
259675049
991
259675059
991
259675069
991
259675079
991
259675089
991
259675099
991
259675109
991
259675119
991
259675129
991
259675139
991
259675149
991
259675159
991
259675169
991
259675179
991
259675189
991
259675199
991
259675209
991
259675219
991
259675229
991
259675239
991
259675249
991
259675259
991
259675269
991
259675279
991
259675289
991
259675299
991
259675309
991
259675319
991
259675329
991
259675339
991
259675349
991
259675359
991
259675369
991
259675379
991
259675389
991
259675399
991
259675409
991
259675419
991
259675429
991
259675439
991
259675449
991
259675459
991
259675469
991
259675479
991
259675489
991
259675499
991
259675509
991
259675519
991
259675529
991
259675539
991
259675549
991
259675559
991
259675569
991
259675579
991
259675589
991
259675599
991
259675609
991
259675619
991
259675629
991
259675639
991
259675649
991
259675659
991
259675669
991
259675679
991
259675689
991
259675699
991
259675709
991
259675719
991
259675729
991
259675739
991
259675749
991
259675759
991
259675769
991
259675779
991
259675789
991
259675799
991
259675809
991
259675819
991
259675829
991
259675839
991
259675849
991
259675859
991
259675869
991
259675879
991
259675889
991
259675899
991
259675909
991
259675919
991
259675929
991
259675939
991
259675949
991
259675959
991
259675969
991
259675979
991
259675989
991
259675999
991
259676009
991
259676019
991
259676029
991
259676039
991
259676049
991
259676059
991
259676069
991
259676079
991
259676089
991
259676099
991
259676109
991
259676119
991
259676129
991
259676139
991
259676149
991
259676159
991
259676169
991
259676179
991
259676189
991
259676199
991
259676209
991
259676219
991
259676229
991
259676239
991
259676249
991
259676259
991
259676269
991
259676279
991
259676289
991
259676299
991
259676309
991
259676319
991
259676329
991
259676339
991
259676349
991
259676359
991
259676369
991
259676379
991
259676389
991
259676399
991
259676409
991
259676419
991
259676429
991
259676439
991
259676449
991
259676459
991
259676469
991
259676479
991
259676489
991
259676499
991
259676509
991
259676519
991
259676529
991
259676539
991
259676549
991
259676559
991
259676569
991
259676579
991
259676589
991
259676599
991
259676609
991
259676619
991
259676629
991
259676639
991
259676649
991
259676659
991
259676669
991
259676679
991
259676689
991
259676699
991
259676709
991
259676719
991
259676729
991
259676739
991
259676749
991
259676759
991
259676769
991
259676779
991
259676789
991
259676799
991
259676809
991
259676819
991
259676829
991
259676839
991
259676849
991
259676859
991
259676869
991
259676879
991
259676889
991
259676899
991
259676909
991
259676919
991
259676929
991
259676939
991
259676949
991
259676959
991
259676969
991
259676979
991
259676989
991
259676999
991
259677009
991
259677019
991
259677029
991
259677039
991
259677049
991
259677059
991
259677069
991
259677079
991
259677089
991
259677099
991
259677109
991
259677119
991
259677129
991
259677139
991
259677149
991
259677159
991
259677169
991
259677179
991
259677189
991
259677199
991
259677209
991
259677219
991
259677229
991
259677239
991
259677249
991
259677259
991
259677269
991
259677279
991
259677289
991
259677299
991
259677309
991
259677319
991
259677329
991
259677339
991
259677349
991
259677359
991
259677369
991
259677379
991
259677389
991
259677399
991
259677409
991
259677419
991
259677429
991
259677439
991
259677449
991
259677459
991
259677469
991
259677479
991
259677489
991
259677499
991
259677509
991
259677519
991
259677529
991
259677539
991
259677549
991
259677559
991
259677569
991
259677579
991
259677589
991
259677599
991
259677609
991
259677619
991
259677629
991
259677639
991
259677649
991
259677659
991
259677669
991
259677679
991
259677689
991
259677699
991
259677709
991
259677719
991
259677729
991
259677739
991
259677749
991
259677759
991
259677769
991
259677779
991
259677789
991
259677799
991
259677809
991
259677819
991
259677829
991
259677839
991
259677849
991
259677859
991
259677869
991
259677879
991
259677889
991
259677899
991
259677909
991
259677919
991
259677929
991
259677939
991
259677949
991
259677959
991
259677969
991
259677979
991
259677989
991
259677999
991
259678009
991
259678019
991
259678029
991
259678039
991
259678049
991
259678059
991
259678069
991
259678079
991
259678089
991
259678099
991
259678109
991
259678119
991
259678129
991
259678139
991
259678149
991
259678159
991
259678169
991
259678179
991
259678189
991
259678199
991
259620873
991
259620883
991
259620893
991
259620903
991
259620913
991
259620923
991
259620933
991
259620943
991
259620953
991
259620963
991
259620973
991
259620983
991
259620993
991
259621003
991
259621013
991
259621023
991
259621033
991
259621043
991
259621053
991
259621063
991
259621073
991
259621083
991
259621093
991
259621103
991
259621113
991
259621123
991
259621133
991
259621143
991
259621153
991
259621163
991
259621173
991
259621183
991
259621193
991
259621203
991
259621213
991
259621223
991
259621233
991
259621243
991
259621253
991
259621263
991
259621273
991
259621283
991
259621293
991
259621303
991
259621313
991
259621323
991
259621333
991
259621343
991
259621353
991
259621363
991
259621373
991
259621383
991
259621393
991
259621403
991
259621413
991
259621423
991
259621433
991
259621443
991
259621453
991
259621463
991
259621473
991
259621483
991
259621493
991
259621503
991
259621513
991
259621523
991
259621533
991
259621543
991
259621553
991
259621563
991
259621573
991
259621583
991
259621593
991
259621603
991
259621613
991
259621623
991
259621633
991
259621643
991
259621653
991
259621663
991
259621673
991
259621683
991
259621693
991
259621703
991
259621713
991
259621723
991
259621733
991
259621743
991
259621753
991
259621763
991
259621773
991
259621783
991
259621793
991
259621803
991
259621813
991
259621823
991
259621833
991
259621843
991
259621853
991
259621863
991
259621873
991
259621883
991
259621893
991
259621903
991
259621913
991
259621923
991
259621933
991
259621943
991
259621953
991
259621963
991
259621973
991
259621983
991
259621993
991
259622003
991
259622013
991
259622023
991
259622033
991
259622043
991
259622053
991
259622063
991
259622073
991
259622083
991
259622093
991
259622103
991
259622113
991
259622123
991
259622133
991
259622143
991
259622153
991
259622163
991
259622173
991
259622183
991
259622193
991
259622203
991
259622213
991
259622223
991
259622233
991
259622243
991
259622253
991
259622263
991
259622273
991
259622283
991
259622293
991
259622303
991
259622313
991
259622323
991
259622333
991
259622343
991
259622353
991
259622363
991
259622373
991
259622383
991
259622393
991
259622403
991
259622413
991
259622423
991
259622433
991
259622443
991
259622453
991
259622463
991
259622473
991
259622483
991
259622493
991
259622503
991
259622513
991
259622523
991
259622533
991
259622543
991
259622553
991
259622563
991
259622573
991
259622583
991
259622593
991
259622603
991
259622613
991
259622623
991
259622633
991
259622643
991
259622653
991
259622663
991
259622673
991
259622683
991
259622693
991
259622703
991
259622713
991
259622723
991
259622733
991
259622743
991
259622753
991
259622763
991
259622773
991
259622783
991
259622793
991
259622803
991
259622813
991
259622823
991
259622833
991
259622843
991
259622853
991
259622863
991
259622873
991
259622883
991
259622893
991
259622903
991
259622913
991
259622923
991
259622933
991
259622943
991
259622953
991
259622963
991
259622973
991
259622983
991
259622993
991
259623003
991
259623013
991
259623023
991
259623033
991
259623043
991
259623053
991
259623063
991
259623073
991
259623083
991
259623093
991
259623103
991
259623113
991
259623123
991
259623133
991
259623143
991
259623153
991
259623163
991
259623173
991
259623183
991
259623193
991
259623203
991
259623213
991
259623223
991
259623233
991
259623243
991
259623253
991
259623263
991
259623273
991
259623283
991
259623293
991
259623303
991
259623313
991
259623323
991
259623333
991
259623343
991
259623353
991
259623363
991
259623373
991
259623383
991
259623393
991
259623403
991
259623413
991
259623423
991
259623433
991
259623443
991
259623453
991
259623463
991
259623473
991
259623483
991
259623493
991
259623503
991
259623513
991
259623523
991
259623533
991
259623543
991
259623553
991
259623563
991
259623573
991
259623583
991
259623593
991
259623603
991
259623613
991
259623623
991
259623633
991
259623643
991
259623653
991
259623663
991
259623673
991
259623683
991
259623693
991
259623703
991
259623713
991
259623723
991
259623733
991
259623743
991
259623753
991
259623763
991
259623773
991
259623783
991
259623793
991
259623803
991
259623813
991
259623823
991
259623833
991
259623843
991
259623853
991
259623863
991
259623873
991
259623883
991
259623893
991
259623903
991
259623913
991
259623923
991
259623933
991
259623943
991
259623953
991
259623963
991
259623973
991
259623983
991
259623993
991
259624003
991
259624013
991
259624023
991
259624033
991
259624043
991
259624053
991
259624063
991
259624073
991
259624083
991
259624093
991
259624103
991
259624113
991
259624123
991
259624133
991
259624143
991
259624153
991
259624163
991
259624173
991
259624183
991
259624193
991
259624203
991
259624213
991
259624223
991
259624233
991
259624243
991
259624253
991
259624263
991
259624273
991
259624283
991
259624293
991
259624303
991
259624313
991
259624323
991
259624333
991
259624343
991
259624353
991
259624363
991
259624373
991
259624383
991
259624393
991
259624403
991
259624413
991
259624423
991
259624433
991
259624443
991
259624453
991
259624463
991
259624473
991
259624483
991
259624493
991
259624503
991
259624513
991
259624523
991
259624533
991
259624543
991
259624553
991
259624563
991
259624573
991
259624583
991
259624593
991
259624603
991
259624613
991
259624623
991
259624633
991
259624643
991
259624653
991
259624663
991
259624673
991
259624683
991
259624693
991
259624703
991
259624713
991
259624723
991
259624733
991
259624743
991
259624753
991
259624763
991
259624773
991
259624783
991
259624793
991
259624803
991
259624813
991
259624823
991
259624833
991
259624843
991
259624853
991
259624863
991
259624873
991
259624883
991
259624893
991
259624903
991
259624913
991
259624923
991
259624933
991
259624943
991
259624953
991
259710979
991
259710989
991
259710999
991
259711009
991
259711019
991
259711029
991
259711039
991
259711049
991
259711059
991
259711069
991
259711079
991
259711089
991
259711099
991
259711109
991
259711119
991
259711129
991
259711139
991
259711149
991
259711159
991
259711169
991
259711179
991
259711189
991
259711199
991
259711209
991
259711219
991
259711229
991
259711239
991
259711249
991
259711259
991
259711269
991
259711279
991
259711289
991
259711299
991
259711309
991
259711319
991
259711329
991
259711339
991
259711349
991
259711359
991
259711369
991
259711379
991
259711389
991
259711399
991
259711409
991
259711419
991
259711429
991
259711439
991
259711449
991
259711459
991
259711469
991
259711479
991
259711489
991
259711499
991
259711509
991
259711519
991
259711529
991
259711539
991
259711549
991
259711559
991
259711569
991
259711579
991
259711589
991
259711599
991
259711609
991
259711619
991
259711629
991
259711639
991
259711649
991
259711659
991
259711669
991
259711679
991
259711689
991
259711699
991
259711709
991
259711719
991
259711729
991
259711739
991
259711749
991
259711759
991
259711769
991
259711779
991
259711789
991
259711799
991
259711809
991
259711819
991
259711829
991
259711839
991
259711849
991
259711859
991
259711869
991
259711879
991
259711889
991
259711899
991
259711909
991
259711919
991
259711929
991
259711939
991
259711949
991
259711959
991
259711969
991
259711979
991
259711989
991
259711999
991
259712009
991
259712019
991
259712029
991
259712039
991
259712049
991
259712059
991
259712069
991
259712079
991
259712089
991
259712099
991
259712109
991
259712119
991
259712129
991
259712139
991
259712149
991
259712159
991
259712169
991
259712179
991
259712189
991
259712199
991
259712209
991
259712219
991
259712229
991
259712239
991
259712249
991
259712259
991
259712269
991
259712279
991
259712289
991
259712299
991
259712309
991
259712319
991
259712329
991
259712339
991
259712349
991
259712359
991
259712369
991
259712379
991
259712389
991
259712399
991
259712409
991
259712419
991
259712429
991
259712439
991
259712449
991
259712459
991
259712469
991
259712479
991
259712489
991
259712499
991
259712509
991
259712519
991
259712529
991
259712539
991
259712549
991
259712559
991
259712569
991
259712579
991
259712589
991
259712599
991
259712609
991
259712619
991
259712629
991
259712639
991
259712649
991
259712659
991
259712669
991
259712679
991
259712689
991
259712699
991
259712709
991
259712719
991
259712729
991
259712739
991
259712749
991
259712759
991
259712769
991
259712779
991
259712789
991
259712799
991
259712809
991
259712819
991
259712829
991
259712839
991
259712849
991
259712859
991
259712869
991
259712879
991
259712889
991
259712899
991
259712909
991
259712919
991
259712929
991
259712939
991
259712949
991
259712959
991
259712969
991
259712979
991
259712989
991
259712999
991
259713009
991
259713019
991
259713029
991
259713039
991
259713049
991
259713059
991
259713069
991
259713079
991
259713089
991
259713099
991
259713109
991
259713119
991
259713129
991
259713139
991
259713149
991
259713159
991
259713169
991
259713179
991
259713189
991
259713199
991
259713209
991
259713219
991
259713229
991
259713239
991
259713249
991
259713259
991
259713269
991
259713279
991
259713289
991
259713299
991
259713309
991
259713319
991
259713329
991
259713339
991
259713349
991
259713359
991
259713369
991
259713379
991
259713389
991
259713399
991
259713409
991
259713419
991
259713429
991
259713439
991
259713449
991
259713459
991
259713469
991
259713479
991
259713489
991
259713499
991
259713509
991
259713519
991
259713529
991
259713539
991
259713549
991
259713559
991
259713569
991
259713579
991
259713589
991
259713599
991
259713609
991
259713619
991
259713629
991
259713639
991
259713649
991
259713659
991
259713669
991
259713679
991
259713689
991
259713699
991
259713709
991
259713719
991
259713729
991
259713739
991
259713749
991
259713759
991
259713769
991
259713779
991
259713789
991
259713799
991
259713809
991
259713819
991
259713829
991
259713839
991
259713849
991
259713859
991
259713869
991
259713879
991
259713889
991
259713899
991
259713909
991
259713919
991
259713929
991
259713939
991
259713949
991
259713959
991
259713969
991
259713979
991
259713989
991
259713999
991
259714009
991
259714019
991
259714029
991
259714039
991
259714049
991
259714059
991
259714069
991
259714079
991
259714089
991
259714099
991
259714109
991
259714119
991
259714129
991
259714139
991
259714149
991
259714159
991
259714169
991
259714179
991
259714189
991
259714199
991
259714209
991
259714219
991
259714229
991
259714239
991
259714249
991
259714259
991
259714269
991
259714279
991
259714289
991
259714299
991
259714309
991
259714319
991
259714329
991
259714339
991
259714349
991
259714359
991
259714369
991
259714379
991
259714389
991
259714399
991
259714409
991
259714419
991
259714429
991
259714439
991
259714449
991
259714459
991
259714469
991
259714479
991
259714489
991
259714499
991
259714509
991
259714519
991
259714529
991
259714539
991
259714549
991
259714559
991
259714569
991
259714579
991
259714589
991
259714599
991
259714609
991
259714619
991
259714629
991
259714639
991
259714649
991
259714659
991
259714669
991
259714679
991
259714689
991
259714699
991
259714709
991
259714719
991
259714729
991
259714739
991
259714749
991
259714759
991
259714769
991
259714779
991
259714789
991
259714799
991
259714809
991
259714819
991
259714829
991
259714839
991
259714849
991
259714859
991
259714869
991
259714879
991
259714889
991
259714899
991
259714909
991
259714919
991
259714929
991
259714939
991
259714949
991
259714959
991
259714969
991
259714979
991
259714989
991
259714999
991
259715009
991
259715019
991
259715029
991
259715039
991
259715049
991
259715059
991
259715069
991
259694599
991
259694609
991
259694619
991
259694629
991
259694639
991
259694649
991
259694659
991
259694669
991
259694679
991
259694689
991
259694699
991
259694709
991
259694719
991
259694729
991
259694739
991
259694749
991
259694759
991
259694769
991
259694779
991
259694789
991
259694799
991
259694809
991
259694819
991
259694829
991
259694839
991
259694849
991
259694859
991
259694869
991
259694879
991
259694889
991
259694899
991
259694909
991
259694919
991
259694929
991
259694939
991
259694949
991
259694959
991
259694969
991
259694979
991
259694989
991
259694999
991
259695009
991
259695019
991
259695029
991
259695039
991
259695049
991
259695059
991
259695069
991
259695079
991
259695089
991
259695099
991
259695109
991
259695119
991
259695129
991
259695139
991
259695149
991
259695159
991
259695169
991
259695179
991
259695189
991
259695199
991
259695209
991
259695219
991
259695229
991
259695239
991
259695249
991
259695259
991
259695269
991
259695279
991
259695289
991
259695299
991
259695309
991
259695319
991
259695329
991
259695339
991
259695349
991
259695359
991
259695369
991
259695379
991
259695389
991
259695399
991
259695409
991
259695419
991
259695429
991
259695439
991
259695449
991
259695459
991
259695469
991
259695479
991
259695489
991
259695499
991
259695509
991
259695519
991
259695529
991
259695539
991
259695549
991
259695559
991
259695569
991
259695579
991
259695589
991
259695599
991
259695609
991
259695619
991
259695629
991
259695639
991
259695649
991
259695659
991
259695669
991
259695679
991
259695689
991
259695699
991
259695709
991
259695719
991
259695729
991
259695739
991
259695749
991
259695759
991
259695769
991
259695779
991
259695789
991
259695799
991
259695809
991
259695819
991
259695829
991
259695839
991
259695849
991
259695859
991
259695869
991
259695879
991
259695889
991
259695899
991
259695909
991
259695919
991
259695929
991
259695939
991
259695949
991
259695959
991
259695969
991
259695979
991
259695989
991
259695999
991
259696009
991
259696019
991
259696029
991
259696039
991
259696049
991
259696059
991
259696069
991
259696079
991
259696089
991
259696099
991
259696109
991
259696119
991
259696129
991
259696139
991
259696149
991
259696159
991
259696169
991
259696179
991
259696189
991
259696199
991
259696209
991
259696219
991
259696229
991
259696239
991
259696249
991
259696259
991
259696269
991
259696279
991
259696289
991
259696299
991
259696309
991
259696319
991
259696329
991
259696339
991
259696349
991
259696359
991
259696369
991
259696379
991
259696389
991
259696399
991
259696409
991
259696419
991
259696429
991
259696439
991
259696449
991
259696459
991
259696469
991
259696479
991
259696489
991
259696499
991
259696509
991
259696519
991
259696529
991
259696539
991
259696549
991
259696559
991
259696569
991
259696579
991
259696589
991
259696599
991
259696609
991
259696619
991
259696629
991
259696639
991
259696649
991
259696659
991
259696669
991
259696679
991
259696689
991
259696699
991
259696709
991
259696719
991
259696729
991
259696739
991
259696749
991
259696759
991
259696769
991
259696779
991
259696789
991
259696799
991
259696809
991
259696819
991
259696829
991
259696839
991
259696849
991
259696859
991
259696869
991
259696879
991
259696889
991
259696899
991
259696909
991
259696919
991
259696929
991
259696939
991
259696949
991
259696959
991
259696969
991
259696979
991
259696989
991
259696999
991
259697009
991
259697019
991
259697029
991
259697039
991
259697049
991
259697059
991
259697069
991
259697079
991
259697089
991
259697099
991
259697109
991
259697119
991
259697129
991
259697139
991
259697149
991
259697159
991
259697169
991
259697179
991
259697189
991
259697199
991
259697209
991
259697219
991
259697229
991
259697239
991
259697249
991
259697259
991
259697269
991
259697279
991
259697289
991
259697299
991
259697309
991
259697319
991
259697329
991
259697339
991
259697349
991
259697359
991
259697369
991
259697379
991
259697389
991
259697399
991
259697409
991
259697419
991
259697429
991
259697439
991
259697449
991
259697459
991
259697469
991
259697479
991
259697489
991
259697499
991
259697509
991
259697519
991
259697529
991
259697539
991
259697549
991
259697559
991
259697569
991
259697579
991
259697589
991
259697599
991
259697609
991
259697619
991
259697629
991
259697639
991
259697649
991
259697659
991
259697669
991
259697679
991
259697689
991
259697699
991
259697709
991
259697719
991
259697729
991
259697739
991
259697749
991
259697759
991
259697769
991
259697779
991
259697789
991
259697799
991
259697809
991
259697819
991
259697829
991
259697839
991
259697849
991
259697859
991
259697869
991
259697879
991
259697889
991
259697899
991
259697909
991
259697919
991
259697929
991
259697939
991
259697949
991
259697959
991
259697969
991
259697979
991
259697989
991
259697999
991
259698009
991
259698019
991
259698029
991
259698039
991
259698049
991
259698059
991
259698069
991
259698079
991
259698089
991
259698099
991
259698109
991
259698119
991
259698129
991
259698139
991
259698149
991
259698159
991
259698169
991
259698179
991
259698189
991
259698199
991
259698209
991
259698219
991
259698229
991
259698239
991
259698249
991
259698259
991
259698269
991
259698279
991
259698289
991
259698299
991
259698309
991
259698319
991
259698329
991
259698339
991
259698349
991
259698359
991
259698369
991
259698379
991
259698389
991
259698399
991
259698409
991
259698419
991
259698429
991
259698439
991
259698449
991
259698459
991
259698469
991
259698479
991
259698489
991
259698499
991
259698509
991
259698519
991
259698529
991
259698539
991
259698549
991
259698559
991
259698569
991
259698579
991
259698589
991
259698599
991
259698609
991
259698619
991
259698629
991
259698639
991
259698649
991
259698659
991
259698669
991
259698679
991
259534851
991
259534861
991
259534871
991
259534881
991
259534891
991
259534901
991
259534911
991
259534921
991
259534931
991
259534941
991
259534951
991
259534961
991
259534971
991
259534981
991
259534991
991
259535001
991
259535011
991
259535021
991
259535031
991
259535041
991
259535051
991
259535061
991
259535071
991
259535081
991
259535091
991
259535101
991
259535111
991
259535121
991
259535131
991
259535141
991
259535151
991
259535161
991
259535171
991
259535181
991
259535191
991
259535201
991
259535211
991
259535221
991
259535231
991
259535241
991
259535251
991
259535261
991
259535271
991
259535281
991
259535291
991
259535301
991
259535311
991
259535321
991
259535331
991
259535341
991
259535351
991
259535361
991
259535371
991
259535381
991
259535391
991
259535401
991
259535411
991
259535421
991
259535431
991
259535441
991
259535451
991
259535461
991
259535471
991
259535481
991
259535491
991
259535501
991
259535511
991
259535521
991
259535531
991
259535541
991
259535551
991
259535561
991
259535571
991
259535581
991
259535591
991
259535601
991
259535611
991
259535621
991
259535631
991
259535641
991
259535651
991
259535661
991
259535671
991
259535681
991
259535691
991
259535701
991
259535711
991
259535721
991
259535731
991
259535741
991
259535751
991
259535761
991
259535771
991
259535781
991
259535791
991
259535801
991
259535811
991
259535821
991
259535831
991
259535841
991
259535851
991
259535861
991
259535871
991
259535881
991
259535891
991
259535901
991
259535911
991
259535921
991
259535931
991
259535941
991
259535951
991
259535961
991
259535971
991
259535981
991
259535991
991
259536001
991
259536011
991
259536021
991
259536031
991
259536041
991
259536051
991
259536061
991
259536071
991
259536081
991
259536091
991
259536101
991
259536111
991
259536121
991
259536131
991
259536141
991
259536151
991
259536161
991
259536171
991
259536181
991
259536191
991
259536201
991
259536211
991
259536221
991
259536231
991
259536241
991
259536251
991
259536261
991
259536271
991
259536281
991
259536291
991
259536301
991
259536311
991
259536321
991
259536331
991
259536341
991
259536351
991
259536361
991
259536371
991
259536381
991
259536391
991
259536401
991
259536411
991
259536421
991
259536431
991
259536441
991
259536451
991
259536461
991
259536471
991
259536481
991
259536491
991
259536501
991
259536511
991
259536521
991
259536531
991
259536541
991
259536551
991
259536561
991
259536571
991
259536581
991
259536591
991
259536601
991
259536611
991
259536621
991
259536631
991
259536641
991
259536651
991
259536661
991
259536671
991
259536681
991
259536691
991
259536701
991
259536711
991
259536721
991
259536731
991
259536741
991
259536751
991
259536761
991
259536771
991
259536781
991
259536791
991
259536801
991
259536811
991
259536821
991
259536831
991
259536841
991
259536851
991
259536861
991
259536871
991
259536881
991
259536891
991
259536901
991
259536911
991
259536921
991
259536931
991
259536941
991
259536951
991
259536961
991
259536971
991
259536981
991
259536991
991
259537001
991
259537011
991
259537021
991
259537031
991
259537041
991
259537051
991
259537061
991
259537071
991
259537081
991
259537091
991
259537101
991
259537111
991
259537121
991
259537131
991
259537141
991
259537151
991
259537161
991
259537171
991
259537181
991
259537191
991
259537201
991
259537211
991
259537221
991
259537231
991
259537241
991
259537251
991
259537261
991
259537271
991
259537281
991
259537291
991
259537301
991
259537311
991
259537321
991
259537331
991
259537341
991
259537351
991
259537361
991
259537371
991
259537381
991
259537391
991
259537401
991
259537411
991
259537421
991
259537431
991
259537441
991
259537451
991
259537461
991
259537471
991
259537481
991
259537491
991
259537501
991
259537511
991
259537521
991
259537531
991
259537541
991
259537551
991
259537561
991
259537571
991
259537581
991
259537591
991
259537601
991
259537611
991
259537621
991
259537631
991
259537641
991
259537651
991
259537661
991
259537671
991
259537681
991
259537691
991
259537701
991
259537711
991
259537721
991
259537731
991
259537741
991
259537751
991
259537761
991
259537771
991
259537781
991
259537791
991
259537801
991
259537811
991
259537821
991
259537831
991
259537841
991
259537851
991
259537861
991
259537871
991
259537881
991
259537891
991
259537901
991
259537911
991
259537921
991
259537931
991
259537941
991
259537951
991
259537961
991
259537971
991
259537981
991
259537991
991
259538001
991
259538011
991
259538021
991
259538031
991
259538041
991
259538051
991
259538061
991
259538071
991
259538081
991
259538091
991
259538101
991
259538111
991
259538121
991
259538131
991
259538141
991
259538151
991
259538161
991
259538171
991
259538181
991
259538191
991
259538201
991
259538211
991
259538221
991
259538231
991
259538241
991
259538251
991
259538261
991
259538271
991
259538281
991
259538291
991
259538301
991
259538311
991
259538321
991
259538331
991
259538341
991
259538351
991
259538361
991
259538371
991
259538381
991
259538391
991
259538401
991
259538411
991
259538421
991
259538431
991
259538441
991
259538451
991
259538461
991
259538471
991
259538481
991
259538491
991
259538501
991
259538511
991
259538521
991
259538531
991
259538541
991
259538551
991
259538561
991
259538571
991
259538581
991
259538591
991
259538601
991
259538611
991
259538621
991
259538631
991
259538641
991
259538651
991
259538661
991
259538671
991
259538681
991
259538691
991
259538701
991
259538711
991
259538721
991
259538731
991
259538741
991
259538751
991
259538761
991
259538771
991
259538781
991
259538791
991
259538801
991
259538811
991
259538821
991
259538831
991
259538841
991
259538851
991
259538861
991
259538871
991
259538881
991
259538891
991
259538901
991
259538911
991
259538921
991
259538931
991
259538941
991
259735553
991
259735563
991
259735573
991
259735583
991
259735593
991
259735603
991
259735613
991
259735623
991
259735633
991
259735643
991
259735653
991
259735663
991
259735673
991
259735683
991
259735693
991
259735703
991
259735713
991
259735723
991
259735733
991
259735743
991
259735753
991
259735763
991
259735773
991
259735783
991
259735793
991
259735803
991
259735813
991
259735823
991
259735833
991
259735843
991
259735853
991
259735863
991
259735873
991
259735883
991
259735893
991
259735903
991
259735913
991
259735923
991
259735933
991
259735943
991
259735953
991
259735963
991
259735973
991
259735983
991
259735993
991
259736003
991
259736013
991
259736023
991
259736033
991
259736043
991
259736053
991
259736063
991
259736073
991
259736083
991
259736093
991
259736103
991
259736113
991
259736123
991
259736133
991
259736143
991
259736153
991
259736163
991
259736173
991
259736183
991
259736193
991
259736203
991
259736213
991
259736223
991
259736233
991
259736243
991
259736253
991
259736263
991
259736273
991
259736283
991
259736293
991
259736303
991
259736313
991
259736323
991
259736333
991
259736343
991
259736353
991
259736363
991
259736373
991
259736383
991
259736393
991
259736403
991
259736413
991
259736423
991
259736433
991
259736443
991
259736453
991
259736463
991
259736473
991
259736483
991
259736493
991
259736503
991
259736513
991
259736523
991
259736533
991
259736543
991
259736553
991
259736563
991
259736573
991
259736583
991
259736593
991
259736603
991
259736613
991
259736623
991
259736633
991
259736643
991
259736653
991
259736663
991
259736673
991
259736683
991
259736693
991
259736703
991
259736713
991
259736723
991
259736733
991
259736743
991
259736753
991
259736763
991
259736773
991
259736783
991
259736793
991
259736803
991
259736813
991
259736823
991
259736833
991
259736843
991
259736853
991
259736863
991
259736873
991
259736883
991
259736893
991
259736903
991
259736913
991
259736923
991
259736933
991
259736943
991
259736953
991
259736963
991
259736973
991
259736983
991
259736993
991
259737003
991
259737013
991
259737023
991
259737033
991
259737043
991
259737053
991
259737063
991
259737073
991
259737083
991
259737093
991
259737103
991
259737113
991
259737123
991
259737133
991
259737143
991
259737153
991
259737163
991
259737173
991
259737183
991
259737193
991
259737203
991
259737213
991
259737223
991
259737233
991
259737243
991
259737253
991
259737263
991
259737273
991
259737283
991
259737293
991
259737303
991
259737313
991
259737323
991
259737333
991
259737343
991
259737353
991
259737363
991
259737373
991
259737383
991
259737393
991
259737403
991
259737413
991
259737423
991
259737433
991
259737443
991
259737453
991
259737463
991
259737473
991
259737483
991
259737493
991
259737503
991
259737513
991
259737523
991
259737533
991
259737543
991
259737553
991
259737563
991
259737573
991
259737583
991
259737593
991
259737603
991
259737613
991
259737623
991
259737633
991
259737643
991
259737653
991
259737663
991
259737673
991
259737683
991
259737693
991
259737703
991
259737713
991
259737723
991
259737733
991
259737743
991
259737753
991
259737763
991
259737773
991
259737783
991
259737793
991
259737803
991
259737813
991
259737823
991
259737833
991
259737843
991
259737853
991
259737863
991
259737873
991
259737883
991
259737893
991
259737903
991
259737913
991
259737923
991
259737933
991
259737943
991
259737953
991
259737963
991
259737973
991
259737983
991
259737993
991
259738003
991
259738013
991
259738023
991
259738033
991
259738043
991
259738053
991
259738063
991
259738073
991
259738083
991
259738093
991
259738103
991
259738113
991
259738123
991
259738133
991
259738143
991
259738153
991
259738163
991
259738173
991
259738183
991
259738193
991
259738203
991
259738213
991
259738223
991
259738233
991
259738243
991
259738253
991
259738263
991
259738273
991
259738283
991
259738293
991
259738303
991
259738313
991
259738323
991
259738333
991
259738343
991
259738353
991
259738363
991
259738373
991
259738383
991
259738393
991
259738403
991
259738413
991
259738423
991
259738433
991
259738443
991
259738453
991
259738463
991
259738473
991
259738483
991
259738493
991
259738503
991
259738513
991
259738523
991
259738533
991
259738543
991
259738553
991
259738563
991
259738573
991
259738583
991
259738593
991
259738603
991
259738613
991
259738623
991
259738633
991
259738643
991
259738653
991
259738663
991
259738673
991
259738683
991
259738693
991
259738703
991
259738713
991
259738723
991
259738733
991
259738743
991
259738753
991
259738763
991
259738773
991
259738783
991
259738793
991
259738803
991
259738813
991
259738823
991
259738833
991
259738843
991
259738853
991
259738863
991
259738873
991
259738883
991
259738893
991
259738903
991
259738913
991
259738923
991
259738933
991
259738943
991
259738953
991
259738963
991
259738973
991
259738983
991
259738993
991
259739003
991
259739013
991
259739023
991
259739033
991
259739043
991
259739053
991
259739063
991
259739073
991
259739083
991
259739093
991
259739103
991
259739113
991
259739123
991
259739133
991
259739143
991
259739153
991
259739163
991
259739173
991
259739183
991
259739193
991
259739203
991
259739213
991
259739223
991
259739233
991
259739243
991
259739253
991
259739263
991
259739273
991
259739283
991
259739293
991
259739303
991
259739313
991
259739323
991
259739333
991
259739343
991
259739353
991
259739363
991
259739373
991
259739383
991
259739393
991
259739403
991
259739413
991
259739423
991
259739433
991
259739443
991
259739453
991
259739463
991
259739473
991
259739483
991
259739493
991
259739503
991
259739513
991
259739523
991
259739533
991
259739543
991
259739553
991
259739563
991
259739573
991
259739583
991
259739593
991
259739603
991
259739613
991
259739623
991
259739633
991
259739643
991
259665927
991
259665937
991
259665947
991
259665957
991
259665967
991
259665977
991
259665987
991
259665997
991
259666007
991
259666017
991
259666027
991
259666037
991
259666047
991
259666057
991
259666067
991
259666077
991
259666087
991
259666097
991
259666107
991
259666117
991
259666127
991
259666137
991
259666147
991
259666157
991
259666167
991
259666177
991
259666187
991
259666197
991
259666207
991
259666217
991
259666227
991
259666237
991
259666247
991
259666257
991
259666267
991
259666277
991
259666287
991
259666297
991
259666307
991
259666317
991
259666327
991
259666337
991
259666347
991
259666357
991
259666367
991
259666377
991
259666387
991
259666397
991
259666407
991
259666417
991
259666427
991
259666437
991
259666447
991
259666457
991
259666467
991
259666477
991
259666487
991
259666497
991
259666507
991
259666517
991
259666527
991
259666537
991
259666547
991
259666557
991
259666567
991
259666577
991
259666587
991
259666597
991
259666607
991
259666617
991
259666627
991
259666637
991
259666647
991
259666657
991
259666667
991
259666677
991
259666687
991
259666697
991
259666707
991
259666717
991
259666727
991
259666737
991
259666747
991
259666757
991
259666767
991
259666777
991
259666787
991
259666797
991
259666807
991
259666817
991
259666827
991
259666837
991
259666847
991
259666857
991
259666867
991
259666877
991
259666887
991
259666897
991
259666907
991
259666917
991
259666927
991
259666937
991
259666947
991
259666957
991
259666967
991
259666977
991
259666987
991
259666997
991
259667007
991
259667017
991
259667027
991
259667037
991
259667047
991
259667057
991
259667067
991
259667077
991
259667087
991
259667097
991
259667107
991
259667117
991
259667127
991
259667137
991
259667147
991
259667157
991
259667167
991
259667177
991
259667187
991
259667197
991
259667207
991
259667217
991
259667227
991
259667237
991
259667247
991
259667257
991
259667267
991
259667277
991
259667287
991
259667297
991
259667307
991
259667317
991
259667327
991
259667337
991
259667347
991
259667357
991
259667367
991
259667377
991
259667387
991
259667397
991
259667407
991
259667417
991
259667427
991
259667437
991
259667447
991
259667457
991
259667467
991
259667477
991
259667487
991
259667497
991
259667507
991
259667517
991
259667527
991
259667537
991
259667547
991
259667557
991
259667567
991
259667577
991
259667587
991
259667597
991
259667607
991
259667617
991
259667627
991
259667637
991
259667647
991
259667657
991
259667667
991
259667677
991
259667687
991
259667697
991
259667707
991
259667717
991
259667727
991
259667737
991
259667747
991
259667757
991
259667767
991
259667777
991
259667787
991
259667797
991
259667807
991
259667817
991
259667827
991
259667837
991
259667847
991
259667857
991
259667867
991
259667877
991
259667887
991
259667897
991
259667907
991
259667917
991
259667927
991
259667937
991
259667947
991
259667957
991
259667967
991
259667977
991
259667987
991
259667997
991
259668007
991
259668017
991
259668027
991
259668037
991
259668047
991
259668057
991
259668067
991
259668077
991
259668087
991
259668097
991
259668107
991
259668117
991
259668127
991
259668137
991
259668147
991
259668157
991
259668167
991
259668177
991
259668187
991
259668197
991
259668207
991
259668217
991
259668227
991
259668237
991
259668247
991
259668257
991
259668267
991
259668277
991
259668287
991
259668297
991
259668307
991
259668317
991
259668327
991
259668337
991
259668347
991
259668357
991
259668367
991
259668377
991
259668387
991
259668397
991
259668407
991
259668417
991
259668427
991
259668437
991
259668447
991
259668457
991
259668467
991
259668477
991
259668487
991
259668497
991
259668507
991
259668517
991
259668527
991
259668537
991
259668547
991
259668557
991
259668567
991
259668577
991
259668587
991
259668597
991
259668607
991
259668617
991
259668627
991
259668637
991
259668647
991
259668657
991
259668667
991
259668677
991
259668687
991
259668697
991
259668707
991
259668717
991
259668727
991
259668737
991
259668747
991
259668757
991
259668767
991
259668777
991
259668787
991
259668797
991
259668807
991
259668817
991
259668827
991
259668837
991
259668847
991
259668857
991
259668867
991
259668877
991
259668887
991
259668897
991
259668907
991
259668917
991
259668927
991
259668937
991
259668947
991
259668957
991
259668967
991
259668977
991
259668987
991
259668997
991
259669007
991
259669017
991
259669027
991
259669037
991
259669047
991
259669057
991
259669067
991
259669077
991
259669087
991
259669097
991
259669107
991
259669117
991
259669127
991
259669137
991
259669147
991
259669157
991
259669167
991
259669177
991
259669187
991
259669197
991
259669207
991
259669217
991
259669227
991
259669237
991
259669247
991
259669257
991
259669267
991
259669277
991
259669287
991
259669297
991
259669307
991
259669317
991
259669327
991
259669337
991
259669347
991
259669357
991
259669367
991
259669377
991
259669387
991
259669397
991
259669407
991
259669417
991
259669427
991
259669437
991
259669447
991
259669457
991
259669467
991
259669477
991
259669487
991
259669497
991
259669507
991
259669517
991
259669527
991
259669537
991
259669547
991
259669557
991
259669567
991
259669577
991
259669587
991
259669597
991
259669607
991
259669617
991
259669627
991
259669637
991
259669647
991
259669657
991
259669667
991
259669677
991
259669687
991
259669697
991
259669707
991
259669717
991
259669727
991
259669737
991
259669747
991
259669757
991
259669767
991
259669777
991
259669787
991
259669797
991
259669807
991
259669817
991
259669827
991
259669837
991
259669847
991
259669857
991
259669867
991
259669877
991
259669887
991
259669897
991
259669907
991
259669917
991
259669927
991
259669937
991
259669947
991
259669957
991
259669967
991
259669977
991
259669987
991
259669997
991
259670007
991
259776521
991
259776531
991
259776541
991
259776551
991
259776561
991
259776571
991
259776581
991
259776591
991
259776601
991
259776611
991
259776621
991
259776631
991
259776641
991
259776651
991
259776661
991
259776671
991
259776681
991
259776691
991
259776701
991
259776711
991
259776721
991
259776731
991
259776741
991
259776751
991
259776761
991
259776771
991
259776781
991
259776791
991
259776801
991
259776811
991
259776821
991
259776831
991
259776841
991
259776851
991
259776861
991
259776871
991
259776881
991
259776891
991
259776901
991
259776911
991
259776921
991
259776931
991
259776941
991
259776951
991
259776961
991
259776971
991
259776981
991
259776991
991
259777001
991
259777011
991
259777021
991
259777031
991
259777041
991
259777051
991
259777061
991
259777071
991
259777081
991
259777091
991
259777101
991
259777111
991
259777121
991
259777131
991
259777141
991
259777151
991
259777161
991
259777171
991
259777181
991
259777191
991
259777201
991
259777211
991
259777221
991
259777231
991
259777241
991
259777251
991
259777261
991
259777271
991
259777281
991
259777291
991
259777301
991
259777311
991
259777321
991
259777331
991
259777341
991
259777351
991
259777361
991
259777371
991
259777381
991
259777391
991
259777401
991
259777411
991
259777421
991
259777431
991
259777441
991
259777451
991
259777461
991
259777471
991
259777481
991
259777491
991
259777501
991
259777511
991
259777521
991
259777531
991
259777541
991
259777551
991
259777561
991
259777571
991
259777581
991
259777591
991
259777601
991
259777611
991
259777621
991
259777631
991
259777641
991
259777651
991
259777661
991
259777671
991
259777681
991
259777691
991
259777701
991
259777711
991
259777721
991
259777731
991
259777741
991
259777751
991
259777761
991
259777771
991
259777781
991
259777791
991
259777801
991
259777811
991
259777821
991
259777831
991
259777841
991
259777851
991
259777861
991
259777871
991
259777881
991
259777891
991
259777901
991
259777911
991
259777921
991
259777931
991
259777941
991
259777951
991
259777961
991
259777971
991
259777981
991
259777991
991
259778001
991
259778011
991
259778021
991
259778031
991
259778041
991
259778051
991
259778061
991
259778071
991
259778081
991
259778091
991
259778101
991
259778111
991
259778121
991
259778131
991
259778141
991
259778151
991
259778161
991
259778171
991
259778181
991
259778191
991
259778201
991
259778211
991
259778221
991
259778231
991
259778241
991
259778251
991
259778261
991
259778271
991
259778281
991
259778291
991
259778301
991
259778311
991
259778321
991
259778331
991
259778341
991
259778351
991
259778361
991
259778371
991
259778381
991
259778391
991
259778401
991
259778411
991
259778421
991
259778431
991
259778441
991
259778451
991
259778461
991
259778471
991
259778481
991
259778491
991
259778501
991
259778511
991
259778521
991
259778531
991
259778541
991
259778551
991
259778561
991
259778571
991
259778581
991
259778591
991
259778601
991
259778611
991
259778621
991
259778631
991
259778641
991
259778651
991
259778661
991
259778671
991
259778681
991
259778691
991
259778701
991
259778711
991
259778721
991
259778731
991
259778741
991
259778751
991
259778761
991
259778771
991
259778781
991
259778791
991
259778801
991
259778811
991
259778821
991
259778831
991
259778841
991
259778851
991
259778861
991
259778871
991
259778881
991
259778891
991
259778901
991
259778911
991
259778921
991
259778931
991
259778941
991
259778951
991
259778961
991
259778971
991
259778981
991
259778991
991
259779001
991
259779011
991
259779021
991
259779031
991
259779041
991
259779051
991
259779061
991
259779071
991
259779081
991
259779091
991
259779101
991
259779111
991
259779121
991
259779131
991
259779141
991
259779151
991
259779161
991
259779171
991
259779181
991
259779191
991
259779201
991
259779211
991
259779221
991
259779231
991
259779241
991
259779251
991
259779261
991
259779271
991
259779281
991
259779291
991
259779301
991
259779311
991
259779321
991
259779331
991
259779341
991
259779351
991
259779361
991
259779371
991
259779381
991
259779391
991
259779401
991
259779411
991
259779421
991
259779431
991
259779441
991
259779451
991
259779461
991
259779471
991
259779481
991
259779491
991
259779501
991
259779511
991
259779521
991
259779531
991
259779541
991
259779551
991
259779561
991
259779571
991
259779581
991
259779591
991
259779601
991
259779611
991
259779621
991
259779631
991
259779641
991
259779651
991
259779661
991
259779671
991
259779681
991
259779691
991
259779701
991
259779711
991
259779721
991
259779731
991
259779741
991
259779751
991
259779761
991
259779771
991
259779781
991
259779791
991
259779801
991
259779811
991
259779821
991
259779831
991
259779841
991
259779851
991
259779861
991
259779871
991
259779881
991
259779891
991
259779901
991
259779911
991
259779921
991
259779931
991
259779941
991
259779951
991
259779961
991
259779971
991
259779981
991
259779991
991
259780001
991
259780011
991
259780021
991
259780031
991
259780041
991
259780051
991
259780061
991
259780071
991
259780081
991
259780091
991
259780101
991
259780111
991
259780121
991
259780131
991
259780141
991
259780151
991
259780161
991
259780171
991
259780181
991
259780191
991
259780201
991
259780211
991
259780221
991
259780231
991
259780241
991
259780251
991
259780261
991
259780271
991
259780281
991
259780291
991
259780301
991
259780311
991
259780321
991
259780331
991
259780341
991
259780351
991
259780361
991
259780371
991
259780381
991
259780391
991
259780401
991
259780411
991
259780421
991
259780431
991
259780441
991
259780451
991
259780461
991
259780471
991
259780481
991
259780491
991
259780501
991
259780511
991
259780521
991
259780531
991
259780541
991
259780551
991
259780561
991
259780571
991
259780581
991
259780591
991
259780601
991
259612675
991
259612685
991
259612695
991
259612705
991
259612715
991
259612725
991
259612735
991
259612745
991
259612755
991
259612765
991
259612775
991
259612785
991
259612795
991
259612805
991
259612815
991
259612825
991
259612835
991
259612845
991
259612855
991
259612865
991
259612875
991
259612885
991
259612895
991
259612905
991
259612915
991
259612925
991
259612935
991
259612945
991
259612955
991
259612965
991
259612975
991
259612985
991
259612995
991
259613005
991
259613015
991
259613025
991
259613035
991
259613045
991
259613055
991
259613065
991
259613075
991
259613085
991
259613095
991
259613105
991
259613115
991
259613125
991
259613135
991
259613145
991
259613155
991
259613165
991
259613175
991
259613185
991
259613195
991
259613205
991
259613215
991
259613225
991
259613235
991
259613245
991
259613255
991
259613265
991
259613275
991
259613285
991
259613295
991
259613305
991
259613315
991
259613325
991
259613335
991
259613345
991
259613355
991
259613365
991
259613375
991
259613385
991
259613395
991
259613405
991
259613415
991
259613425
991
259613435
991
259613445
991
259613455
991
259613465
991
259613475
991
259613485
991
259613495
991
259613505
991
259613515
991
259613525
991
259613535
991
259613545
991
259613555
991
259613565
991
259613575
991
259613585
991
259613595
991
259613605
991
259613615
991
259613625
991
259613635
991
259613645
991
259613655
991
259613665
991
259613675
991
259613685
991
259613695
991
259613705
991
259613715
991
259613725
991
259613735
991
259613745
991
259613755
991
259613765
991
259613775
991
259613785
991
259613795
991
259613805
991
259613815
991
259613825
991
259613835
991
259613845
991
259613855
991
259613865
991
259613875
991
259613885
991
259613895
991
259613905
991
259613915
991
259613925
991
259613935
991
259613945
991
259613955
991
259613965
991
259613975
991
259613985
991
259613995
991
259614005
991
259614015
991
259614025
991
259614035
991
259614045
991
259614055
991
259614065
991
259614075
991
259614085
991
259614095
991
259614105
991
259614115
991
259614125
991
259614135
991
259614145
991
259614155
991
259614165
991
259614175
991
259614185
991
259614195
991
259614205
991
259614215
991
259614225
991
259614235
991
259614245
991
259614255
991
259614265
991
259614275
991
259614285
991
259614295
991
259614305
991
259614315
991
259614325
991
259614335
991
259614345
991
259614355
991
259614365
991
259614375
991
259614385
991
259614395
991
259614405
991
259614415
991
259614425
991
259614435
991
259614445
991
259614455
991
259614465
991
259614475
991
259614485
991
259614495
991
259614505
991
259614515
991
259614525
991
259614535
991
259614545
991
259614555
991
259614565
991
259614575
991
259614585
991
259614595
991
259614605
991
259614615
991
259614625
991
259614635
991
259614645
991
259614655
991
259614665
991
259614675
991
259614685
991
259614695
991
259614705
991
259614715
991
259614725
991
259614735
991
259614745
991
259614755
991
259614765
991
259614775
991
259614785
991
259614795
991
259614805
991
259614815
991
259614825
991
259614835
991
259614845
991
259614855
991
259614865
991
259614875
991
259614885
991
259614895
991
259614905
991
259614915
991
259614925
991
259614935
991
259614945
991
259614955
991
259614965
991
259614975
991
259614985
991
259614995
991
259615005
991
259615015
991
259615025
991
259615035
991
259615045
991
259615055
991
259615065
991
259615075
991
259615085
991
259615095
991
259615105
991
259615115
991
259615125
991
259615135
991
259615145
991
259615155
991
259615165
991
259615175
991
259615185
991
259615195
991
259615205
991
259615215
991
259615225
991
259615235
991
259615245
991
259615255
991
259615265
991
259615275
991
259615285
991
259615295
991
259615305
991
259615315
991
259615325
991
259615335
991
259615345
991
259615355
991
259615365
991
259615375
991
259615385
991
259615395
991
259615405
991
259615415
991
259615425
991
259615435
991
259615445
991
259615455
991
259615465
991
259615475
991
259615485
991
259615495
991
259615505
991
259615515
991
259615525
991
259615535
991
259615545
991
259615555
991
259615565
991
259615575
991
259615585
991
259615595
991
259615605
991
259615615
991
259615625
991
259615635
991
259615645
991
259615655
991
259615665
991
259615675
991
259615685
991
259615695
991
259615705
991
259615715
991
259615725
991
259615735
991
259615745
991
259615755
991
259615765
991
259615775
991
259615785
991
259615795
991
259615805
991
259615815
991
259615825
991
259615835
991
259615845
991
259615855
991
259615865
991
259615875
991
259615885
991
259615895
991
259615905
991
259615915
991
259615925
991
259615935
991
259615945
991
259615955
991
259615965
991
259615975
991
259615985
991
259615995
991
259616005
991
259616015
991
259616025
991
259616035
991
259616045
991
259616055
991
259616065
991
259616075
991
259616085
991
259616095
991
259616105
991
259616115
991
259616125
991
259616135
991
259616145
991
259616155
991
259616165
991
259616175
991
259616185
991
259616195
991
259616205
991
259616215
991
259616225
991
259616235
991
259616245
991
259616255
991
259616265
991
259616275
991
259616285
991
259616295
991
259616305
991
259616315
991
259616325
991
259616335
991
259616345
991
259616355
991
259616365
991
259616375
991
259616385
991
259616395
991
259616405
991
259616415
991
259616425
991
259616435
991
259616445
991
259616455
991
259616465
991
259616475
991
259616485
991
259616495
991
259616505
991
259616515
991
259616525
991
259616535
991
259616545
991
259616555
991
259616565
991
259616575
991
259616585
991
259616595
991
259616605
991
259616615
991
259616625
991
259616635
991
259616645
991
259616655
991
259616665
991
259616675
991
259616685
991
259616695
991
259616705
991
259616715
991
259616725
991
259616735
991
259616745
991
259616755
991
259616765
991
259649545
991
259649555
991
259649565
991
259649575
991
259649585
991
259649595
991
259649605
991
259649615
991
259649625
991
259649635
991
259649645
991
259649655
991
259649665
991
259649675
991
259649685
991
259649695
991
259649705
991
259649715
991
259649725
991
259649735
991
259649745
991
259649755
991
259649765
991
259649775
991
259649785
991
259649795
991
259649805
991
259649815
991
259649825
991
259649835
991
259649845
991
259649855
991
259649865
991
259649875
991
259649885
991
259649895
991
259649905
991
259649915
991
259649925
991
259649935
991
259649945
991
259649955
991
259649965
991
259649975
991
259649985
991
259649995
991
259650005
991
259650015
991
259650025
991
259650035
991
259650045
991
259650055
991
259650065
991
259650075
991
259650085
991
259650095
991
259650105
991
259650115
991
259650125
991
259650135
991
259650145
991
259650155
991
259650165
991
259650175
991
259650185
991
259650195
991
259650205
991
259650215
991
259650225
991
259650235
991
259650245
991
259650255
991
259650265
991
259650275
991
259650285
991
259650295
991
259650305
991
259650315
991
259650325
991
259650335
991
259650345
991
259650355
991
259650365
991
259650375
991
259650385
991
259650395
991
259650405
991
259650415
991
259650425
991
259650435
991
259650445
991
259650455
991
259650465
991
259650475
991
259650485
991
259650495
991
259650505
991
259650515
991
259650525
991
259650535
991
259650545
991
259650555
991
259650565
991
259650575
991
259650585
991
259650595
991
259650605
991
259650615
991
259650625
991
259650635
991
259650645
991
259650655
991
259650665
991
259650675
991
259650685
991
259650695
991
259650705
991
259650715
991
259650725
991
259650735
991
259650745
991
259650755
991
259650765
991
259650775
991
259650785
991
259650795
991
259650805
991
259650815
991
259650825
991
259650835
991
259650845
991
259650855
991
259650865
991
259650875
991
259650885
991
259650895
991
259650905
991
259650915
991
259650925
991
259650935
991
259650945
991
259650955
991
259650965
991
259650975
991
259650985
991
259650995
991
259651005
991
259651015
991
259651025
991
259651035
991
259651045
991
259651055
991
259651065
991
259651075
991
259651085
991
259651095
991
259651105
991
259651115
991
259651125
991
259651135
991
259651145
991
259651155
991
259651165
991
259651175
991
259651185
991
259651195
991
259651205
991
259651215
991
259651225
991
259651235
991
259651245
991
259651255
991
259651265
991
259651275
991
259651285
991
259651295
991
259651305
991
259651315
991
259651325
991
259651335
991
259651345
991
259651355
991
259651365
991
259651375
991
259651385
991
259651395
991
259651405
991
259651415
991
259651425
991
259651434
991
259651445
991
259651455
991
259651465
991
259651475
991
259651485
991
259651495
991
259651505
991
259651515
991
259651525
991
259651535
991
259651545
991
259651555
991
259651565
991
259651575
991
259651585
991
259651595
991
259651605
991
259651615
991
259651625
991
259651635
991
259651645
991
259651655
991
259651665
991
259651675
991
259651685
991
259651695
991
259651705
991
259651715
991
259651725
991
259651735
991
259651745
991
259651755
991
259651765
991
259651775
991
259651785
991
259651795
991
259651805
991
259651815
991
259651825
991
259651835
991
259651845
991
259651855
991
259651865
991
259651875
991
259651885
991
259651895
991
259651905
991
259651915
991
259651925
991
259651935
991
259651945
991
259651955
991
259651965
991
259651975
991
259651985
991
259651995
991
259652005
991
259652015
991
259652025
991
259652035
991
259652045
991
259652055
991
259652065
991
259652075
991
259652085
991
259652095
991
259652105
991
259652115
991
259652125
991
259652135
991
259652145
991
259652155
991
259652165
991
259652175
991
259652185
991
259652195
991
259652205
991
259652215
991
259652225
991
259652235
991
259652245
991
259652255
991
259652265
991
259652275
991
259652285
991
259652295
991
259652305
991
259652315
991
259652325
991
259652335
991
259652345
991
259652355
991
259652365
991
259652375
991
259652385
991
259652395
991
259652405
991
259652415
991
259652425
991
259652435
991
259652445
991
259652455
991
259652465
991
259652475
991
259652485
991
259652495
991
259652505
991
259652515
991
259652525
991
259652535
991
259652545
991
259652555
991
259652565
991
259652575
991
259652585
991
259652595
991
259652605
991
259652615
991
259652625
991
259652635
991
259652645
991
259652655
991
259652665
991
259652675
991
259652685
991
259652695
991
259652705
991
259652715
991
259652725
991
259652735
991
259652745
991
259652755
991
259652765
991
259652775
991
259652785
991
259652795
991
259652805
991
259652815
991
259652825
991
259652835
991
259652845
991
259652855
991
259652865
991
259652875
991
259652885
991
259652895
991
259652905
991
259652915
991
259652925
991
259652935
991
259652945
991
259652955
991
259652965
991
259652975
991
259652985
991
259652995
991
259653005
991
259653015
991
259653025
991
259653035
991
259653045
991
259653055
991
259653065
991
259653075
991
259653085
991
259653095
991
259653105
991
259653115
991
259653125
991
259653135
991
259653145
991
259653155
991
259653165
991
259653175
991
259653185
991
259653195
991
259653205
991
259653215
991
259653225
991
259653235
991
259653245
991
259653255
991
259653265
991
259653275
991
259653285
991
259653295
991
259653305
991
259653315
991
259653325
991
259653335
991
259653345
991
259653355
991
259653365
991
259653375
991
259653385
991
259653395
991
259653405
991
259653415
991
259653425
991
259653435
991
259653445
991
259653455
991
259653465
991
259653475
991
259653485
991
259653495
991
259653505
991
259653515
991
259653525
991
259653535
991
259653545
991
259653555
991
259653565
991
259653575
991
259653585
991
259653595
991
259653605
991
259653615
991
259653625
991
259559425
991
259559435
991
259559445
991
259559455
991
259559465
991
259559475
991
259559485
991
259559495
991
259559505
991
259559515
991
259559525
991
259559535
991
259559545
991
259559555
991
259559565
991
259559575
991
259559586
991
259559595
991
259559605
991
259559615
991
259559625
991
259559635
991
259559645
991
259559655
991
259559665
991
259559675
991
259559685
991
259559695
991
259559705
991
259559715
991
259559725
991
259559735
991
259559745
991
259559755
991
259559765
991
259559775
991
259559785
991
259559795
991
259559805
991
259559815
991
259559825
991
259559835
991
259559845
991
259559855
991
259559865
991
259559875
991
259559885
991
259559895
991
259559905
991
259559915
991
259559925
991
259559935
991
259559945
991
259559955
991
259559965
991
259559975
991
259559985
991
259559995
991
259560005
991
259560015
991
259560025
991
259560035
991
259560045
991
259560055
991
259560065
991
259560075
991
259560085
991
259560095
991
259560105
991
259560115
991
259560125
991
259560135
991
259560145
991
259560155
991
259560165
991
259560175
991
259560185
991
259560195
991
259560205
991
259560215
991
259560225
991
259560235
991
259560245
991
259560255
991
259560265
991
259560275
991
259560285
991
259560295
991
259560305
991
259560315
991
259560325
991
259560335
991
259560345
991
259560355
991
259560365
991
259560375
991
259560385
991
259560395
991
259560405
991
259560415
991
259560425
991
259560435
991
259560445
991
259560455
991
259560465
991
259560475
991
259560485
991
259560495
991
259560505
991
259560515
991
259560525
991
259560535
991
259560545
991
259560555
991
259560565
991
259560575
991
259560585
991
259560595
991
259560605
991
259560615
991
259560625
991
259560635
991
259560645
991
259560655
991
259560665
991
259560675
991
259560685
991
259560695
991
259560705
991
259560715
991
259560725
991
259560735
991
259560745
991
259560755
991
259560765
991
259560775
991
259560785
991
259560795
991
259560805
991
259560815
991
259560825
991
259560835
991
259560845
991
259560855
991
259560865
991
259560875
991
259560885
991
259560895
991
259560905
991
259560915
991
259560925
991
259560935
991
259560945
991
259560955
991
259560965
991
259560975
991
259560985
991
259560995
991
259561005
991
259561015
991
259561025
991
259561035
991
259561045
991
259561055
991
259561065
991
259561075
991
259561085
991
259561095
991
259561105
991
259561115
991
259561125
991
259561135
991
259561145
991
259561155
991
259561165
991
259561175
991
259561185
991
259561195
991
259561205
991
259561215
991
259561225
991
259561235
991
259561245
991
259561255
991
259561265
991
259561275
991
259561285
991
259561295
991
259561305
991
259561315
991
259561325
991
259561335
991
259561345
991
259561355
991
259561365
991
259561375
991
259561385
991
259561395
991
259561405
991
259561415
991
259561425
991
259561435
991
259561445
991
259561455
991
259561465
991
259561475
991
259561485
991
259561495
991
259561505
991
259561515
991
259561525
991
259561535
991
259561545
991
259561555
991
259561565
991
259561575
991
259561585
991
259561595
991
259561605
991
259561615
991
259561625
991
259561635
991
259561645
991
259561655
991
259561665
991
259561675
991
259561685
991
259561695
991
259561705
991
259561715
991
259561725
991
259561735
991
259561745
991
259561755
991
259561765
991
259561775
991
259561785
991
259561795
991
259561805
991
259561815
991
259561825
991
259561835
991
259561845
991
259561855
991
259561865
991
259561875
991
259561885
991
259561895
991
259561905
991
259561915
991
259561925
991
259561935
991
259561945
991
259561955
991
259561965
991
259561975
991
259561985
991
259561995
991
259562005
991
259562015
991
259562025
991
259562035
991
259562045
991
259562055
991
259562065
991
259562075
991
259562085
991
259562095
991
259562105
991
259562115
991
259562125
991
259562135
991
259562145
991
259562155
991
259562165
991
259562175
991
259562185
991
259562195
991
259562205
991
259562215
991
259562225
991
259562235
991
259562245
991
259562255
991
259562265
991
259562275
991
259562285
991
259562295
991
259562305
991
259562315
991
259562325
991
259562335
991
259562345
991
259562355
991
259562365
991
259562375
991
259562385
991
259562395
991
259562405
991
259562415
991
259562425
991
259562435
991
259562445
991
259562455
991
259562465
991
259562475
991
259562485
991
259562495
991
259562505
991
259562515
991
259562525
991
259562535
991
259562545
991
259562555
991
259562565
991
259562575
991
259562585
991
259562595
991
259562605
991
259562615
991
259562625
991
259562635
991
259562645
991
259562655
991
259562665
991
259562675
991
259562685
991
259562695
991
259562705
991
259562715
991
259562725
991
259562735
991
259562745
991
259562755
991
259562765
991
259562775
991
259562785
991
259562795
991
259562805
991
259562815
991
259562825
991
259562835
991
259562845
991
259562855
991
259562865
991
259562875
991
259562885
991
259562895
991
259562905
991
259562915
991
259562925
991
259562935
991
259562945
991
259562955
991
259562965
991
259562975
991
259562985
991
259562995
991
259563005
991
259563015
991
259563025
991
259563035
991
259563045
991
259563055
991
259563065
991
259563075
991
259563085
991
259563095
991
259563105
991
259563115
991
259563125
991
259563135
991
259563145
991
259563155
991
259563165
991
259563175
991
259563185
991
259563195
991
259563205
991
259563215
991
259563225
991
259563235
991
259563245
991
259563255
991
259563265
991
259563275
991
259563285
991
259563295
991
259563305
991
259563315
991
259563325
991
259563335
991
259563345
991
259563355
991
259563365
991
259563375
991
259563385
991
259563395
991
259563405
991
259563415
991
259563425
991
259563435
991
259563445
991
259563455
991
259563465
991
259563475
991
259563485
991
259563495
991
259563505
991
259563515
991
259579907
991
259579917
991
259579927
991
259579937
991
259579947
991
259579957
991
259579967
991
259579977
991
259579987
991
259579997
991
259580007
991
259580017
991
259580027
991
259580037
991
259580047
991
259580057
991
259580067
991
259580077
991
259580087
991
259580097
991
259580107
991
259580117
991
259580127
991
259580137
991
259580147
991
259580157
991
259580167
991
259580177
991
259580187
991
259580197
991
259580207
991
259580217
991
259580227
991
259580237
991
259580247
991
259580257
991
259580267
991
259580277
991
259580287
991
259580297
991
259580307
991
259580317
991
259580327
991
259580337
991
259580347
991
259580357
991
259580367
991
259580377
991
259580387
991
259580397
991
259580407
991
259580417
991
259580427
991
259580437
991
259580447
991
259580457
991
259580467
991
259580477
991
259580487
991
259580497
991
259580507
991
259580517
991
259580527
991
259580537
991
259580547
991
259580557
991
259580567
991
259580577
991
259580587
991
259580597
991
259580607
991
259580617
991
259580627
991
259580637
991
259580647
991
259580657
991
259580667
991
259580677
991
259580687
991
259580697
991
259580707
991
259580717
991
259580727
991
259580737
991
259580747
991
259580757
991
259580767
991
259580777
991
259580787
991
259580797
991
259580807
991
259580817
991
259580827
991
259580837
991
259580847
991
259580857
991
259580867
991
259580877
991
259580887
991
259580897
991
259580907
991
259580917
991
259580927
991
259580937
991
259580947
991
259580957
991
259580967
991
259580977
991
259580987
991
259580997
991
259581007
991
259581017
991
259581027
991
259581037
991
259581047
991
259581057
991
259581067
991
259581077
991
259581087
991
259581097
991
259581107
991
259581117
991
259581127
991
259581137
991
259581147
991
259581157
991
259581167
991
259581177
991
259581187
991
259581197
991
259581207
991
259581217
991
259581227
991
259581237
991
259581247
991
259581257
991
259581267
991
259581277
991
259581287
991
259581297
991
259581307
991
259581317
991
259581327
991
259581337
991
259581347
991
259581357
991
259581367
991
259581377
991
259581387
991
259581397
991
259581407
991
259581417
991
259581427
991
259581437
991
259581447
991
259581457
991
259581467
991
259581477
991
259581487
991
259581497
991
259581507
991
259581517
991
259581527
991
259581537
991
259581547
991
259581557
991
259581567
991
259581577
991
259581587
991
259581597
991
259581607
991
259581617
991
259581627
991
259581637
991
259581647
991
259581657
991
259581667
991
259581677
991
259581687
991
259581697
991
259581707
991
259581717
991
259581727
991
259581737
991
259581747
991
259581757
991
259581767
991
259581777
991
259581787
991
259581797
991
259581807
991
259581817
991
259581827
991
259581837
991
259581847
991
259581857
991
259581867
991
259581877
991
259581887
991
259581897
991
259581907
991
259581917
991
259581927
991
259581937
991
259581947
991
259581957
991
259581967
991
259581977
991
259581987
991
259581997
991
259582007
991
259582017
991
259582027
991
259582037
991
259582047
991
259582057
991
259582067
991
259582077
991
259582087
991
259582097
991
259582107
991
259582117
991
259582127
991
259582137
991
259582147
991
259582157
991
259582167
991
259582177
991
259582187
991
259582197
991
259582207
991
259582217
991
259582227
991
259582237
991
259582247
991
259582257
991
259582267
991
259582277
991
259582287
991
259582297
991
259582307
991
259582317
991
259582327
991
259582337
991
259582347
991
259582357
991
259582367
991
259582377
991
259582387
991
259582397
991
259582407
991
259582417
991
259582427
991
259582437
991
259582447
991
259582457
991
259582467
991
259582477
991
259582487
991
259582497
991
259582507
991
259582517
991
259582527
991
259582537
991
259582547
991
259582557
991
259582567
991
259582577
991
259582587
991
259582597
991
259582607
991
259582617
991
259582627
991
259582637
991
259582647
991
259582657
991
259582667
991
259582677
991
259582687
991
259582697
991
259582707
991
259582717
991
259582727
991
259582737
991
259582747
991
259582757
991
259582767
991
259582777
991
259582787
991
259582797
991
259582807
991
259582817
991
259582827
991
259582837
991
259582847
991
259582857
991
259582867
991
259582877
991
259582887
991
259582897
991
259582907
991
259582917
991
259582927
991
259582937
991
259582947
991
259582957
991
259582967
991
259582977
991
259582987
991
259582997
991
259583007
991
259583017
991
259583027
991
259583037
991
259583047
991
259583057
991
259583067
991
259583077
991
259583087
991
259583097
991
259583107
991
259583117
991
259583127
991
259583137
991
259583147
991
259583157
991
259583167
991
259583177
991
259583187
991
259583197
991
259583207
991
259583217
991
259583227
991
259583237
991
259583247
991
259583257
991
259583267
991
259583277
991
259583287
991
259583297
991
259583307
991
259583317
991
259583327
991
259583337
991
259583347
991
259583357
991
259583367
991
259583377
991
259583387
991
259583397
991
259583407
991
259583417
991
259583427
991
259583437
991
259583447
991
259583457
991
259583467
991
259583477
991
259583487
991
259583497
991
259583507
991
259583517
991
259583527
991
259583537
991
259583547
991
259583557
991
259583567
991
259583577
991
259583587
991
259583597
991
259583607
991
259583617
991
259583627
991
259583637
991
259583647
991
259583657
991
259583667
991
259583677
991
259583687
991
259583697
991
259583707
991
259583717
991
259583727
991
259583737
991
259583747
991
259583757
991
259583767
991
259583777
991
259583787
991
259583797
991
259583807
991
259583817
991
259583827
991
259583837
991
259583847
991
259583857
991
259583867
991
259583877
991
259583887
991
259583897
991
259583907
991
259583917
991
259583927
991
259583937
991
259583947
991
259583957
991
259583967
991
259583977
991
259583987
991
259583997
991
259686409
991
259686419
991
259686429
991
259686439
991
259686449
991
259686459
991
259686469
991
259686479
991
259686489
991
259686499
991
259686509
991
259686519
991
259686529
991
259686539
991
259686549
991
259686559
991
259686569
991
259686579
991
259686589
991
259686599
991
259686609
991
259686619
991
259686629
991
259686639
991
259686649
991
259686659
991
259686669
991
259686679
991
259686689
991
259686699
991
259686709
991
259686719
991
259686729
991
259686739
991
259686749
991
259686759
991
259686769
991
259686779
991
259686789
991
259686799
991
259686809
991
259686819
991
259686829
991
259686839
991
259686849
991
259686859
991
259686869
991
259686879
991
259686889
991
259686899
991
259686909
991
259686919
991
259686929
991
259686939
991
259686949
991
259686959
991
259686969
991
259686979
991
259686989
991
259686999
991
259687009
991
259687019
991
259687029
991
259687039
991
259687049
991
259687059
991
259687069
991
259687079
991
259687089
991
259687099
991
259687109
991
259687119
991
259687129
991
259687139
991
259687149
991
259687159
991
259687169
991
259687179
991
259687189
991
259687199
991
259687209
991
259687219
991
259687229
991
259687239
991
259687249
991
259687259
991
259687269
991
259687279
991
259687289
991
259687299
991
259687309
991
259687319
991
259687329
991
259687339
991
259687349
991
259687359
991
259687369
991
259687379
991
259687389
991
259687399
991
259687409
991
259687419
991
259687429
991
259687439
991
259687449
991
259687459
991
259687469
991
259687479
991
259687489
991
259687499
991
259687509
991
259687519
991
259687529
991
259687539
991
259687549
991
259687559
991
259687569
991
259687579
991
259687589
991
259687599
991
259687609
991
259687619
991
259687629
991
259687639
991
259687649
991
259687659
991
259687669
991
259687679
991
259687689
991
259687699
991
259687709
991
259687719
991
259687729
991
259687739
991
259687749
991
259687759
991
259687769
991
259687779
991
259687789
991
259687799
991
259687809
991
259687819
991
259687829
991
259687839
991
259687849
991
259687859
991
259687869
991
259687879
991
259687889
991
259687899
991
259687909
991
259687919
991
259687929
991
259687939
991
259687949
991
259687959
991
259687969
991
259687979
991
259687989
991
259687999
991
259688009
991
259688019
991
259688029
991
259688039
991
259688049
991
259688059
991
259688069
991
259688079
991
259688089
991
259688099
991
259688109
991
259688119
991
259688129
991
259688139
991
259688149
991
259688159
991
259688169
991
259688179
991
259688189
991
259688199
991
259688209
991
259688219
991
259688229
991
259688239
991
259688249
991
259688259
991
259688269
991
259688279
991
259688289
991
259688299
991
259688309
991
259688319
991
259688329
991
259688339
991
259688349
991
259688359
991
259688369
991
259688379
991
259688389
991
259688399
991
259688409
991
259688419
991
259688429
991
259688439
991
259688449
991
259688459
991
259688469
991
259688479
991
259688489
991
259688499
991
259688509
991
259688519
991
259688529
991
259688539
991
259688549
991
259688559
991
259688569
991
259688579
991
259688589
991
259688599
991
259688609
991
259688619
991
259688629
991
259688639
991
259688649
991
259688659
991
259688669
991
259688679
991
259688689
991
259688699
991
259688709
991
259688719
991
259688729
991
259688739
991
259688749
991
259688759
991
259688769
991
259688779
991
259688789
991
259688799
991
259688809
991
259688819
991
259688829
991
259688839
991
259688849
991
259688859
991
259688869
991
259688879
991
259688889
991
259688899
991
259688909
991
259688919
991
259688929
991
259688939
991
259688949
991
259688959
991
259688969
991
259688979
991
259688989
991
259688999
991
259689009
991
259689019
991
259689029
991
259689039
991
259689049
991
259689059
991
259689069
991
259689079
991
259689089
991
259689099
991
259689109
991
259689119
991
259689129
991
259689139
991
259689149
991
259689159
991
259689169
991
259689179
991
259689189
991
259689199
991
259689209
991
259689219
991
259689229
991
259689239
991
259689249
991
259689259
991
259689269
991
259689279
991
259689289
991
259689299
991
259689309
991
259689319
991
259689329
991
259689339
991
259689349
991
259689359
991
259689369
991
259689379
991
259689389
991
259689399
991
259689409
991
259689419
991
259689429
991
259689439
991
259689449
991
259689459
991
259689469
991
259689479
991
259689489
991
259689499
991
259689509
991
259689519
991
259689529
991
259689539
991
259689549
991
259689559
991
259689569
991
259689579
991
259689589
991
259689599
991
259689609
991
259689619
991
259689629
991
259689639
991
259689649
991
259689659
991
259689669
991
259689679
991
259689689
991
259689699
991
259689709
991
259689719
991
259689729
991
259689739
991
259689749
991
259689759
991
259689769
991
259689779
991
259689789
991
259689799
991
259689809
991
259689819
991
259689829
991
259689839
991
259689849
991
259689859
991
259689869
991
259689879
991
259689889
991
259689899
991
259689909
991
259689919
991
259689929
991
259689939
991
259689949
991
259689959
991
259689969
991
259689979
991
259689989
991
259689999
991
259690009
991
259690019
991
259690029
991
259690039
991
259690049
991
259690059
991
259690069
991
259690079
991
259690089
991
259690099
991
259690109
991
259690119
991
259690129
991
259690139
991
259690149
991
259690159
991
259690169
991
259690179
991
259690189
991
259690199
991
259690209
991
259690219
991
259690229
991
259690239
991
259690249
991
259690259
991
259690269
991
259690279
991
259690289
991
259690299
991
259690309
991
259690319
991
259690329
991
259690339
991
259690349
991
259690359
991
259690369
991
259690379
991
259690389
991
259690399
991
259690409
991
259690419
991
259690429
991
259690439
991
259690449
991
259690459
991
259690469
991
259690479
991
259690489
991
259526663
991
259526673
991
259526683
991
259526693
991
259526703
991
259526713
991
259526723
991
259526733
991
259526743
991
259526753
991
259526763
991
259526773
991
259526783
991
259526793
991
259526803
991
259526813
991
259526823
991
259526833
991
259526843
991
259526853
991
259526863
991
259526873
991
259526883
991
259526893
991
259526903
991
259526913
991
259526923
991
259526933
991
259526943
991
259526953
991
259526963
991
259526973
991
259526983
991
259526993
991
259527003
991
259527013
991
259527023
991
259527033
991
259527043
991
259527053
991
259527063
991
259527073
991
259527083
991
259527093
991
259527103
991
259527113
991
259527123
991
259527133
991
259527143
991
259527153
991
259527163
991
259527173
991
259527183
991
259527193
991
259527203
991
259527213
991
259527223
991
259527233
991
259527243
991
259527253
991
259527263
991
259527273
991
259527283
991
259527293
991
259527303
991
259527313
991
259527323
991
259527333
991
259527343
991
259527353
991
259527363
991
259527373
991
259527383
991
259527393
991
259527403
991
259527413
991
259527423
991
259527433
991
259527443
991
259527453
991
259527463
991
259527473
991
259527483
991
259527493
991
259527503
991
259527513
991
259527523
991
259527533
991
259527543
991
259527553
991
259527563
991
259527573
991
259527583
991
259527593
991
259527603
991
259527613
991
259527623
991
259527633
991
259527643
991
259527653
991
259527663
991
259527673
991
259527683
991
259527693
991
259527703
991
259527713
991
259527723
991
259527733
991
259527743
991
259527753
991
259527763
991
259527773
991
259527783
991
259527793
991
259527803
991
259527813
991
259527823
991
259527833
991
259527843
991
259527853
991
259527863
991
259527873
991
259527883
991
259527893
991
259527903
991
259527913
991
259527923
991
259527933
991
259527943
991
259527953
991
259527963
991
259527973
991
259527983
991
259527993
991
259528003
991
259528013
991
259528023
991
259528033
991
259528043
991
259528053
991
259528063
991
259528073
991
259528083
991
259528093
991
259528103
991
259528113
991
259528123
991
259528133
991
259528143
991
259528153
991
259528163
991
259528173
991
259528183
991
259528193
991
259528203
991
259528213
991
259528223
991
259528233
991
259528243
991
259528253
991
259528263
991
259528273
991
259528283
991
259528293
991
259528303
991
259528313
991
259528323
991
259528333
991
259528343
991
259528353
991
259528363
991
259528373
991
259528383
991
259528393
991
259528403
991
259528413
991
259528423
991
259528433
991
259528443
991
259528453
991
259528463
991
259528473
991
259528483
991
259528493
991
259528503
991
259528513
991
259528523
991
259528533
991
259528543
991
259528553
991
259528563
991
259528573
991
259528583
991
259528593
991
259528603
991
259528613
991
259528623
991
259528633
991
259528643
991
259528653
991
259528663
991
259528673
991
259528683
991
259528693
991
259528703
991
259528713
991
259528723
991
259528733
991
259528743
991
259528753
991
259528763
991
259528773
991
259528783
991
259528793
991
259528803
991
259528813
991
259528823
991
259528833
991
259528843
991
259528853
991
259528863
991
259528873
991
259528883
991
259528893
991
259528903
991
259528913
991
259528923
991
259528933
991
259528943
991
259528953
991
259528963
991
259528973
991
259528983
991
259528993
991
259529003
991
259529013
991
259529023
991
259529033
991
259529043
991
259529053
991
259529063
991
259529073
991
259529083
991
259529093
991
259529103
991
259529113
991
259529123
991
259529133
991
259529143
991
259529153
991
259529163
991
259529173
991
259529183
991
259529193
991
259529203
991
259529213
991
259529223
991
259529233
991
259529243
991
259529253
991
259529263
991
259529273
991
259529283
991
259529293
991
259529303
991
259529313
991
259529323
991
259529333
991
259529343
991
259529353
991
259529363
991
259529373
991
259529383
991
259529393
991
259529403
991
259529413
991
259529423
991
259529433
991
259529443
991
259529453
991
259529463
991
259529473
991
259529483
991
259529493
991
259529503
991
259529513
991
259529523
991
259529533
991
259529543
991
259529553
991
259529563
991
259529573
991
259529583
991
259529593
991
259529603
991
259529613
991
259529623
991
259529633
991
259529643
991
259529653
991
259529663
991
259529673
991
259529683
991
259529693
991
259529703
991
259529713
991
259529723
991
259529733
991
259529743
991
259529753
991
259529763
991
259529773
991
259529783
991
259529793
991
259529803
991
259529813
991
259529823
991
259529833
991
259529843
991
259529853
991
259529863
991
259529873
991
259529883
991
259529893
991
259529903
991
259529913
991
259529923
991
259529933
991
259529943
991
259529953
991
259529963
991
259529973
991
259529983
991
259529993
991
259530003
991
259530013
991
259530023
991
259530033
991
259530043
991
259530053
991
259530063
991
259530073
991
259530083
991
259530093
991
259530103
991
259530113
991
259530123
991
259530133
991
259530143
991
259530153
991
259530163
991
259530173
991
259530183
991
259530193
991
259530203
991
259530213
991
259530223
991
259530233
991
259530243
991
259530253
991
259530263
991
259530273
991
259530283
991
259530293
991
259530303
991
259530313
991
259530323
991
259530333
991
259530343
991
259530353
991
259530363
991
259530373
991
259530383
991
259530393
991
259530403
991
259530413
991
259530423
991
259530433
991
259530443
991
259530453
991
259530463
991
259530473
991
259530483
991
259530493
991
259530503
991
259530513
991
259530523
991
259530533
991
259530543
991
259530553
991
259530563
991
259530573
991
259530583
991
259530593
991
259530603
991
259530613
991
259530623
991
259530633
991
259530643
991
259530653
991
259530663
991
259530673
991
259530683
991
259530693
991
259530703
991
259530713
991
259530723
991
259530733
991
259530743
991
259592193
991
259592203
991
259592213
991
259592223
991
259592233
991
259592243
991
259592253
991
259592263
991
259592273
991
259592283
991
259592293
991
259592303
991
259592313
991
259592323
991
259592333
991
259592343
991
259592353
991
259592363
991
259592373
991
259592383
991
259592393
991
259592403
991
259592413
991
259592423
991
259592433
991
259592443
991
259592453
991
259592463
991
259592473
991
259592483
991
259592493
991
259592503
991
259592513
991
259592523
991
259592533
991
259592543
991
259592553
991
259592563
991
259592573
991
259592583
991
259592593
991
259592603
991
259592613
991
259592623
991
259592633
991
259592643
991
259592653
991
259592663
991
259592673
991
259592683
991
259592693
991
259592703
991
259592713
991
259592723
991
259592733
991
259592743
991
259592753
991
259592763
991
259592773
991
259592783
991
259592793
991
259592803
991
259592813
991
259592823
991
259592833
991
259592843
991
259592853
991
259592863
991
259592873
991
259592883
991
259592893
991
259592903
991
259592913
991
259592923
991
259592933
991
259592943
991
259592953
991
259592963
991
259592973
991
259592983
991
259592993
991
259593003
991
259593013
991
259593023
991
259593033
991
259593043
991
259593053
991
259593063
991
259593073
991
259593083
991
259593093
991
259593103
991
259593113
991
259593123
991
259593133
991
259593143
991
259593153
991
259593163
991
259593173
991
259593183
991
259593193
991
259593203
991
259593213
991
259593223
991
259593233
991
259593243
991
259593253
991
259593263
991
259593273
991
259593283
991
259593293
991
259593303
991
259593313
991
259593323
991
259593333
991
259593343
991
259593353
991
259593363
991
259593373
991
259593383
991
259593393
991
259593403
991
259593413
991
259593423
991
259593433
991
259593443
991
259593453
991
259593463
991
259593473
991
259593483
991
259593493
991
259593503
991
259593513
991
259593523
991
259593533
991
259593543
991
259593553
991
259593563
991
259593573
991
259593583
991
259593593
991
259593603
991
259593613
991
259593623
991
259593633
991
259593643
991
259593653
991
259593663
991
259593673
991
259593683
991
259593693
991
259593703
991
259593713
991
259593723
991
259593733
991
259593743
991
259593753
991
259593763
991
259593773
991
259593783
991
259593793
991
259593803
991
259593813
991
259593823
991
259593833
991
259593843
991
259593853
991
259593863
991
259593873
991
259593883
991
259593893
991
259593903
991
259593913
991
259593923
991
259593933
991
259593943
991
259593953
991
259593963
991
259593973
991
259593983
991
259593993
991
259594003
991
259594013
991
259594023
991
259594033
991
259594043
991
259594053
991
259594063
991
259594073
991
259594083
991
259594093
991
259594103
991
259594113
991
259594123
991
259594133
991
259594143
991
259594153
991
259594163
991
259594173
991
259594183
991
259594193
991
259594203
991
259594213
991
259594223
991
259594233
991
259594243
991
259594253
991
259594263
991
259594273
991
259594283
991
259594293
991
259594303
991
259594313
991
259594323
991
259594333
991
259594343
991
259594353
991
259594363
991
259594373
991
259594383
991
259594393
991
259594403
991
259594413
991
259594423
991
259594433
991
259594443
991
259594453
991
259594463
991
259594473
991
259594483
991
259594493
991
259594503
991
259594513
991
259594523
991
259594533
991
259594543
991
259594553
991
259594563
991
259594573
991
259594583
991
259594593
991
259594603
991
259594613
991
259594623
991
259594633
991
259594643
991
259594653
991
259594663
991
259594673
991
259594683
991
259594693
991
259594703
991
259594713
991
259594723
991
259594733
991
259594743
991
259594753
991
259594763
991
259594773
991
259594783
991
259594793
991
259594803
991
259594813
991
259594823
991
259594833
991
259594843
991
259594853
991
259594863
991
259594873
991
259594883
991
259594893
991
259594903
991
259594913
991
259594923
991
259594933
991
259594943
991
259594953
991
259594963
991
259594973
991
259594983
991
259594993
991
259595003
991
259595013
991
259595023
991
259595033
991
259595043
991
259595053
991
259595063
991
259595073
991
259595083
991
259595093
991
259595103
991
259595113
991
259595123
991
259595133
991
259595143
991
259595153
991
259595163
991
259595173
991
259595183
991
259595193
991
259595203
991
259595213
991
259595223
991
259595233
991
259595243
991
259595253
991
259595263
991
259595273
991
259595283
991
259595293
991
259595303
991
259595313
991
259595323
991
259595333
991
259595343
991
259595353
991
259595363
991
259595373
991
259595383
991
259595393
991
259595403
991
259595413
991
259595423
991
259595433
991
259595443
991
259595453
991
259595463
991
259595473
991
259595483
991
259595493
991
259595503
991
259595513
991
259595523
991
259595533
991
259595543
991
259595553
991
259595563
991
259595573
991
259595583
991
259595593
991
259595603
991
259595613
991
259595623
991
259595633
991
259595643
991
259595653
991
259595663
991
259595673
991
259595683
991
259595693
991
259595703
991
259595713
991
259595723
991
259595733
991
259595743
991
259595753
991
259595763
991
259595773
991
259595783
991
259595793
991
259595803
991
259595813
991
259595823
991
259595833
991
259595843
991
259595853
991
259595863
991
259595873
991
259595883
991
259595893
991
259595903
991
259595913
991
259595923
991
259595933
991
259595943
991
259595953
991
259595963
991
259595973
991
259595983
991
259595993
991
259596003
991
259596013
991
259596023
991
259596033
991
259596043
991
259596053
991
259596063
991
259596073
991
259596083
991
259596093
991
259596103
991
259596113
991
259596123
991
259596133
991
259596143
991
259596153
991
259596163
991
259596173
991
259596183
991
259596193
991
259596203
991
259596213
991
259596223
991
259596233
991
259596243
991
259596253
991
259596263
991
259596273
991
259596283
991
259764225
991
259764235
991
259764245
991
259764255
991
259764265
991
259764275
991
259764285
991
259764295
991
259764305
991
259764315
991
259764325
991
259764335
991
259764345
991
259764355
991
259764365
991
259764375
991
259764385
991
259764395
991
259764405
991
259764415
991
259764425
991
259764435
991
259764445
991
259764455
991
259764465
991
259764475
991
259764485
991
259764495
991
259764505
991
259764515
991
259764525
991
259764535
991
259764545
991
259764555
991
259764565
991
259764575
991
259764585
991
259764595
991
259764605
991
259764615
991
259764625
991
259764635
991
259764645
991
259764655
991
259764665
991
259764675
991
259764685
991
259764695
991
259764705
991
259764715
991
259764725
991
259764735
991
259764745
991
259764755
991
259764765
991
259764775
991
259764785
991
259764795
991
259764805
991
259764815
991
259764825
991
259764835
991
259764845
991
259764855
991
259764865
991
259764875
991
259764885
991
259764895
991
259764905
991
259764915
991
259764925
991
259764935
991
259764945
991
259764955
991
259764965
991
259764975
991
259764985
991
259764995
991
259765005
991
259765015
991
259765025
991
259765035
991
259765045
991
259765055
991
259765065
991
259765075
991
259765085
991
259765095
991
259765105
991
259765115
991
259765125
991
259765135
991
259765145
991
259765155
991
259765165
991
259765175
991
259765185
991
259765195
991
259765205
991
259765215
991
259765225
991
259765235
991
259765245
991
259765255
991
259765265
991
259765275
991
259765285
991
259765295
991
259765305
991
259765315
991
259765325
991
259765335
991
259765345
991
259765355
991
259765365
991
259765375
991
259765385
991
259765395
991
259765405
991
259765415
991
259765425
991
259765435
991
259765445
991
259765455
991
259765465
991
259765475
991
259765485
991
259765495
991
259765505
991
259765515
991
259765525
991
259765535
991
259765545
991
259765555
991
259765565
991
259765575
991
259765585
991
259765595
991
259765605
991
259765615
991
259765625
991
259765635
991
259765645
991
259765655
991
259765665
991
259765675
991
259765685
991
259765695
991
259765705
991
259765715
991
259765725
991
259765735
991
259765745
991
259765755
991
259765765
991
259765775
991
259765785
991
259765795
991
259765805
991
259765815
991
259765825
991
259765835
991
259765845
991
259765855
991
259765865
991
259765875
991
259765885
991
259765895
991
259765905
991
259765915
991
259765925
991
259765935
991
259765945
991
259765955
991
259765965
991
259765975
991
259765985
991
259765995
991
259766005
991
259766015
991
259766025
991
259766035
991
259766045
991
259766055
991
259766065
991
259766075
991
259766085
991
259766095
991
259766105
991
259766115
991
259766125
991
259766135
991
259766145
991
259766155
991
259766165
991
259766175
991
259766185
991
259766195
991
259766205
991
259766215
991
259766225
991
259766235
991
259766245
991
259766255
991
259766265
991
259766275
991
259766285
991
259766295
991
259766305
991
259766315
991
259766325
991
259766335
991
259766345
991
259766355
991
259766365
991
259766375
991
259766385
991
259766395
991
259766405
991
259766415
991
259766425
991
259766435
991
259766445
991
259766455
991
259766465
991
259766475
991
259766485
991
259766495
991
259766505
991
259766515
991
259766525
991
259766535
991
259766545
991
259766555
991
259766565
991
259766575
991
259766585
991
259766595
991
259766605
991
259766615
991
259766625
991
259766635
991
259766645
991
259766655
991
259766665
991
259766675
991
259766685
991
259766695
991
259766705
991
259766715
991
259766725
991
259766735
991
259766745
991
259766755
991
259766765
991
259766775
991
259766785
991
259766795
991
259766805
991
259766815
991
259766825
991
259766835
991
259766845
991
259766855
991
259766865
991
259766875
991
259766885
991
259766895
991
259766905
991
259766925
991
259766915
991
259766935
991
259766945
991
259766955
991
259766965
991
259766975
991
259766985
991
259766995
991
259767005
991
259767015
991
259767025
991
259767035
991
259767045
991
259767055
991
259767065
991
259767075
991
259767085
991
259767095
991
259767105
991
259767115
991
259767125
991
259767135
991
259767145
991
259767155
991
259767165
991
259767175
991
259767185
991
259767195
991
259767205
991
259767215
991
259767225
991
259767235
991
259767245
991
259767255
991
259767265
991
259767275
991
259767285
991
259767295
991
259767305
991
259767315
991
259767325
991
259767335
991
259767345
991
259767355
991
259767365
991
259767375
991
259767385
991
259767395
991
259767405
991
259767415
991
259767425
991
259767435
991
259767445
991
259767455
991
259767465
991
259767475
991
259767485
991
259767495
991
259767505
991
259767515
991
259767525
991
259767535
991
259767545
991
259767555
991
259767565
991
259767575
991
259767585
991
259767595
991
259767605
991
259767615
991
259767625
991
259767635
991
259767645
991
259767655
991
259767665
991
259767675
991
259767685
991
259767695
991
259767705
991
259767715
991
259767725
991
259767735
991
259767745
991
259767755
991
259767765
991
259767775
991
259767785
991
259767795
991
259767805
991
259767815
991
259767825
991
259767835
991
259767845
991
259767855
991
259767865
991
259767875
991
259767885
991
259767895
991
259767905
991
259767915
991
259767925
991
259767935
991
259767945
991
259767955
991
259767965
991
259767975
991
259767985
991
259767995
991
259768005
991
259768015
991
259768025
991
259768035
991
259768045
991
259768055
991
259768065
991
259768075
991
259768085
991
259768095
991
259768105
991
259768115
991
259768125
991
259768135
991
259768145
991
259768155
991
259768165
991
259768175
991
259768185
991
259768195
991
259768205
991
259768215
991
259768225
991
259768235
991
259768245
991
259768255
991
259768265
991
259768275
991
259768285
991
259768295
991
259768305
991
259768315
991
259768325
991
259768335
991
259768345
991
259768355
991
259768365
991
259768375
991
259768385
991
259768395
991
259768405
991
259768415
991
259768425
991
259768435
991
259768445
991
259768455
991
259768465
991
259768475
991
259768485
991
259768495
991
259768505
991
259768515
991
259768525
991
259768535
991
259768545
991
259768555
991
259768565
991
259768575
991
259768585
991
259768595
991
259768605
991
259768615
991
259768625
991
259768635
991
259768645
991
259768655
991
259768665
991
259768675
991
259768685
991
259768695
991
259768705
991
259768715
991
259768725
991
259768735
991
259768745
991
259768755
991
259768765
991
259768775
991
259768785
991
259768795
991
259768805
991
259768815
991
259768825
991
259768835
991
259768845
991
259768855
991
259768865
991
259768875
991
259768885
991
259768895
991
259768905
991
259768915
991
259768925
991
259768935
991
259768945
991
259768955
991
259768965
991
259768975
991
259768985
991
259768995
991
259769005
991
259769015
991
259769025
991
259769035
991
259769045
991
259769055
991
259769065
991
259769075
991
259769085
991
259769095
991
259769105
991
259769115
991
259769125
991
259769135
991
259769145
991
259769155
991
259769165
991
259769175
991
259769185
991
259769195
991
259769205
991
259769215
991
259769225
991
259769235
991
259769245
991
259769255
991
259769265
991
259769275
991
259769285
991
259769295
991
259769305
991
259769315
991
259769325
991
259769335
991
259769345
991
259769355
991
259769365
991
259769375
991
259769385
991
259769395
991
259769405
991
259769415
991
259769425
991
259769435
991
259769445
991
259769455
991
259769465
991
259769475
991
259769485
991
259769495
991
259769505
991
259769515
991
259769525
991
259769535
991
259769545
991
259769555
991
259769565
991
259769575
991
259769585
991
259769595
991
259769605
991
259769615
991
259769625
991
259769635
991
259769645
991
259769655
991
259769665
991
259769675
991
259769685
991
259769695
991
259769705
991
259769715
991
259769725
991
259769735
991
259769745
991
259769755
991
259769765
991
259769775
991
259769785
991
259769795
991
259769805
991
259769815
991
259769825
991
259769835
991
259769845
991
259769855
991
259769865
991
259769875
991
259769885
991
259769895
991
259769905
991
259769915
991
259769925
991
259769935
991
259769945
991
259769955
991
259769965
991
259769975
991
259769985
991
259769995
991
259770005
991
259770015
991
259770025
991
259770035
991
259770045
991
259770055
991
259770065
991
259770075
991
259770085
991
259770095
991
259770105
991
259770115
991
259770125
991
259770135
991
259770144
991
259770155
991
259770165
991
259770175
991
259770185
991
259770195
991
259770205
991
259770215
991
259770225
991
259770235
991
259770245
991
259770255
991
259770265
991
259770275
991
259770285
991
259770295
991
259770305
991
259770315
991
259770325
991
259770335
991
259770345
991
259770355
991
259770365
991
259770375
991
259770385
991
259770395
991
259770405
991
259770415
991
259770425
991
259770435
991
259770445
991
259770455
991
259770465
991
259770475
991
259770485
991
259770495
991
259770505
991
259770515
991
259770525
991
259770535
991
259770545
991
259770555
991
259770565
991
259770575
991
259770585
991
259770595
991
259770605
991
259770615
991
259770625
991
259770635
991
259770645
991
259770655
991
259770665
991
259770675
991
259770685
991
259770695
991
259770705
991
259770715
991
259770725
991
259770735
991
259770745
991
259770755
991
259770765
991
259770775
991
259770785
991
259770795
991
259770805
991
259770815
991
259770825
991
259770835
991
259770845
991
259770855
991
259770865
991
259770875
991
259770885
991
259770895
991
259770905
991
259770915
991
259770925
991
259770935
991
259770945
991
259770955
991
259770965
991
259770975
991
259770985
991
259770995
991
259771005
991
259771015
991
259771025
991
259771035
991
259771045
991
259771055
991
259771065
991
259771075
991
259771085
991
259771095
991
259771105
991
259771115
991
259771125
991
259771135
991
259771145
991
259771155
991
259771165
991
259771175
991
259771185
991
259771195
991
259771205
991
259771215
991
259771225
991
259771235
991
259771245
991
259771255
991
259771265
991
259771275
991
259771285
991
259771295
991
259771305
991
259771315
991
259771325
991
259771335
991
259771345
991
259771355
991
259771365
991
259771375
991
259771385
991
259771395
991
259771405
991
259771415
991
259771425
991
259771435
991
259771445
991
259771455
991
259771465
991
259771475
991
259771485
991
259771495
991
259771505
991
259771515
991
259771525
991
259771535
991
259771545
991
259771555
991
259771565
991
259771575
991
259771585
991
259771595
991
259771605
991
259771615
991
259771625
991
259771635
991
259771645
991
259771655
991
259771665
991
259771675
991
259771685
991
259771695
991
259771705
991
259771715
991
259771725
991
259771735
991
259771745
991
259771755
991
259771765
991
259771775
991
259771785
991
259771795
991
259771805
991
259771815
991
259771825
991
259771835
991
259771845
991
259771855
991
259771865
991
259771875
991
259771885
991
259771895
991
259771905
991
259771915
991
259771925
991
259771935
991
259771945
991
259771955
991
259771965
991
259771975
991
259771985
991
259771995
991
259772005
991
259772015
991
259772025
991
259772035
991
259772045
991
259772055
991
259772065
991
259772075
991
259772085
991
259772095
991
259772105
991
259772115
991
259772125
991
259772135
991
259772145
991
259772155
991
259772165
991
259772175
991
259772185
991
259772195
991
259772205
991
259772215
991
259772225
991
259772235
991
259772245
991
259772255
991
259772265
991
259772275
991
259772285
991
259772295
991
259772305
991
259772315
991
259772325
991
259772335
991
259772345
991
259772355
991
259772365
991
259772375
991
259772385
991
259772395
991
259772405
991
259772415
991
259780617
991
259780627
991
259780637
991
259780647
991
259780657
991
259780667
991
259780677
991
259780687
991
259780697
991
259780707
991
259780717
991
259780727
991
259780737
991
259780747
991
259780757
991
259780767
991
259780777
991
259780787
991
259780797
991
259780807
991
259780817
991
259780827
991
259780837
991
259780847
991
259780857
991
259780867
991
259780877
991
259780887
991
259780897
991
259780907
991
259780917
991
259780927
991
259780937
991
259780947
991
259780957
991
259780967
991
259780977
991
259780987
991
259780997
991
259781007
991
259781017
991
259781027
991
259781037
991
259781047
991
259781057
991
259781067
991
259781077
991
259781087
991
259781097
991
259781107
991
259781117
991
259781127
991
259781137
991
259781147
991
259781157
991
259781167
991
259781177
991
259781187
991
259781197
991
259781207
991
259781217
991
259781227
991
259781237
991
259781247
991
259781257
991
259781267
991
259781277
991
259781287
991
259781297
991
259781307
991
259781317
991
259781327
991
259781337
991
259781347
991
259781357
991
259781367
991
259781377
991
259781387
991
259781397
991
259781407
991
259781417
991
259781427
991
259781437
991
259781447
991
259781457
991
259781467
991
259781477
991
259781487
991
259781497
991
259781507
991
259781517
991
259781527
991
259781537
991
259781547
991
259781557
991
259781567
991
259781577
991
259781587
991
259781597
991
259781607
991
259781617
991
259781627
991
259781637
991
259781647
991
259781657
991
259781667
991
259781677
991
259781687
991
259781697
991
259781707
991
259781717
991
259781727
991
259781737
991
259781747
991
259781757
991
259781767
991
259781777
991
259781787
991
259781797
991
259781807
991
259781817
991
259781827
991
259781837
991
259781847
991
259781857
991
259781867
991
259781877
991
259781887
991
259781897
991
259781907
991
259781917
991
259781927
991
259781937
991
259781947
991
259781957
991
259781967
991
259781977
991
259781987
991
259781997
991
259782007
991
259782017
991
259782027
991
259782037
991
259782047
991
259782057
991
259782067
991
259782077
991
259782087
991
259782097
991
259782107
991
259782117
991
259782127
991
259782137
991
259782147
991
259782157
991
259782167
991
259782177
991
259782187
991
259782197
991
259782207
991
259782217
991
259782227
991
259782237
991
259782247
991
259782257
991
259782267
991
259782277
991
259782287
991
259782297
991
259782307
991
259782317
991
259782327
991
259782337
991
259782347
991
259782357
991
259782367
991
259782377
991
259782387
991
259782397
991
259782407
991
259782417
991
259782427
991
259782437
991
259782447
991
259782457
991
259782467
991
259782477
991
259782487
991
259782497
991
259782507
991
259782517
991
259782527
991
259782537
991
259782547
991
259782557
991
259782567
991
259782577
991
259782587
991
259782597
991
259782607
991
259782617
991
259782627
991
259782637
991
259782647
991
259782657
991
259782667
991
259782677
991
259782687
991
259782697
991
259782707
991
259782717
991
259782727
991
259782737
991
259782747
991
259782757
991
259782767
991
259782777
991
259782787
991
259782797
991
259782807
991
259782817
991
259782827
991
259782837
991
259782847
991
259782857
991
259782867
991
259782877
991
259782887
991
259782897
991
259782907
991
259782917
991
259782927
991
259782937
991
259782947
991
259782957
991
259782967
991
259782977
991
259782987
991
259782997
991
259783007
991
259783017
991
259783027
991
259783037
991
259783047
991
259783057
991
259783067
991
259783077
991
259783087
991
259783097
991
259783107
991
259783117
991
259783127
991
259783137
991
259783147
991
259783157
991
259783167
991
259783177
991
259783187
991
259783197
991
259783207
991
259783217
991
259783227
991
259783237
991
259783247
991
259783257
991
259783267
991
259783277
991
259783287
991
259783297
991
259783307
991
259783317
991
259783327
991
259783337
991
259783347
991
259783357
991
259783367
991
259783377
991
259783387
991
259783397
991
259783407
991
259783417
991
259783427
991
259783437
991
259783447
991
259783457
991
259783467
991
259783477
991
259783487
991
259783497
991
259783507
991
259783517
991
259783527
991
259783537
991
259783547
991
259783557
991
259783567
991
259783577
991
259783587
991
259783597
991
259783607
991
259783617
991
259783627
991
259783637
991
259783647
991
259783657
991
259783667
991
259783677
991
259783687
991
259783697
991
259783707
991
259783717
991
259783727
991
259783737
991
259783747
991
259783757
991
259783767
991
259783777
991
259783787
991
259783797
991
259783807
991
259783817
991
259783827
991
259783837
991
259783847
991
259783857
991
259783867
991
259783877
991
259783887
991
259783897
991
259783907
991
259783917
991
259783927
991
259783937
991
259783947
991
259783957
991
259783967
991
259783977
991
259783987
991
259783997
991
259784007
991
259784017
991
259784027
991
259784037
991
259784047
991
259784057
991
259784067
991
259784077
991
259784087
991
259784097
991
259784107
991
259784117
991
259784127
991
259784137
991
259784147
991
259784157
991
259784167
991
259784177
991
259784187
991
259784197
991
259784207
991
259784217
991
259784227
991
259784237
991
259784247
991
259784257
991
259784267
991
259784277
991
259784287
991
259784297
991
259784307
991
259784317
991
259784327
991
259784337
991
259784347
991
259784357
991
259784367
991
259784377
991
259784387
991
259784397
991
259784407
991
259784417
991
259784427
991
259784437
991
259784447
991
259784457
991
259784467
991
259784477
991
259784487
991
259784497
991
259784507
991
259784517
991
259784527
991
259784537
991
259784547
991
259784557
991
259784567
991
259784577
991
259784587
991
259784597
991
259784607
991
259784617
991
259784627
991
259784637
991
259784647
991
259784657
991
259784667
991
259784677
991
259784687
991
259784697
